timestamp,t,close_xyz_silver,close_lighter_xag,spread_silver,spread_silver_zscore
2025-12-26 00:00:00,1766707200000,73.952,74.2469,-0.2948999999999984,-1.169891016657476
2025-12-26 01:00:00,1766710800000,74.59,74.6757,-0.08570000000000277,-0.5817302237775076
2025-12-26 02:00:00,1766714400000,74.76,74.877,-0.11699999999999022,-0.669729424624238
2025-12-26 03:00:00,1766718000000,74.45,74.482,-0.031999999999996476,-0.430753959065946
2025-12-26 04:00:00,1766721600000,74.52,74.6908,-0.17079999999999984,-0.8209868369423481
2025-12-26 05:00:00,1766725200000,74.889,75.0123,-0.12330000000000041,-0.6874417238362355
2025-12-26 06:00:00,1766728800000,74.693,74.6622,0.030799999999999272,-0.254193262159348
2025-12-26 07:00:00,1766732400000,74.66,74.6781,-0.018100000000004002,-0.3916744417570201
2025-12-26 08:00:00,1766736000000,74.985,74.907,0.07800000000000296,-0.12149159187284105
2025-12-26 09:00:00,1766739600000,74.796,74.7507,0.045300000000011664,-0.21342685921113097
2025-12-26 10:00:00,1766743200000,74.9,74.8618,0.03820000000000334,-0.2333883392754367
2025-12-26 11:00:00,1766746800000,74.33,74.4828,-0.15279999999999916,-0.7703802677652924
2025-12-26 12:00:00,1766750400000,74.231,74.0864,0.14459999999999695,0.06575271408224115
2025-12-26 13:00:00,1766754000000,74.7,74.6609,0.0391000000000048,-0.23085801081657992
2025-12-26 14:00:00,1766757600000,75.2,74.9752,0.2248000000000019,0.2912330945266836
2025-12-26 15:00:00,1766761200000,76.03,76.0739,-0.04389999999999361,-0.4642105242441013
2025-12-26 16:00:00,1766764800000,76.333,76.3569,-0.02389999999999759,-0.40798100293627493
2025-12-26 17:00:00,1766768400000,76.651,76.5061,0.1448999999999927,0.06659615690184675
2025-12-26 18:00:00,1766772000000,77.449,77.3802,0.06879999999999598,-0.14735717167446594
2025-12-26 19:00:00,1766775600000,77.098,77.3432,-0.24519999999999698,-1.0301606562074959
2025-12-26 20:00:00,1766779200000,78.4,78.3676,0.032400000000009754,-0.24969490045469156
2025-12-26 21:00:00,1766782800000,79.2,79.2299,-0.029899999999997817,-0.42484985932862684
2025-12-26 22:00:00,1766786400000,79.201,78.78,0.42099999999999227,0.842844698556543
2025-12-26 23:00:00,1766790000000,79.119,78.7545,0.3645000000000067,0.6839963008619425
2025-12-27 00:00:00,1766793600000,78.641,78.7545,-0.11349999999998772,-0.6598892583953595
2025-12-27 01:00:00,1766797200000,78.302,78.699,-0.39699999999999136,-1.4569427229339669
2025-12-27 02:00:00,1766800800000,78.928,78.699,0.2289999999999992,0.30304129400132196
2025-12-27 03:00:00,1766804400000,78.94,78.6991,0.24089999999999634,0.3364978591794773
2025-12-27 04:00:00,1766808000000,78.937,78.6993,0.2377000000000038,0.3275011357702442
2025-12-27 05:00:00,1766811600000,78.9,78.699,0.20100000000000762,0.22431996417037303
2025-12-27 06:00:00,1766815200000,78.84,78.699,0.14100000000000534,0.05563140024685397
2025-12-27 07:00:00,1766818800000,78.98,78.5,0.480000000000004,1.0087217864146967
2025-12-27 08:00:00,1766822400000,78.96,78.477,0.4829999999999899,1.0171562146108328
2025-12-27 09:00:00,1766826000000,79.11,78.477,0.6329999999999956,1.4388776244196306
2025-12-27 10:00:00,1766829600000,78.92,78.8937,0.026300000000006207,-0.266844904453592
2025-12-27 11:00:00,1766833200000,78.99,78.3105,0.6794999999999902,1.569611261460338
2025-12-27 12:00:00,1766836800000,79.0,78.1603,0.8396999999999935,2.020009727136126
2025-12-27 13:00:00,1766840400000,79.029,79.032,-0.0030000000000001137,-0.3492211531695918
2025-12-27 14:00:00,1766844000000,78.99,79.309,-0.3190000000000026,-1.2376475898334323
2025-12-27 15:00:00,1766847600000,79.0,79.309,-0.3089999999999975,-1.2095328291794991
2025-12-27 16:00:00,1766851200000,78.99,79.2,-0.21000000000000796,-0.9311966987057325
2025-12-27 17:00:00,1766854800000,79.025,79.15,-0.125,-0.6922212331474006
2025-12-27 18:00:00,1766858400000,79.021,79.3095,-0.2884999999999991,-1.15189756983897
2025-12-27 19:00:00,1766862000000,79.04,79.3095,-0.26949999999999363,-1.098479524596509
2025-12-27 20:00:00,1766865600000,79.02,79.3095,-0.28950000000000387,-1.1547090459043754
2025-12-27 21:00:00,1766869200000,79.06,79.3095,-0.2494999999999976,-1.0422500032886826
2025-12-27 22:00:00,1766872800000,79.203,79.15,0.05299999999999727,-0.19177849350765397
2025-12-27 23:00:00,1766876400000,79.203,79.3095,-0.10649999999999693,-0.6402089259376422
2025-12-28 00:00:00,1766880000000,79.51,79.3095,0.20050000000000523,0.2229142261376704
2025-12-28 01:00:00,1766883600000,79.411,79.3095,0.10150000000000148,-0.05542190433613607
2025-12-28 02:00:00,1766887200000,79.402,79.15,0.25199999999999534,0.3677052435053243
2025-12-28 03:00:00,1766890800000,79.994,79.15,0.8439999999999941,2.032099074217313
2025-12-28 04:00:00,1766894400000,80.0,79.3095,0.6905000000000001,1.6005374981796763
2025-12-28 05:00:00,1766898000000,79.824,79.3095,0.5144999999999982,1.1057177106707001
2025-12-28 06:00:00,1766901600000,79.816,79.22,0.5960000000000036,1.3348530100001537
2025-12-28 07:00:00,1766905200000,80.6,79.22,1.3799999999999955,3.539050245267363
2025-12-28 08:00:00,1766908800000,79.99,79.22,0.769999999999996,1.8240498453783192
2025-12-28 09:00:00,1766912400000,80.441,79.15,1.2909999999999968,3.2888288754474897
2025-12-28 10:00:00,1766916000000,80.19,79.3095,0.8804999999999978,2.1347179506041267
2025-12-28 11:00:00,1766919600000,80.8,79.3095,1.4904999999999973,3.8497183504931707
2025-12-28 12:00:00,1766923200000,80.493,79.3095,1.1834999999999951,2.986595198417858
2025-12-28 13:00:00,1766926800000,80.6,79.25,1.3499999999999943,3.4547059633056034
2025-12-28 14:00:00,1766930400000,80.54,79.25,1.2900000000000063,3.2860173993821244
2025-12-28 15:00:00,1766934000000,80.929,79.3095,1.6195000000000022,4.2123987629287365
2025-12-28 16:00:00,1766937600000,81.203,79.3649,1.8380999999999972,4.8269874308233875
2025-12-28 17:00:00,1766941200000,81.5,79.3,2.200000000000003,5.844460618888723
2025-12-28 18:00:00,1766944800000,81.34,79.15,2.1899999999999977,5.81634585823479
2025-12-28 19:00:00,1766948400000,81.308,79.15,2.1580000000000013,5.72637862414226
2025-12-28 20:00:00,1766952000000,81.31,79.15,2.1599999999999966,5.7320015762730305
2025-12-28 21:00:00,1766955600000,80.412,79.4436,0.9684000000000026,2.381846696752086
2025-12-28 22:00:00,1766959200000,81.54,79.4436,2.0964000000000027,5.553191698514125
2025-12-28 23:00:00,1766962800000,81.5,81.7718,-0.27179999999999893,-1.1049459195469253
2025-12-29 00:00:00,1766966400000,77.15,76.7922,0.35780000000001166,0.6651594112238308
2025-12-29 01:00:00,1766970000000,77.314,76.9748,0.33919999999999106,0.612865956407484
2025-12-29 02:00:00,1766973600000,78.02,78.2535,-0.23350000000000648,-0.9972663862424376
2025-12-29 03:00:00,1766977200000,80.299,80.3016,-0.002599999999986835,-0.3480965627433977
2025-12-29 04:00:00,1766980800000,79.88,79.721,0.15899999999999181,0.10623796942386973
2025-12-29 05:00:00,1766984400000,79.193,78.9637,0.22929999999999495,0.3038847368209276
2025-12-29 06:00:00,1766988000000,75.988,75.8301,0.15789999999999793,0.10314534575195587
2025-12-29 07:00:00,1766991600000,76.0,76.1232,-0.12319999999999709,-0.687160576229687
2025-12-29 08:00:00,1766995200000,74.722,74.6464,0.07559999999999434,-0.12823913442980578
2025-12-29 09:00:00,1766998800000,75.643,75.772,-0.1290000000000049,-0.7034671374089818
2025-12-29 10:00:00,1767002400000,75.462,75.5334,-0.07139999999999702,-0.5415261160423875
2025-12-29 11:00:00,1767006000000,73.945,74.2727,-0.3277000000000072,-1.2621074316023544
2025-12-29 12:00:00,1767009600000,75.297,75.3298,-0.03280000000000882,-0.43300313991829426
2025-12-29 13:00:00,1767013200000,73.89,73.7977,0.0922999999999945,-0.08128748413776098
2025-12-29 14:00:00,1767016800000,72.709,72.698,0.01100000000000989,-0.30986048825407736
2025-12-29 15:00:00,1767020400000,71.554,71.4132,0.1407999999999987,0.05506910503375693
2025-12-29 16:00:00,1767024000000,72.58,72.4862,0.09380000000000166,-0.07707027003965301
2025-12-29 17:00:00,1767027600000,71.73,71.5793,0.1507000000000005,0.08290271808114157
2025-12-29 18:00:00,1767031200000,71.791,71.6801,0.11090000000000089,-0.02899402932145408
2025-12-29 19:00:00,1767034800000,72.413,72.3688,0.04420000000000357,-0.21651948288308479
2025-12-29 20:00:00,1767038400000,72.876,72.8355,0.04050000000000864,-0.2269219443250205
2025-12-29 21:00:00,1767042000000,72.35,72.1526,0.19739999999998759,0.21419865033490595
2025-12-29 22:00:00,1767045600000,72.395,71.9026,0.4923999999999893,1.0435840896255146
2025-12-29 23:00:00,1767049200000,72.675,72.5228,0.15219999999999345,0.08711993217920957
2025-12-30 00:00:00,1767052800000,72.657,72.7934,-0.13640000000000896,-0.7242720602928931
2025-12-30 01:00:00,1767056400000,73.647,73.6593,-0.012299999999996203,-0.37536788057772524
2025-12-30 02:00:00,1767060000000,73.921,73.8741,0.046900000000007935,-0.20892849750651446
2025-12-30 03:00:00,1767063600000,74.231,74.3642,-0.1332000000000022,-0.7152753368836202
2025-12-30 04:00:00,1767067200000,74.5,74.4856,0.014399999999994861,-0.3003014696317872
2025-12-30 05:00:00,1767070800000,75.085,75.1268,-0.04180000000000916,-0.4583064245068221
2025-12-30 06:00:00,1767074400000,74.95,74.984,-0.033999999999991815,-0.4363769111967167
2025-12-30 07:00:00,1767078000000,74.87,74.8754,-0.00539999999999452,-0.35596869572651657
2025-12-30 08:00:00,1767081600000,74.316,74.29,0.02599999999999625,-0.26768834727323754
2025-12-30 09:00:00,1767085200000,74.669,74.6724,-0.0033999999999991815,-0.35034574359574594
2025-12-30 10:00:00,1767088800000,74.445,74.5276,-0.08260000000001355,-0.573014647974823
2025-12-30 11:00:00,1767092400000,74.89,74.854,0.036000000000001364,-0.2395735866193044
2025-12-30 12:00:00,1767096000000,76.065,76.1482,-0.08320000000000505,-0.5747015336140343
2025-12-30 13:00:00,1767099600000,76.3,76.4051,-0.1051000000000073,-0.6362728594461227
2025-12-30 14:00:00,1767103200000,75.447,75.5439,-0.09689999999999088,-0.6132187557098632
2025-12-30 15:00:00,1767106800000,76.05,76.1184,-0.06839999999999691,-0.5330916878462116
2025-12-30 16:00:00,1767110400000,77.054,77.1852,-0.13119999999999266,-0.7096523847528096
2025-12-30 17:00:00,1767114000000,77.541,77.558,-0.017000000000010118,-0.3885818180851062
2025-12-30 18:00:00,1767117600000,77.601,77.5805,0.02049999999999841,-0.2831514656328868
2025-12-30 19:00:00,1767121200000,76.251,76.2504,0.0006000000000057071,-0.33909983933416465
2025-12-30 20:00:00,1767124800000,75.996,76.0772,-0.08120000000000971,-0.5690785814832636
2025-12-30 21:00:00,1767128400000,76.241,76.2412,-0.0002000000000066393,-0.34134902018651286
2025-12-30 22:00:00,1767132000000,76.403,75.9349,0.46810000000000684,0.9752652212365415
2025-12-30 23:00:00,1767135600000,75.25,75.2145,0.03549999999999898,-0.24097932465200705
2025-12-31 00:00:00,1767139200000,74.715,74.5854,0.12959999999999638,0.023580573101361378
2025-12-31 01:00:00,1767142800000,75.519,75.4447,0.07430000000000803,-0.13189405331477674
2025-12-31 02:00:00,1767146400000,73.25,73.1782,0.07179999999999609,-0.13892274347829
2025-12-31 03:00:00,1767150000000,72.143,72.0176,0.12539999999999907,0.011772373626723035
2025-12-31 04:00:00,1767153600000,71.702,71.7661,-0.06409999999999627,-0.5210023407650247
2025-12-31 05:00:00,1767157200000,71.02,70.9141,0.10589999999999122,-0.04305140964844064
2025-12-31 06:00:00,1767160800000,71.839,71.8397,-0.0006999999999948159,-0.34275475821917556
2025-12-31 07:00:00,1767164400000,72.236,72.2481,-0.012099999999989564,-0.3748055853646282
2025-12-31 08:00:00,1767168000000,71.142,71.004,0.13799999999999102,0.04719697205063807
2025-12-31 09:00:00,1767171600000,71.984,71.9218,0.06219999999999004,-0.16591291370606903
2025-12-31 10:00:00,1767175200000,71.92,71.9197,0.0002999999999957481,-0.3399432821538102
2025-12-31 11:00:00,1767178800000,72.016,72.0408,-0.024799999999999045,-0.41051133139513174
2025-12-31 12:00:00,1767182400000,71.894,71.8945,-0.0004999999999881766,-0.34219246300607853
2025-12-31 13:00:00,1767186000000,72.291,72.2684,0.022599999999997067,-0.27724736589556764
2025-12-31 14:00:00,1767189600000,73.726,73.5464,0.17959999999999354,0.1641543763709473
2025-12-31 15:00:00,1767193200000,72.412,72.4392,-0.02719999999999345,-0.4172588739520565
2025-12-31 16:00:00,1767196800000,71.863,71.7732,0.08979999999999677,-0.08831617430123427
2025-12-31 17:00:00,1767200400000,71.376,71.3185,0.05750000000000455,-0.17912685121337008
2025-12-31 18:00:00,1767204000000,71.73,71.6182,0.11180000000000234,-0.0264637008625973
2025-12-31 19:00:00,1767207600000,70.644,70.4458,0.19819999999999993,0.21644783118725416
2025-12-31 20:00:00,1767211200000,71.152,71.0452,0.10680000000000689,-0.0405210811895439
2025-12-31 21:00:00,1767214800000,71.62,71.593,0.027000000000001023,-0.26487687120783227
2025-12-31 22:00:00,1767218400000,71.581,71.7,-0.11899999999999977,-0.6753523767550487
2025-12-31 23:00:00,1767222000000,71.572,71.4493,0.12270000000000891,0.004181388250192645
2026-01-01 00:00:00,1767225600000,71.522,71.4718,0.0502000000000038,-0.1996506264907329
2026-01-01 01:00:00,1767229200000,71.591,71.4878,0.10320000000000107,-0.05064239502497103
2026-01-01 02:00:00,1767232800000,71.595,71.3972,0.19780000000000086,0.21532324076110004
2026-01-01 03:00:00,1767236400000,71.769,71.4197,0.3492999999999995,0.6412618646679658
2026-01-01 04:00:00,1767240000000,71.568,71.3323,0.23569999999999425,0.3218781836394336
2026-01-01 05:00:00,1767243600000,71.55,71.3447,0.20529999999999404,0.23640931125151995
2026-01-01 06:00:00,1767247200000,71.505,71.4275,0.07750000000000057,-0.1228973299055437
2026-01-01 07:00:00,1767250800000,71.552,71.4761,0.0759000000000043,-0.1273956916101602
2026-01-01 08:00:00,1767254400000,71.59,71.4761,0.113900000000001,-0.02055960112527813
2026-01-01 09:00:00,1767258000000,71.612,71.5287,0.08329999999999416,-0.10659076872628884
2026-01-01 10:00:00,1767261600000,71.617,71.428,0.18900000000000716,0.19058225138566923
2026-01-01 11:00:00,1767265200000,71.617,71.4309,0.18610000000001037,0.18242897079604178
2026-01-01 12:00:00,1767268800000,71.78,71.4776,0.3024000000000058,0.5094036372011043
2026-01-01 13:00:00,1767272400000,71.78,71.3919,0.38809999999999434,0.750347136005156
2026-01-01 14:00:00,1767276000000,71.76,71.4949,0.2651000000000039,0.4045355799619819
2026-01-01 15:00:00,1767279600000,71.769,71.5247,0.24430000000000973,0.3460568778018473
2026-01-01 16:00:00,1767283200000,71.671,71.5064,0.16460000000000719,0.12198223539010747
2026-01-01 17:00:00,1767286800000,71.9,71.5364,0.36360000000000525,0.6814659724030857
2026-01-01 18:00:00,1767290400000,71.869,71.519,0.3499999999999943,0.6432298979137254
2026-01-01 19:00:00,1767294000000,71.865,71.5244,0.3405999999999949,0.6168020228990434
2026-01-01 20:00:00,1767297600000,71.989,71.5604,0.428600000000003,0.8642119166535513
2026-01-01 21:00:00,1767301200000,72.234,71.7398,0.4941999999999922,1.0486447465432283
2026-01-01 22:00:00,1767304800000,72.618,71.7398,0.8781999999999925,2.1282515556537107
2026-01-01 23:00:00,1767308400000,72.9,72.765,0.13500000000000512,0.03876254385450207
2026-01-02 00:00:00,1767312000000,72.833,72.7119,0.12109999999999843,-0.00031697345446383003
2026-01-02 01:00:00,1767315600000,72.854,72.7545,0.09950000000000614,-0.06104485646690672
2026-01-02 02:00:00,1767319200000,72.907,72.8698,0.03719999999999857,-0.236199815340842
2026-01-02 03:00:00,1767322800000,73.398,73.4142,-0.016199999999997772,-0.386332637232758
2026-01-02 04:00:00,1767326400000,73.63,73.3824,0.24759999999999138,0.3553347488175889
2026-01-02 05:00:00,1767330000000,74.1,73.9968,0.10320000000000107,-0.05064239502497103
2026-01-02 06:00:00,1767333600000,74.1,74.0044,0.09559999999999036,-0.07200961312197941
2026-01-02 07:00:00,1767337200000,74.21,74.0682,0.14179999999998927,0.05788058109912228
2026-01-02 08:00:00,1767340800000,74.553,74.4548,0.0981999999999914,-0.06469977535195759
2026-01-02 09:00:00,1767344400000,74.51,74.4628,0.04720000000000368,-0.20808505468690883
2026-01-02 10:00:00,1767348000000,74.549,74.5523,-0.003299999999995862,-0.35006459598919737
2026-01-02 11:00:00,1767351600000,74.39,74.2779,0.11209999999999809,-0.02562025804299169
2026-01-02 12:00:00,1767355200000,74.104,74.0435,0.06050000000000466,-0.17069242301719412
2026-01-02 13:00:00,1767358800000,73.879,73.8738,0.005200000000002092,-0.32616704943337216
2026-01-02 14:00:00,1767362400000,73.641,73.6138,0.027200000000007662,-0.26431457599473523
2026-01-02 15:00:00,1767366000000,72.739,72.6903,0.048700000000010846,-0.2038678405888009
2026-01-02 16:00:00,1767369600000,72.242,72.2707,-0.028700000000000614,-0.42147608805016445
2026-01-02 17:00:00,1767373200000,71.963,71.9143,0.048699999999996635,-0.20386784058884083
2026-01-02 18:00:00,1767376800000,71.959,71.9285,0.030500000000003524,-0.25503670497895364
2026-01-02 19:00:00,1767380400000,72.145,72.0676,0.07739999999999725,-0.12317847751209222
2026-01-02 20:00:00,1767384000000,72.695,72.5823,0.11269999999998959,-0.023933372403780472
2026-01-02 21:00:00,1767387600000,72.938,72.8351,0.10290000000000532,-0.05148583784457664
2026-01-02 22:00:00,1767391200000,73.46,73.1339,0.3260999999999967,0.5760356199508664
2026-01-02 23:00:00,1767394800000,73.15,73.1339,0.016100000000008663,-0.29552196032058226
2026-01-03 00:00:00,1767398400000,73.211,73.1339,0.0771000000000015,-0.12402192033169783
2026-01-03 01:00:00,1767402000000,73.282,73.1338,0.14820000000000277,0.07587402791766827
2026-01-03 02:00:00,1767405600000,73.13,73.1338,-0.0037999999999982492,-0.35147033402190003
2026-01-03 03:00:00,1767409200000,73.034,73.1338,-0.09979999999998768,-0.6213720362994906
2026-01-03 04:00:00,1767412800000,73.226,73.1338,0.09220000000000539,-0.08156863174426954
2026-01-03 05:00:00,1767416400000,73.307,72.523,0.784000000000006,1.8634105102938334
2026-01-03 06:00:00,1767420000000,73.398,72.5366,0.8613999999999891,2.081018757755117
2026-01-03 07:00:00,1767423600000,73.629,73.134,0.49500000000000455,1.0508939273955764
2026-01-03 08:00:00,1767427200000,74.342,73.134,1.2079999999999984,3.0554763620199683
2026-01-03 09:00:00,1767430800000,74.121,72.537,1.583999999999989,4.112591362607288
2026-01-03 10:00:00,1767434400000,73.2,72.537,0.6629999999999967,1.52322190638139
2026-01-03 11:00:00,1767438000000,73.916,73.133,0.7830000000000013,1.8605990342284282
2026-01-03 12:00:00,1767441600000,73.94,72.537,1.4029999999999916,3.6037141947713653
2026-01-03 13:00:00,1767445200000,73.84,72.523,1.3170000000000073,3.361927253147708
2026-01-03 14:00:00,1767448800000,73.878,72.523,1.355000000000004,3.46876334363259
2026-01-03 15:00:00,1767452400000,73.95,72.523,1.4270000000000067,3.671189620340813
2026-01-03 16:00:00,1767456000000,73.946,72.523,1.4230000000000018,3.6599437160792316
2026-01-03 17:00:00,1767459600000,74.02,72.523,1.4969999999999999,3.867992944918225
2026-01-03 18:00:00,1767463200000,73.877,72.523,1.3539999999999992,3.4659518675671848
2026-01-03 19:00:00,1767466800000,74.078,73.134,0.9440000000000026,2.3132466807565244
2026-01-03 20:00:00,1767470400000,73.91,72.523,1.3870000000000005,3.5587305777251204
2026-01-03 21:00:00,1767474000000,73.895,73.134,0.7609999999999957,1.7987465607897912
2026-01-03 22:00:00,1767477600000,73.673,73.134,0.5390000000000015,1.1745988742728104
2026-01-03 23:00:00,1767481200000,73.854,73.0231,0.8308999999999997,1.995268737760695
2026-01-04 00:00:00,1767484800000,73.761,73.0231,0.7378999999999962,1.7338014636792405
2026-01-04 01:00:00,1767488400000,73.645,73.134,0.5109999999999957,1.0958775444418216
2026-01-04 02:00:00,1767492000000,73.16,73.134,0.02599999999999625,-0.26768834727323754
2026-01-04 03:00:00,1767495600000,72.952,73.134,-0.18200000000000216,-0.8524753688747436
2026-01-04 04:00:00,1767499200000,73.216,73.134,0.08199999999999363,-0.11024568761129974
2026-01-04 05:00:00,1767502800000,72.978,73.134,-0.1560000000000059,-0.7793769911745654
2026-01-04 06:00:00,1767506400000,72.902,73.134,-0.23199999999999932,-0.9930491721443295
2026-01-04 07:00:00,1767510000000,73.148,73.134,0.013999999999995794,-0.30142606005794137
2026-01-04 08:00:00,1767513600000,73.09,73.134,-0.04399999999999693,-0.4644916718506498
2026-01-04 09:00:00,1767517200000,73.098,73.134,-0.036000000000001364,-0.4419998633275273
2026-01-04 10:00:00,1767520800000,73.08,73.134,-0.054000000000002046,-0.49260643250458297
2026-01-04 11:00:00,1767524400000,72.996,73.134,-0.13800000000000523,-0.7287704219975096
2026-01-04 12:00:00,1767528000000,72.994,73.134,-0.14000000000000057,-0.7343933741282803
2026-01-04 13:00:00,1767531600000,72.895,72.523,0.3719999999999999,0.7050823713523624
2026-01-04 14:00:00,1767535200000,72.815,72.523,0.2920000000000016,0.48016428612101697
2026-01-04 15:00:00,1767538800000,72.935,72.523,0.41200000000000614,0.8175414139680551
2026-01-04 16:00:00,1767542400000,73.04,72.522,0.5180000000000007,1.1155578768995789
2026-01-04 17:00:00,1767546000000,73.019,73.134,-0.11499999999999488,-0.6641064724934674
2026-01-04 18:00:00,1767549600000,73.082,73.134,-0.05200000000000671,-0.48698348037381234
2026-01-04 19:00:00,1767553200000,73.161,73.134,0.027000000000001023,-0.26487687120783227
2026-01-04 20:00:00,1767556800000,73.79,73.134,0.6560000000000059,1.5035415739236728
2026-01-04 21:00:00,1767560400000,73.34,72.522,0.8179999999999978,1.9590006965171343
2026-01-04 22:00:00,1767564000000,73.889,73.18,0.708999999999989,1.6525498053893948
2026-01-04 23:00:00,1767567600000,74.131,74.0611,0.06990000000000407,-0.14426454800251212
2026-01-05 00:00:00,1767571200000,75.47,75.5702,-0.10020000000000095,-0.6224966267256847
2026-01-05 01:00:00,1767574800000,75.536,75.5575,-0.021500000000003183,-0.40123346037935015
2026-01-05 02:00:00,1767578400000,75.78,75.589,0.1910000000000025,0.19620520351643989
2026-01-05 03:00:00,1767582000000,75.328,75.225,0.10300000000000864,-0.051204690238028115
2026-01-05 04:00:00,1767585600000,75.634,75.5806,0.05339999999999634,-0.19065390308149985
2026-01-05 05:00:00,1767589200000,75.444,75.298,0.1460000000000008,0.06968878057380058
2026-01-05 06:00:00,1767592800000,75.586,75.4929,0.09309999999999263,-0.07903830328545271
2026-01-05 07:00:00,1767596400000,75.522,75.5588,-0.0367999999999995,-0.4442490441798355
2026-01-05 08:00:00,1767600000000,75.852,75.893,-0.04099999999999682,-0.45605724365447387
2026-01-05 09:00:00,1767603600000,76.46,76.3289,0.13109999999998934,0.02779778719942938
2026-01-05 10:00:00,1767607200000,75.961,75.897,0.06399999999999295,-0.16085225678835546
2026-01-05 11:00:00,1767610800000,74.932,74.8983,0.033699999999996066,-0.2460399815697206
2026-01-05 12:00:00,1767614400000,75.041,75.0806,-0.039600000000007185,-0.4521211771629544
2026-01-05 13:00:00,1767618000000,76.03,75.682,0.347999999999999,0.6376069457829548
2026-01-05 14:00:00,1767621600000,76.806,76.8825,-0.0764999999999958,-0.5558646439758826
2026-01-05 15:00:00,1767625200000,77.225,77.2008,0.024199999999993338,-0.2727490041909511
2026-01-05 16:00:00,1767628800000,77.15,77.0499,0.10010000000001185,-0.05935797082765555
2026-01-05 17:00:00,1767632400000,76.608,76.4863,0.12170000000000414,0.001369912184787342
2026-01-05 18:00:00,1767636000000,76.629,76.5076,0.12140000000000839,0.0005264693651817327
2026-01-05 19:00:00,1767639600000,76.219,76.1365,0.08249999999999602,-0.10883994957859709
2026-01-05 20:00:00,1767643200000,76.235,76.2095,0.02549999999999386,-0.2690940853059402
2026-01-05 21:00:00,1767646800000,76.629,76.6317,-0.0026999999999901547,-0.34837771034994625
2026-01-05 22:00:00,1767650400000,76.697,76.6295,0.06750000000000966,-0.1510120905594369
2026-01-05 23:00:00,1767654000000,76.176,76.2351,-0.05910000000000082,-0.5069449604380781
2026-01-06 00:00:00,1767657600000,76.365,76.3059,0.05910000000000082,-0.17462848950875354
2026-01-06 01:00:00,1767661200000,76.744,76.6665,0.07750000000000057,-0.1228973299055437
2026-01-06 02:00:00,1767664800000,77.711,77.7068,0.004199999999997317,-0.3289785254987775
2026-01-06 03:00:00,1767668400000,78.889,78.8231,0.06589999999999918,-0.15551045226409338
2026-01-06 04:00:00,1767672000000,78.69,78.6941,-0.004100000000008208,-0.35231377684154563
2026-01-06 05:00:00,1767675600000,78.451,78.4294,0.021599999999992292,-0.2800588419609729
2026-01-06 06:00:00,1767679200000,78.87,78.9625,-0.09250000000000114,-0.6008482610221677
2026-01-06 07:00:00,1767682800000,78.151,78.097,0.054000000000002046,-0.18896701744224867
2026-01-06 08:00:00,1767686400000,78.62,78.5795,0.04050000000000864,-0.2269219443250205
2026-01-06 09:00:00,1767690000000,77.673,77.6744,-0.0014000000000038426,-0.34472279146497525
2026-01-06 10:00:00,1767693600000,77.866,77.8512,0.014799999999993929,-0.29917687920563313
2026-01-06 11:00:00,1767697200000,78.366,78.3485,0.017499999999998295,-0.29158589382906275
2026-01-06 12:00:00,1767700800000,78.395,78.4255,-0.030500000000003524,-0.426536744967878
2026-01-06 13:00:00,1767704400000,79.023,79.0669,-0.04390000000000782,-0.4642105242441413
2026-01-06 14:00:00,1767708000000,80.383,80.4267,-0.04370000000000118,-0.4636482290310442
2026-01-06 15:00:00,1767711600000,80.369,80.3032,0.06579999999999586,-0.1557915998706419
2026-01-06 16:00:00,1767715200000,80.586,80.6709,-0.08490000000000464,-0.5794810429251993
2026-01-06 17:00:00,1767718800000,81.259,81.2643,-0.0053000000000054115,-0.355687548120008
2026-01-06 18:00:00,1767722400000,81.035,81.0667,-0.03170000000000073,-0.4299105162463404
2026-01-06 19:00:00,1767726000000,80.102,80.1501,-0.04809999999999093,-0.47601872371873966
2026-01-06 20:00:00,1767729600000,81.219,81.339,-0.12000000000000455,-0.678163852820454
2026-01-06 21:00:00,1767733200000,81.291,81.2942,-0.003200000000006753,-0.3497834483826888
2026-01-06 22:00:00,1767736800000,81.08,81.5153,-0.435299999999998,-1.5646222562384946
2026-01-06 23:00:00,1767740400000,82.553,82.4907,0.06229999999999336,-0.16563176609952052
2026-01-07 00:00:00,1767744000000,82.5,82.5149,-0.014899999999997249,-0.38267771834774705
2026-01-07 01:00:00,1767747600000,80.456,80.3951,0.06090000000000373,-0.16956783259104
2026-01-07 02:00:00,1767751200000,81.23,80.9459,0.28410000000000935,0.45795362520444294
2026-01-07 03:00:00,1767754800000,80.412,80.4371,-0.025099999999994793,-0.4113547742147373
2026-01-07 04:00:00,1767758400000,79.699,79.6094,0.08960000000000434,-0.08887846951429136
2026-01-07 05:00:00,1767762000000,79.182,79.1334,0.048600000000007526,-0.2041489881953494
2026-01-07 06:00:00,1767765600000,79.467,79.1722,0.29479999999999507,0.4880364191040959
2026-01-07 07:00:00,1767769200000,80.245,80.0375,0.20750000000001023,0.24259455859542758
2026-01-07 08:00:00,1767772800000,79.791,79.6501,0.14090000000000202,0.05535025264030545
2026-01-07 09:00:00,1767776400000,79.752,79.5892,0.16279999999999006,0.11692157847235396
2026-01-07 10:00:00,1767780000000,79.548,79.5213,0.026700000000005275,-0.26572031402743784
2026-01-07 11:00:00,1767783600000,78.924,78.9102,0.013800000000003365,-0.30198835527099843
2026-01-07 12:00:00,1767787200000,78.714,78.6017,0.11230000000000473,-0.02505796282989465
2026-01-07 13:00:00,1767790800000,77.555,77.5958,-0.04079999999999018,-0.45549494844137683
2026-01-07 14:00:00,1767794400000,77.692,77.6084,0.0835999999999899,-0.10574732590668322
2026-01-07 15:00:00,1767798000000,77.352,77.2,0.15200000000000102,0.08655763696615248
2026-01-07 16:00:00,1767801600000,79.062,78.9086,0.15339999999999065,0.09049370345767196
2026-01-07 17:00:00,1767805200000,78.239,78.1202,0.11880000000000734,-0.00678336840484009
2026-01-07 18:00:00,1767808800000,78.263,78.1784,0.08460000000000889,-0.10293584984123796
2026-01-07 19:00:00,1767812400000,78.62,78.4854,0.13460000000000605,0.037637953428347935
2026-01-07 20:00:00,1767816000000,78.594,78.3769,0.21709999999998786,0.26958472882312673
2026-01-07 21:00:00,1767819600000,78.284,78.2,0.08400000000000318,-0.10462273548048914
2026-01-07 22:00:00,1767823200000,78.4,77.93,0.46999999999999886,0.9806070257607635
2026-01-07 23:00:00,1767826800000,78.799,78.8339,-0.03489999999999327,-0.43890723965557343
2026-01-08 00:00:00,1767830400000,78.065,77.9488,0.11619999999999209,-0.014093206174901866
2026-01-08 01:00:00,1767834000000,78.735,78.6517,0.08329999999999416,-0.10659076872628884
2026-01-08 02:00:00,1767837600000,78.089,77.976,0.11299999999999955,-0.02308992958413491
2026-01-08 03:00:00,1767841200000,78.105,78.0613,0.04370000000000118,-0.21792522091578745
2026-01-08 04:00:00,1767844800000,77.754,77.7449,0.00910000000000366,-0.31520229277833944
2026-01-08 05:00:00,1767848400000,76.231,76.1621,0.0688999999999993,-0.14707602406791742
2026-01-08 06:00:00,1767852000000,76.394,76.2899,0.10410000000000252,-0.04811206656611425
2026-01-08 07:00:00,1767855600000,76.049,75.9838,0.06520000000000437,-0.1574784855098531
2026-01-08 08:00:00,1767859200000,75.755,75.7568,-0.0018000000000029104,-0.3458473818911294
2026-01-08 09:00:00,1767862800000,76.151,76.1857,-0.03470000000000084,-0.43834494444251637
2026-01-08 10:00:00,1767866400000,76.062,76.018,0.04399999999999693,-0.21708177809618184
2026-01-08 11:00:00,1767870000000,75.424,75.3758,0.04820000000000846,-0.20527357862150353
2026-01-08 12:00:00,1767873600000,75.268,75.1932,0.0747999999999962,-0.13048831528211405
2026-01-08 13:00:00,1767877200000,74.217,74.2103,0.006699999999995043,-0.3219498353353042
2026-01-08 14:00:00,1767880800000,74.653,74.5666,0.0864000000000118,-0.09787519292352441
2026-01-08 15:00:00,1767884400000,76.034,75.8046,0.22940000000001248,0.3041658844275161
2026-01-08 16:00:00,1767888000000,76.279,76.2909,-0.011899999999997135,-0.3742432901515711
2026-01-08 17:00:00,1767891600000,76.3,76.1246,0.17539999999999623,0.15234617689630894
2026-01-08 18:00:00,1767895200000,75.879,75.7794,0.09960000000000946,-0.0607637088603582
2026-01-08 19:00:00,1767898800000,75.999,75.9,0.09899999999998954,-0.06245059449964933
2026-01-08 20:00:00,1767902400000,77.006,76.8889,0.11709999999999354,-0.011562877716045085
2026-01-08 21:00:00,1767906000000,77.097,77.0526,0.044399999999996,-0.2159571876700277
2026-01-08 22:00:00,1767909600000,77.119,76.8834,0.23560000000000514,0.32159703603292505
2026-01-08 23:00:00,1767913200000,76.756,76.7217,0.034300000000001774,-0.24435309593046944
2026-01-09 00:00:00,1767916800000,76.057,76.0713,-0.014299999999991542,-0.38099083270849593
2026-01-09 01:00:00,1767920400000,76.794,76.728,0.0660000000000025,-0.15522930465754486
2026-01-09 02:00:00,1767924000000,77.101,77.0693,0.03170000000000073,-0.25166293370049125
2026-01-09 03:00:00,1767927600000,76.868,76.5601,0.3078999999999894,0.5248667555607136
2026-01-09 04:00:00,1767931200000,76.813,76.6876,0.12539999999999907,0.011772373626723035
2026-01-09 05:00:00,1767934800000,77.128,77.2024,-0.07439999999999714,-0.5499605442385634
2026-01-09 06:00:00,1767938400000,77.27,77.1818,0.0882000000000005,-0.0928145360058508
2026-01-09 07:00:00,1767942000000,77.269,77.1636,0.10540000000000305,-0.044457147681103336
2026-01-09 08:00:00,1767945600000,77.564,77.4454,0.1185999999999865,-0.007345663617977086
2026-01-09 09:00:00,1767949200000,78.021,77.9903,0.030699999999995953,-0.2544744097658966
2026-01-09 10:00:00,1767952800000,78.189,78.0764,0.11259999999998627,-0.02421452001032899
2026-01-09 11:00:00,1767956400000,78.143,77.954,0.18900000000000716,0.19058225138566923
2026-01-09 12:00:00,1767960000000,77.5,77.4369,0.06310000000000571,-0.16338258524717228
2026-01-09 13:00:00,1767963600000,78.331,78.285,0.04600000000000648,-0.21145882596537122
2026-01-09 14:00:00,1767967200000,79.401,79.3986,0.0023999999999944066,-0.33403918241649105
2026-01-09 15:00:00,1767970800000,80.211,80.2295,-0.01850000000000307,-0.3927990321831742
2026-01-09 16:00:00,1767974400000,80.49,80.3991,0.09089999999999065,-0.08522355062932041
2026-01-09 17:00:00,1767978000000,79.597,79.4779,0.11909999999998888,-0.005939925585274434
2026-01-09 18:00:00,1767981600000,80.023,79.9264,0.09659999999999513,-0.06919813705657411
2026-01-09 19:00:00,1767985200000,79.957,79.8992,0.057800000000000296,-0.17828340839376447
2026-01-09 20:00:00,1767988800000,79.827,79.806,0.021000000000000796,-0.2817457276001842
2026-01-09 21:00:00,1767992400000,79.929,79.8976,0.03140000000000498,-0.2525063765200969
2026-01-09 22:00:00,1767996000000,80.262,80.1917,0.07030000000000314,-0.143139957576358
2026-01-09 23:00:00,1767999600000,80.046,80.192,-0.14599999999998658,-0.7512622305205923
2026-01-10 00:00:00,1768003200000,79.947,80.1,-0.1529999999999916,-0.7709425629783495
2026-01-10 01:00:00,1768006800000,80.001,80.192,-0.1909999999999883,-0.8777786534632316
2026-01-10 02:00:00,1768010400000,79.712,80.0,-0.2879999999999967,-1.1504918318062674
2026-01-10 03:00:00,1768014000000,79.7,80.0,-0.29999999999999716,-1.1842295445909712
2026-01-10 04:00:00,1768017600000,80.002,80.0,0.001999999999995339,-0.3351637728426452
2026-01-10 05:00:00,1768021200000,79.446,79.25,0.19599999999999795,0.21026258384338647
2026-01-10 06:00:00,1768024800000,79.332,79.7219,-0.38990000000001146,-1.436981242869741
2026-01-10 07:00:00,1768028400000,79.979,79.722,0.257000000000005,0.38176262383231085
2026-01-10 08:00:00,1768032000000,80.103,79.722,0.3810000000000002,0.7303856559408903
2026-01-10 09:00:00,1768035600000,80.0,79.7221,0.2779000000000025,0.440522473598994
2026-01-10 10:00:00,1768039200000,79.975,79.7221,0.2528999999999968,0.37023557196418105
2026-01-10 11:00:00,1768042800000,79.968,79.9788,-0.010800000000003251,-0.3711506664796573
2026-01-10 12:00:00,1768046400000,79.976,79.9788,-0.0028000000000076852,-0.3486588579565347
2026-01-10 13:00:00,1768050000000,79.972,79.9788,-0.006800000000012574,-0.35990476221811596
2026-01-10 14:00:00,1768053600000,80.0,79.9788,0.021199999999993224,-0.28118343238712706
2026-01-10 15:00:00,1768057200000,79.986,79.9788,0.007199999999997431,-0.3205440973026015
2026-01-10 16:00:00,1768060800000,79.984,79.4747,0.5092999999999961,1.0910980351306565
2026-01-10 17:00:00,1768064400000,80.056,79.4748,0.5811999999999955,1.293243164232331
2026-01-10 18:00:00,1768068000000,80.05,79.486,0.563999999999993,1.2448857759075835
2026-01-10 19:00:00,1768071600000,80.1,80.192,-0.09199999999999875,-0.5994425229894651
2026-01-10 20:00:00,1768075200000,80.199,80.192,0.007000000000005002,-0.32110639251565865
2026-01-10 21:00:00,1768078800000,80.199,80.192,0.007000000000005002,-0.32110639251565865
2026-01-10 22:00:00,1768082400000,80.157,80.192,-0.03499999999999659,-0.43918838726212195
2026-01-10 23:00:00,1768086000000,80.037,80.192,-0.15499999999998693,-0.7765655151091202
2026-01-11 00:00:00,1768089600000,79.931,80.1,-0.16899999999999693,-0.8159261800246346
2026-01-11 01:00:00,1768093200000,79.991,80.1,-0.10899999999999466,-0.6472376161011155
2026-01-11 02:00:00,1768096800000,80.004,80.1,-0.09599999999998943,-0.6106884272510064
2026-01-11 03:00:00,1768100400000,80.06,80.0,0.060000000000002274,-0.17209816104989675
2026-01-11 04:00:00,1768104000000,80.197,80.099,0.09799999999999898,-0.06526207056501468
2026-01-11 05:00:00,1768107600000,80.2,80.099,0.10099999999999909,-0.05682764236883872
2026-01-11 06:00:00,1768111200000,80.2,79.989,0.21099999999999852,0.25243472482426627
2026-01-11 07:00:00,1768114800000,80.169,79.989,0.1799999999999926,0.1652789667971014
2026-01-11 08:00:00,1768118400000,80.129,79.989,0.14000000000000057,0.05281992418144867
2026-01-11 09:00:00,1768122000000,80.129,79.989,0.14000000000000057,0.05281992418144867
2026-01-11 10:00:00,1768125600000,80.1,79.989,0.11099999999999,-0.02871288171494551
2026-01-11 11:00:00,1768129200000,80.07,79.8,0.269999999999996,0.41831181268238
2026-01-11 12:00:00,1768132800000,80.078,79.8,0.2780000000000058,0.4408036212055425
2026-01-11 13:00:00,1768136400000,80.08,79.8,0.28000000000000114,0.4464265733363132
2026-01-11 14:00:00,1768140000000,80.072,80.136,-0.06399999999999295,-0.5207211931584762
2026-01-11 15:00:00,1768143600000,80.109,79.8,0.3089999999999975,0.5279593792326674
2026-01-11 16:00:00,1768147200000,80.422,80.0,0.42199999999999704,0.8456561746219483
2026-01-11 17:00:00,1768150800000,80.401,80.0,0.40099999999999625,0.7866151772487167
2026-01-11 18:00:00,1768154400000,80.493,80.304,0.18899999999999295,0.19058225138562926
2026-01-11 19:00:00,1768158000000,80.405,80.304,0.10099999999999909,-0.05682764236883872
2026-01-11 20:00:00,1768161600000,80.367,80.304,0.06300000000000239,-0.16366373285372082
2026-01-11 21:00:00,1768165200000,80.415,80.304,0.1110000000000042,-0.02871288171490556
2026-01-11 22:00:00,1768168800000,80.321,80.0523,0.2686999999999955,0.4146568937973691
2026-01-11 23:00:00,1768172400000,81.573,81.639,-0.0660000000000025,-0.5263441452892867
2026-01-12 00:00:00,1768176000000,83.25,83.2694,-0.019400000000004525,-0.395329360642031
2026-01-12 01:00:00,1768179600000,82.893,82.905,-0.012000000000000455,-0.37452443775811967
2026-01-12 02:00:00,1768183200000,83.377,83.3175,0.059499999999999886,-0.17350389908259942
2026-01-12 03:00:00,1768186800000,83.392,83.3657,0.026299999999991996,-0.26684490445363196
2026-01-12 04:00:00,1768190400000,83.542,83.486,0.055999999999997385,-0.183344065311478
2026-01-12 05:00:00,1768194000000,84.691,84.6,0.09100000000000819,-0.08494240302273193
2026-01-12 06:00:00,1768197600000,84.579,84.5735,0.00549999999999784,-0.3253236066137666
2026-01-12 07:00:00,1768201200000,84.328,84.2068,0.12120000000000175,-3.5825847915309116e-05
2026-01-12 08:00:00,1768204800000,84.32,84.2595,0.06049999999999045,-0.17069242301723406
2026-01-12 09:00:00,1768208400000,84.297,84.3001,-0.0031000000000034333,-0.3495023007761403
2026-01-12 10:00:00,1768212000000,84.268,84.3097,-0.041700000000005844,-0.45802527690027356
2026-01-12 11:00:00,1768215600000,83.829,83.8129,0.016099999999994452,-0.29552196032062217
2026-01-12 12:00:00,1768219200000,84.208,84.2159,-0.007900000000006457,-0.36299738589002983
2026-01-12 13:00:00,1768222800000,85.763,85.7377,0.025300000000001432,-0.2696563805189973
2026-01-12 14:00:00,1768226400000,85.18,85.0843,0.09570000000000789,-0.07172846551539093
2026-01-12 15:00:00,1768230000000,85.4,85.4529,-0.05289999999999395,-0.4895138088326292
2026-01-12 16:00:00,1768233600000,86.16,86.0962,0.06380000000000052,-0.16141455200141255
2026-01-12 17:00:00,1768237200000,86.009,86.0,0.009000000000000341,-0.31548344038488796
2026-01-12 18:00:00,1768240800000,85.554,85.5451,0.008899999999997021,-0.3157645879914365
2026-01-12 19:00:00,1768244400000,85.75,85.7078,0.04219999999999402,-0.22214243501389538
2026-01-12 20:00:00,1768248000000,85.249,85.2084,0.04059999999999775,-0.22664079671851192
2026-01-12 21:00:00,1768251600000,85.26,85.2697,-0.009699999999995157,-0.36805804280770343
2026-01-12 22:00:00,1768255200000,85.04,84.5949,0.4451000000000107,0.9106012717325391
2026-01-12 23:00:00,1768258800000,84.501,84.476,0.025000000000005684,-0.2704998233386029
2026-01-13 00:00:00,1768262400000,84.32,84.2092,0.11079999999999757,-0.029275176928002602
2026-01-13 01:00:00,1768266000000,83.84,83.7966,0.043400000000005434,-0.21876866373539305
2026-01-13 02:00:00,1768269600000,85.544,85.4998,0.04420000000000357,-0.21651948288308479
2026-01-13 03:00:00,1768273200000,85.546,85.4654,0.080600000000004,-0.11418175410281922
2026-01-13 04:00:00,1768276800000,85.778,85.7738,0.004200000000011528,-0.3289785254987375
2026-01-13 05:00:00,1768280400000,85.487,85.463,0.02400000000000091,-0.2733112994040082
2026-01-13 06:00:00,1768284000000,85.082,85.0124,0.06959999999999411,-0.1451079908221577
2026-01-13 07:00:00,1768287600000,85.344,85.3208,0.023199999999988563,-0.27556048025635643
2026-01-13 08:00:00,1768291200000,85.943,85.7991,0.14390000000000214,0.06378468083648141
2026-01-13 09:00:00,1768294800000,85.542,85.5549,-0.01290000000000191,-0.3770547662169764
2026-01-13 10:00:00,1768298400000,85.801,85.689,0.11200000000000898,-0.025901405649500258
2026-01-13 11:00:00,1768302000000,85.823,85.8624,-0.039400000000000546,-0.4515588819498573
2026-01-13 12:00:00,1768305600000,86.043,85.9936,0.04940000000000566,-0.20189980734304114
2026-01-13 13:00:00,1768309200000,87.747,87.7167,0.030299999999996885,-0.2555990001920507
2026-01-13 14:00:00,1768312800000,88.856,88.8828,-0.026800000000008595,-0.41613428352594234
2026-01-13 15:00:00,1768316400000,88.834,88.7853,0.048699999999996635,-0.20386784058884083
2026-01-13 16:00:00,1768320000000,88.985,89.0111,-0.026099999999999568,-0.41416625028014264
2026-01-13 17:00:00,1768323600000,87.059,87.1302,-0.07120000000000459,-0.5409638208293305
2026-01-13 18:00:00,1768327200000,87.696,87.6501,0.04590000000000316,-0.21173997357191976
2026-01-13 19:00:00,1768330800000,87.529,87.5919,-0.06289999999999907,-0.5176285694865623
2026-01-13 20:00:00,1768334400000,86.72,86.8248,-0.10479999999999734,-0.6354294166264771
2026-01-13 21:00:00,1768338000000,87.023,86.993,0.030000000000001137,-0.2564424430116563
2026-01-13 22:00:00,1768341600000,87.14,87.38,-0.23999999999999488,-1.0155409806674522
2026-01-13 23:00:00,1768345200000,87.81,87.9067,-0.09669999999999845,-0.6126564604968061
2026-01-14 00:00:00,1768348800000,88.5,88.489,0.01099999999999568,-0.30986048825411733
2026-01-14 01:00:00,1768352400000,89.9,90.0353,-0.13530000000000086,-0.7211794366209393
2026-01-14 02:00:00,1768356000000,89.79,89.7477,0.04230000000001155,-0.22186128740730693
2026-01-14 03:00:00,1768359600000,90.75,90.8599,-0.10989999999999611,-0.6497679445599723
2026-01-14 04:00:00,1768363200000,90.792,90.7503,0.041700000000005844,-0.2235481730465581
2026-01-14 05:00:00,1768366800000,89.566,89.4361,0.12990000000000634,0.02442401592100694
2026-01-14 06:00:00,1768370400000,90.207,90.2165,-0.009500000000002728,-0.3674957475946463
2026-01-14 07:00:00,1768374000000,90.229,90.1854,0.04359999999999786,-0.21820636852233596
2026-01-14 08:00:00,1768377600000,90.183,90.1051,0.07790000000001385,-0.1217727394793496
2026-01-14 09:00:00,1768381200000,90.634,90.5888,0.045199999999994134,-0.21370800681771945
2026-01-14 10:00:00,1768384800000,90.203,90.16,0.043000000000006366,-0.21989325416154717
2026-01-14 11:00:00,1768388400000,90.568,90.5227,0.04529999999999745,-0.2134268592111709
2026-01-14 12:00:00,1768392000000,92.013,92.0459,-0.03289999999999793,-0.4332842875248028
2026-01-14 13:00:00,1768395600000,91.765,91.8124,-0.04739999999999611,-0.47405069047297993
2026-01-14 14:00:00,1768399200000,91.232,91.2576,-0.02559999999999718,-0.41276051224744
2026-01-14 15:00:00,1768402800000,91.816,91.8366,-0.020600000000001728,-0.3987031319204934
2026-01-14 16:00:00,1768406400000,91.163,91.236,-0.0730000000000075,-0.546024477747044
2026-01-14 17:00:00,1768410000000,90.571,90.655,-0.08400000000000318,-0.5769507144663425
2026-01-14 18:00:00,1768413600000,92.365,92.3858,-0.020800000000008367,-0.3992654271335904
2026-01-14 19:00:00,1768417200000,92.833,92.8476,-0.0146000000000015,-0.3818342755281415
2026-01-14 20:00:00,1768420800000,93.261,93.2813,-0.02030000000000598,-0.39785968910088776
2026-01-14 21:00:00,1768424400000,93.261,93.2637,-0.0027000000000043656,-0.34837771034998616
2026-01-14 22:00:00,1768428000000,92.825,92.93,-0.10500000000000398,-0.6359917118395741
2026-01-14 23:00:00,1768431600000,92.257,92.3159,-0.05889999999999418,-0.5063826652249811
2026-01-15 00:00:00,1768435200000,92.349,92.3635,-0.014499999999998181,-0.38155312792159296
2026-01-15 01:00:00,1768438800000,88.099,88.216,-0.11699999999999022,-0.669729424624238
2026-01-15 02:00:00,1768442400000,88.668,88.7583,-0.09029999999999916,-0.5946630136783
2026-01-15 03:00:00,1768446000000,87.838,87.7979,0.04009999999999536,-0.22804653475121456
2026-01-15 04:00:00,1768449600000,87.772,87.7895,-0.017499999999998295,-0.3899875561177689
2026-01-15 05:00:00,1768453200000,88.07,88.038,0.031999999999996476,-0.2508194908808856
2026-01-15 06:00:00,1768456800000,89.841,89.8563,-0.015300000000010527,-0.38380230877394117
2026-01-15 07:00:00,1768460400000,89.387,89.3787,0.008300000000005525,-0.3174514736306477
2026-01-15 08:00:00,1768464000000,89.922,89.9389,-0.0169000000000068,-0.3883006704785577
2026-01-15 09:00:00,1768467600000,90.532,90.5131,0.018900000000002137,-0.2876498273375033
2026-01-15 10:00:00,1768471200000,91.115,91.0681,0.046899999999993724,-0.2089284975065544
2026-01-15 11:00:00,1768474800000,91.258,91.248,0.009999999999990905,-0.3126719643195226
2026-01-15 12:00:00,1768478400000,91.09,91.0181,0.07189999999999941,-0.13864159587174146
2026-01-15 13:00:00,1768482000000,88.519,88.5526,-0.03359999999999275,-0.43525232077056253
2026-01-15 14:00:00,1768485600000,90.371,90.4287,-0.05770000000001119,-0.5030088939465587
2026-01-15 15:00:00,1768489200000,90.611,90.6675,-0.05649999999999977,-0.49963512266805626
2026-01-15 16:00:00,1768492800000,91.142,91.1864,-0.04440000000001021,-0.4656162622768439
2026-01-15 17:00:00,1768496400000,91.891,91.8968,-0.005799999999993588,-0.3570932861526707
2026-01-15 18:00:00,1768500000000,92.364,92.3593,0.004699999999999704,-0.3275727874660748
2026-01-15 19:00:00,1768503600000,92.543,92.5163,0.026700000000005275,-0.26572031402743784
2026-01-15 20:00:00,1768507200000,91.966,91.9951,-0.02909999999999968,-0.4226006784763186
2026-01-15 21:00:00,1768510800000,92.402,92.4329,-0.030900000000002592,-0.42766133539403217
2026-01-15 22:00:00,1768514400000,92.206,92.0166,0.18940000000000623,0.19170684181182335
2026-01-15 23:00:00,1768518000000,91.44,91.49,-0.04999999999999716,-0.48136052824300174
2026-01-16 00:00:00,1768521600000,90.576,90.6683,-0.09230000000000871,-0.6002859658091106
2026-01-16 01:00:00,1768525200000,91.128,91.1778,-0.04980000000000473,-0.4807982330299446
2026-01-16 02:00:00,1768528800000,90.053,90.1247,-0.07170000000000698,-0.5423695588620331
2026-01-16 03:00:00,1768532400000,90.178,90.308,-0.13000000000000966,-0.7062786134743871
2026-01-16 04:00:00,1768536000000,90.91,90.9581,-0.04810000000000514,-0.4760187237187796
2026-01-16 05:00:00,1768539600000,91.485,91.5332,-0.04819999999999425,-0.47629987132528817
2026-01-16 06:00:00,1768543200000,90.438,90.5036,-0.06560000000000343,-0.5252195548631327
2026-01-16 07:00:00,1768546800000,91.024,91.0333,-0.00929999999999609,-0.3669334523815493
2026-01-16 08:00:00,1768550400000,91.183,91.2409,-0.057899999999989404,-0.5035711891595758
2026-01-16 09:00:00,1768554000000,91.134,91.1741,-0.04009999999999536,-0.4535269151956171
2026-01-16 10:00:00,1768557600000,90.539,90.5923,-0.05329999999999302,-0.4906383992587833
2026-01-16 11:00:00,1768561200000,91.076,91.1113,-0.03530000000000655,-0.44003183008176755
2026-01-16 12:00:00,1768564800000,90.096,90.0923,0.0037000000000091404,-0.3303842635314402
2026-01-16 13:00:00,1768568400000,88.889,88.8244,0.06459999999999866,-0.15916537114910428
2026-01-16 14:00:00,1768572000000,89.152,89.1789,-0.026899999999997704,-0.4164154311324509
2026-01-16 15:00:00,1768575600000,87.89,87.9,-0.010000000000005116,-0.368901485627349
2026-01-16 16:00:00,1768579200000,88.803,88.8307,-0.02769999999999584,-0.4186646119847591
2026-01-16 17:00:00,1768582800000,88.671,88.7154,-0.044399999999996,-0.46561626227680397
2026-01-16 18:00:00,1768586400000,89.04,89.0596,-0.019599999999996953,-0.39589165585508806
2026-01-16 19:00:00,1768590000000,89.337,89.3745,-0.037499999999994316,-0.44621707742559524
2026-01-16 20:00:00,1768593600000,89.323,89.3953,-0.07230000000001269,-0.5440564445012843
2026-01-16 21:00:00,1768597200000,90.089,90.11,-0.021000000000000796,-0.3998277223466475
2026-01-16 22:00:00,1768600800000,89.785,90.421,-0.6360000000000099,-2.1288855025626776
2026-01-16 23:00:00,1768604400000,89.97,90.421,-0.4510000000000076,-1.608762430465174
2026-01-17 00:00:00,1768608000000,89.799,89.73,0.06900000000000261,-0.1467948764613689
2026-01-17 01:00:00,1768611600000,89.828,90.421,-0.5930000000000035,-2.0079920317508093
2026-01-17 02:00:00,1768615200000,89.814,90.419,-0.605000000000004,-2.041729744535513
2026-01-17 03:00:00,1768618800000,89.746,89.729,0.016999999999995907,-0.2929916318617654
2026-01-17 04:00:00,1768622400000,89.74,89.7,0.03999999999999204,-0.2283276823577631
2026-01-17 05:00:00,1768626000000,89.687,89.7,-0.01300000000000523,-0.37733591382352494
2026-01-17 06:00:00,1768629600000,89.777,89.7,0.07699999999999818,-0.12430306793824634
2026-01-17 07:00:00,1768633200000,89.799,89.7,0.09900000000000375,-0.06245059449960937
2026-01-17 08:00:00,1768636800000,89.799,89.7,0.09900000000000375,-0.06245059449960937
2026-01-17 09:00:00,1768640400000,89.811,89.7282,0.08280000000000598,-0.10799650675895153
2026-01-17 10:00:00,1768644000000,89.81,90.1736,-0.36359999999999104,-1.3630394223498774
2026-01-17 11:00:00,1768647600000,89.907,90.1736,-0.26659999999999684,-1.0903262440068815
2026-01-17 12:00:00,1768651200000,89.971,90.1736,-0.20259999999998968,-0.9103917758217812
2026-01-17 13:00:00,1768654800000,89.993,89.729,0.2639999999999958,0.40144295629002813
2026-01-17 14:00:00,1768658400000,89.955,89.729,0.2259999999999991,0.294606865805146
2026-01-17 15:00:00,1768662000000,90.002,89.729,0.27299999999999613,0.42674624087855595
2026-01-17 16:00:00,1768665600000,89.863,89.729,0.13400000000000034,0.03595106778909676
2026-01-17 17:00:00,1768669200000,89.82,89.729,0.09099999999999397,-0.08494240302277188
2026-01-17 18:00:00,1768672800000,89.824,89.729,0.09499999999999886,-0.07369649876119062
2026-01-17 19:00:00,1768676400000,90.003,89.73,0.27299999999999613,0.42674624087855595
2026-01-17 20:00:00,1768680000000,90.159,89.73,0.42900000000000205,0.8653365070797056
2026-01-17 21:00:00,1768683600000,90.408,90.4223,-0.014300000000005753,-0.38099083270853584
2026-01-17 22:00:00,1768687200000,90.511,90.55,-0.03900000000000148,-0.45043429152370323
2026-01-17 23:00:00,1768690800000,90.33,90.55,-0.21999999999999886,-0.9593114593596258
2026-01-18 00:00:00,1768694400000,90.45,90.55,-0.09999999999999432,-0.6219343315125876
2026-01-18 01:00:00,1768698000000,90.446,90.0485,0.39749999999999375,0.776775011019838
2026-01-18 02:00:00,1768701600000,90.454,90.54,-0.08600000000001273,-0.5825736665971532
2026-01-18 03:00:00,1768705200000,90.687,90.54,0.14699999999999136,0.07250025663916593
2026-01-18 04:00:00,1768708800000,90.507,90.3311,0.1758999999999986,0.15375191492901158
2026-01-18 05:00:00,1768712400000,90.3,90.1901,0.10989999999999611,-0.03180550538685938
2026-01-18 06:00:00,1768716000000,90.238,90.09,0.14799999999999613,0.07531173270457123
2026-01-18 07:00:00,1768719600000,90.273,90.099,0.17399999999999238,0.1484101104047495
2026-01-18 08:00:00,1768723200000,90.28,90.2217,0.05830000000000268,-0.1768776703610618
2026-01-18 09:00:00,1768726800000,90.281,90.2217,0.05930000000000746,-0.1740661942956565
2026-01-18 10:00:00,1768730400000,90.301,90.2363,0.06470000000000198,-0.15888422354255577
2026-01-18 11:00:00,1768734000000,90.502,90.3311,0.17089999999998895,0.13969453460202502
2026-01-18 12:00:00,1768737600000,90.549,90.4021,0.14690000000000225,0.07221910903265735
2026-01-18 13:00:00,1768741200000,90.547,90.7142,-0.16720000000000823,-0.8108655231069609
2026-01-18 14:00:00,1768744800000,90.567,90.33,0.23699999999999477,0.3255331025244445
2026-01-18 15:00:00,1768748400000,90.555,90.4,0.15500000000000114,0.09499206516232844
2026-01-18 16:00:00,1768752000000,90.482,90.4,0.08199999999999363,-0.11024568761129974
2026-01-18 17:00:00,1768755600000,90.596,90.3434,0.25260000000000105,0.3693921291445755
2026-01-18 18:00:00,1768759200000,90.772,90.7378,0.034200000000012665,-0.244634243536978
2026-01-18 19:00:00,1768762800000,90.717,90.325,0.3919999999999959,0.7613118926601888
2026-01-18 20:00:00,1768766400000,91.203,91.1795,0.023499999999998522,-0.27471703743671083
2026-01-18 21:00:00,1768770000000,91.033,91.1795,-0.14650000000000318,-0.7526679685533348
2026-01-18 22:00:00,1768773600000,90.988,91.1795,-0.1915000000000049,-0.8791843914959742
2026-01-18 23:00:00,1768777200000,93.333,93.4399,-0.106899999999996,-0.6413335163637963
2026-01-19 00:00:00,1768780800000,93.73,93.841,-0.11099999999999,-0.6528605682318861
2026-01-19 01:00:00,1768784400000,93.217,93.301,-0.08400000000000318,-0.5769507144663425
2026-01-19 02:00:00,1768788000000,93.311,93.3785,-0.06749999999999545,-0.5305613593873548
2026-01-19 03:00:00,1768791600000,93.047,93.1,-0.05299999999999727,-0.4897949564391777
2026-01-19 04:00:00,1768795200000,92.83,92.8605,-0.030500000000003524,-0.426536744967878
2026-01-19 05:00:00,1768798800000,93.23,93.2953,-0.06529999999999347,-0.5243761120434871
2026-01-19 06:00:00,1768802400000,93.878,93.8805,-0.0024999999999977263,-0.34781541513688913
2026-01-19 07:00:00,1768806000000,93.182,93.2003,-0.01829999999999643,-0.39223673697007716
2026-01-19 08:00:00,1768809600000,92.626,92.6266,-0.0005999999999914962,-0.34247361061262704
2026-01-19 09:00:00,1768813200000,93.176,93.2103,-0.034300000000001774,-0.4372203540163622
2026-01-19 10:00:00,1768816800000,93.132,93.1805,-0.048499999999989996,-0.4771433141448938
2026-01-19 11:00:00,1768820400000,92.909,92.9466,-0.037599999999997635,-0.4464982250321438
2026-01-19 12:00:00,1768824000000,93.325,93.3256,-0.0005999999999914962,-0.34247361061262704
2026-01-19 13:00:00,1768827600000,93.303,93.3337,-0.030699999999995953,-0.4270990401809351
2026-01-19 14:00:00,1768831200000,93.863,93.9214,-0.058400000000006,-0.5049769271923183
2026-01-19 15:00:00,1768834800000,93.859,93.8838,-0.024799999999999045,-0.41051133139513174
2026-01-19 16:00:00,1768838400000,94.461,94.5163,-0.05530000000000257,-0.4962613513895939
2026-01-19 17:00:00,1768842000000,94.696,94.7353,-0.039299999999997226,-0.4512777343433088
2026-01-19 18:00:00,1768845600000,94.504,94.5755,-0.07150000000000034,-0.541807263648936
2026-01-19 19:00:00,1768849200000,94.406,94.4,0.006000000000000227,-0.3239178685810639
2026-01-19 20:00:00,1768852800000,94.3,94.3451,-0.045100000000005025,-0.46758429552260367
2026-01-19 21:00:00,1768856400000,94.481,94.4428,0.03819999999998913,-0.23338833927547664
2026-01-19 22:00:00,1768860000000,94.736,94.66,0.07600000000000762,-0.1271145440036117
2026-01-19 23:00:00,1768863600000,93.795,93.8393,-0.04429999999999268,-0.46533511467025546
2026-01-20 00:00:00,1768867200000,93.18,93.2471,-0.06709999999999638,-0.5294367689612006
2026-01-20 01:00:00,1768870800000,93.088,93.0809,0.007099999999994111,-0.32082524490915004
2026-01-20 02:00:00,1768874400000,93.002,93.0599,-0.057900000000003615,-0.5035711891596157
2026-01-20 03:00:00,1768878000000,93.353,93.388,-0.0350000000000108,-0.4391883872621619
2026-01-20 04:00:00,1768881600000,94.266,94.2538,0.012200000000007094,-0.30648671697561497
2026-01-20 05:00:00,1768885200000,94.509,94.4374,0.07160000000000366,-0.13948503869134707
2026-01-20 06:00:00,1768888800000,93.946,93.9319,0.014099999999999113,-0.30114491245139285
2026-01-20 07:00:00,1768892400000,94.323,94.3154,0.0075999999999964984,-0.3194195068764474
2026-01-20 08:00:00,1768896000000,95.427,95.4606,-0.03359999999999275,-0.43525232077056253
2026-01-20 09:00:00,1768899600000,95.039,95.0124,0.026600000000001955,-0.26600146163398636
2026-01-20 10:00:00,1768903200000,95.256,95.2408,0.015200000000007208,-0.298052288779439
2026-01-20 11:00:00,1768906800000,95.793,95.7722,0.020800000000008367,-0.28230802281324124
2026-01-20 12:00:00,1768910400000,95.79,95.7439,0.0461000000000098,-0.2111776783588227
2026-01-20 13:00:00,1768914000000,95.21,95.2363,-0.026300000000006207,-0.4147285454932397
2026-01-20 14:00:00,1768917600000,94.972,94.961,0.01099999999999568,-0.30986048825411733
2026-01-20 15:00:00,1768921200000,93.937,93.9113,0.0257000000000005,-0.26853179009284317
2026-01-20 16:00:00,1768924800000,94.247,94.2951,-0.04810000000000514,-0.4760187237187796
2026-01-20 17:00:00,1768928400000,94.585,94.5906,-0.00560000000000116,-0.3565309909396136
2026-01-20 18:00:00,1768932000000,94.648,94.7165,-0.06850000000000023,-0.5333728354527602
2026-01-20 19:00:00,1768935600000,94.488,94.603,-0.11499999999999488,-0.6641064724934674
2026-01-20 20:00:00,1768939200000,94.231,94.2383,-0.00730000000000075,-0.36131050025077865
2026-01-20 21:00:00,1768942800000,94.655,94.6172,0.037800000000004275,-0.23451292970159082
2026-01-20 22:00:00,1768946400000,94.758,94.925,-0.1670000000000016,-0.8103032278938639
2026-01-20 23:00:00,1768950000000,94.876,94.9609,-0.08489999999999043,-0.5794810429251593
2026-01-21 00:00:00,1768953600000,95.35,95.3665,-0.01650000000000773,-0.38717608005240356
2026-01-21 01:00:00,1768957200000,94.462,94.4715,-0.009500000000002728,-0.3674957475946463
2026-01-21 02:00:00,1768960800000,94.124,94.2183,-0.09430000000000405,-0.6059089179398813
2026-01-21 03:00:00,1768964400000,93.919,94.0249,-0.10590000000000543,-0.638522040298431
2026-01-21 04:00:00,1768968000000,94.36,94.4226,-0.06260000000000332,-0.5167851266669568
2026-01-21 05:00:00,1768971600000,94.634,94.6824,-0.04840000000000089,-0.4768621665383852
2026-01-21 06:00:00,1768975200000,94.404,94.475,-0.07099999999999795,-0.5404015256162334
2026-01-21 07:00:00,1768978800000,94.785,94.8112,-0.026200000000002888,-0.41444739788669116
2026-01-21 08:00:00,1768982400000,94.938,95.0099,-0.07189999999999941,-0.5429318540750901
2026-01-21 09:00:00,1768986000000,95.194,95.2226,-0.028599999999997294,-0.42119494044361594
2026-01-21 10:00:00,1768989600000,94.933,94.9452,-0.012199999999992883,-0.37508673297117673
2026-01-21 11:00:00,1768993200000,94.719,94.7844,-0.065400000000011,-0.5246572596500756
2026-01-21 12:00:00,1768996800000,94.21,94.195,0.015000000000000568,-0.29861458399253604
2026-01-21 13:00:00,1769000400000,95.003,95.0201,-0.017099999999999227,-0.38886296569161477
2026-01-21 14:00:00,1769004000000,93.74,93.8248,-0.08480000000000132,-0.5791998953186508
2026-01-21 15:00:00,1769007600000,93.673,93.7495,-0.0764999999999958,-0.5558646439758826
2026-01-21 16:00:00,1769011200000,93.407,93.514,-0.10699999999999932,-0.6416146639703448
2026-01-21 17:00:00,1769014800000,93.328,93.4241,-0.09609999999999275,-0.6109695748575549
2026-01-21 18:00:00,1769018400000,93.655,93.6783,-0.023299999999991883,-0.40629411729702375
2026-01-21 19:00:00,1769022000000,91.396,91.4096,-0.013599999999996726,-0.37902279946273615
2026-01-21 20:00:00,1769025600000,92.68,92.7898,-0.10979999999999279,-0.6494867969534237
2026-01-21 21:00:00,1769029200000,93.152,93.2765,-0.12449999999999761,-0.6908154951146979
2026-01-21 22:00:00,1769032800000,93.149,93.64,-0.49099999999999966,-1.7212214730808268
2026-01-21 23:00:00,1769036400000,90.977,91.0869,-0.10989999999999611,-0.6497679445599723
2026-01-22 00:00:00,1769040000000,91.905,92.016,-0.1110000000000042,-0.6528605682319261
2026-01-22 01:00:00,1769043600000,92.301,92.4442,-0.1431999999999931,-0.7433900975375134
2026-01-22 02:00:00,1769047200000,92.759,92.9034,-0.14440000000000452,-0.7467638688160158
2026-01-22 03:00:00,1769050800000,93.427,93.4978,-0.07079999999999131,-0.5398392304031364
2026-01-22 04:00:00,1769054400000,93.348,93.4539,-0.10590000000000543,-0.638522040298431
2026-01-22 05:00:00,1769058000000,93.821,93.8851,-0.06409999999999627,-0.5210023407650247
2026-01-22 06:00:00,1769061600000,94.099,94.1582,-0.05919999999998993,-0.5072261080445867
2026-01-22 07:00:00,1769065200000,94.221,94.2567,-0.035699999999991405,-0.44115642050788173
2026-01-22 08:00:00,1769068800000,94.103,94.1915,-0.08850000000001046,-0.5896023567606264
2026-01-22 09:00:00,1769072400000,93.9,93.9761,-0.07609999999999673,-0.5547400535497286
2026-01-22 10:00:00,1769076000000,93.792,93.8223,-0.030299999999996885,-0.425974449754781
2026-01-22 11:00:00,1769079600000,93.57,93.6406,-0.0706000000000131,-0.5392769351901192
2026-01-22 12:00:00,1769083200000,93.046,93.0599,-0.013899999999992474,-0.3798662422823418
2026-01-22 13:00:00,1769086800000,93.547,93.644,-0.09700000000000841,-0.6134999033164517
2026-01-22 14:00:00,1769090400000,93.893,93.999,-0.10599999999999454,-0.6388031879049395
2026-01-22 15:00:00,1769094000000,95.681,95.6744,0.006599999999991724,-0.3222309829418527
2026-01-22 16:00:00,1769097600000,95.831,95.9462,-0.11520000000000152,-0.6646687677065645
2026-01-22 17:00:00,1769101200000,96.334,96.388,-0.054000000000002046,-0.49260643250458297
2026-01-22 18:00:00,1769104800000,96.26,96.2648,-0.004799999999988813,-0.3542818100872654
2026-01-22 19:00:00,1769108400000,95.894,95.953,-0.0589999999999975,-0.5066638128315296
2026-01-22 20:00:00,1769112000000,96.105,96.1255,-0.02049999999999841,-0.3984219843139449
2026-01-22 21:00:00,1769115600000,96.4,96.225,0.17500000000001137,0.15122158647019476
2026-01-22 22:00:00,1769119200000,96.104,95.896,0.2079999999999984,0.2440002966280903
2026-01-22 23:00:00,1769122800000,97.002,96.9801,0.02190000000000225,-0.27921539914132737
2026-01-23 00:00:00,1769126400000,97.201,97.2154,-0.014400000000009072,-0.38127198031508436
2026-01-23 01:00:00,1769130000000,98.573,98.6074,-0.03440000000000509,-0.43750150162291074
2026-01-23 02:00:00,1769133600000,98.746,98.8436,-0.09759999999999991,-0.6151867889556628
2026-01-23 03:00:00,1769137200000,98.672,98.798,-0.12600000000000477,-0.6950327092128059
2026-01-23 04:00:00,1769140800000,98.683,98.6841,-0.0010999999999938836,-0.3438793486453297
2026-01-23 05:00:00,1769144400000,99.031,99.1488,-0.11779999999998836,-0.6719786054765463
2026-01-23 06:00:00,1769148000000,98.993,99.1339,-0.14090000000000202,-0.7369237025871371
2026-01-23 07:00:00,1769151600000,98.657,98.7354,-0.07840000000000202,-0.5612064485001448
2026-01-23 08:00:00,1769155200000,97.975,98.0623,-0.08729999999999905,-0.5862285854821241
2026-01-23 09:00:00,1769158800000,98.209,98.265,-0.055999999999997385,-0.49822938463535366
2026-01-23 10:00:00,1769162400000,98.966,98.9717,-0.005700000000004479,-0.3568121385461621
2026-01-23 11:00:00,1769166000000,99.012,99.0361,-0.02410000000000423,-0.40854329814937196
2026-01-23 12:00:00,1769169600000,99.26,99.3178,-0.057800000000000296,-0.5032900415530672
2026-01-23 13:00:00,1769173200000,99.575,99.7189,-0.14390000000000214,-0.745358130783313
2026-01-23 14:00:00,1769176800000,99.279,99.387,-0.10800000000000409,-0.6444261400357502
2026-01-23 15:00:00,1769180400000,99.731,99.8771,-0.14610000000000412,-0.7515433781271808
2026-01-23 16:00:00,1769184000000,100.59,100.6875,-0.09749999999999659,-0.6149056413491143
2026-01-23 17:00:00,1769187600000,100.7,100.7939,-0.09389999999999077,-0.6047843275136872
2026-01-23 18:00:00,1769191200000,100.77,100.9722,-0.20220000000000482,-0.9092671853956671
2026-01-23 19:00:00,1769194800000,101.77,101.9608,-0.19080000000001007,-0.8772163582502145
2026-01-23 20:00:00,1769198400000,102.43,102.5568,-0.1267999999999887,-0.6972818900650741
2026-01-23 21:00:00,1769202000000,103.07,103.1413,-0.07130000000000791,-0.541244968435879
2026-01-23 22:00:00,1769205600000,102.7,102.7383,-0.03829999999999245,-0.44846625827790354
2026-01-23 23:00:00,1769209200000,103.47,103.5279,-0.057900000000003615,-0.5035711891596157
2026-01-24 00:00:00,1769212800000,103.26,103.0703,0.18970000000000198,0.19255028463142895
2026-01-24 01:00:00,1769216400000,103.2,103.1,0.10000000000000853,-0.05963911843420407
2026-01-24 02:00:00,1769220000000,103.49,103.1,0.39000000000000057,0.7556889405294182
2026-01-24 03:00:00,1769223600000,103.55,103.3,0.25,0.36208229137455367
2026-01-24 04:00:00,1769227200000,103.49,103.4,0.0899999999999892,-0.08775387908817718
2026-01-24 05:00:00,1769230800000,103.38,103.5,-0.12000000000000455,-0.678163852820454
2026-01-24 06:00:00,1769234400000,103.48,103.8211,-0.3410999999999973,-1.2997812108785778
2026-01-24 07:00:00,1769238000000,104.03,103.5,0.5300000000000011,1.1492955896842827
2026-01-24 08:00:00,1769241600000,104.23,103.9964,0.2336000000000098,0.31597408390215437
2026-01-24 09:00:00,1769245200000,104.31,103.9964,0.3136000000000081,0.5408921691334998
2026-01-24 10:00:00,1769248800000,104.05,103.6,0.45000000000000284,0.9243775044529372
2026-01-24 11:00:00,1769252400000,103.76,102.9552,0.8048000000000002,1.9218892124539682
2026-01-24 12:00:00,1769256000000,103.56,103.0065,0.5534999999999997,1.2153652772209875
2026-01-24 13:00:00,1769259600000,103.68,103.0065,0.6735000000000042,1.5527424050680259
2026-01-24 14:00:00,1769263200000,103.74,103.4,0.3399999999999892,0.6151151372597923
2026-01-24 15:00:00,1769266800000,103.93,103.4,0.5300000000000011,1.1492955896842827
2026-01-24 16:00:00,1769270400000,104.24,104.1843,0.05570000000000164,-0.18418750813108362
2026-01-24 17:00:00,1769274000000,103.41,104.1843,-0.7742999999999967,-2.5177126424063374
2026-01-24 18:00:00,1769277600000,104.07,104.1843,-0.11430000000000007,-0.6621384392477077
2026-01-24 19:00:00,1769281200000,103.94,104.1843,-0.24429999999999552,-1.027630327748639
2026-01-24 20:00:00,1769284800000,104.1,104.1843,-0.08429999999999893,-0.5777941572859482
2026-01-24 21:00:00,1769288400000,103.83,104.1843,-0.35429999999999495,-1.336892694941744
2026-01-24 22:00:00,1769292000000,103.81,103.66,0.15000000000000568,0.08093468483538183
2026-01-24 23:00:00,1769295600000,103.75,103.4103,0.33969999999999345,0.6142716944401867
2026-01-25 00:00:00,1769299200000,103.84,103.4103,0.42969999999999686,0.8673045403254652
2026-01-25 01:00:00,1769302800000,104.16,104.2105,-0.050499999999999545,-0.4827662662757044
2026-01-25 02:00:00,1769306400000,104.39,104.2105,0.17950000000000443,0.16387322876443872
2026-01-25 03:00:00,1769310000000,104.63,104.3289,0.30109999999999104,0.5057487183160534
2026-01-25 04:00:00,1769313600000,104.81,104.4012,0.4087999999999994,0.8085446905587821
2026-01-25 05:00:00,1769317200000,104.58,104.4012,0.1787999999999954,0.16190519551863902
2026-01-25 06:00:00,1769320800000,104.87,104.4012,0.46880000000000166,0.9772332544823011
2026-01-25 07:00:00,1769324400000,104.92,104.4012,0.5187999999999988,1.117807057751887
2026-01-25 08:00:00,1769328000000,105.22,103.2019,2.018100000000004,5.333053122593944
2026-01-25 09:00:00,1769331600000,105.04,104.4012,0.6388000000000034,1.4551841855989254
2026-01-25 10:00:00,1769335200000,104.88,104.4012,0.47879999999999256,1.0053480151361944
2026-01-25 11:00:00,1769338800000,104.78,103.52,1.2600000000000051,3.201673117420365
2026-01-25 12:00:00,1769342400000,104.8,103.52,1.2800000000000011,3.2579026387281913
2026-01-25 13:00:00,1769346000000,104.74,103.521,1.218999999999994,3.0864025987392667
2026-01-25 14:00:00,1769349600000,104.17,103.521,0.6490000000000009,1.4838612414659156
2026-01-25 15:00:00,1769353200000,104.32,103.521,0.7989999999999924,1.9055826512746734
2026-01-25 16:00:00,1769356800000,105.27,104.546,0.7239999999999895,1.6947219463702745
2026-01-25 17:00:00,1769360400000,105.89,104.66,1.230000000000004,3.1173288354586055
2026-01-25 18:00:00,1769364000000,105.13,104.7549,0.3750999999999891,0.713797947155047
2026-01-25 19:00:00,1769367600000,104.3,103.81,0.4899999999999949,1.0368365470685899
2026-01-25 20:00:00,1769371200000,105.24,103.7934,1.4465999999999894,3.7262945512224452
2026-01-25 21:00:00,1769374800000,105.54,103.7343,1.8057000000000016,4.735895606304703
2026-01-25 22:00:00,1769378400000,105.21,103.75,1.4599999999999937,3.7639683304987086
2026-01-25 23:00:00,1769382000000,105.03,105.1036,-0.073599999999999,-0.5477113633862553
2026-01-26 00:00:00,1769385600000,106.18,106.4251,-0.24509999999999366,-1.0298795086009473
2026-01-26 01:00:00,1769389200000,107.58,107.5945,-0.014499999999998181,-0.38155312792159296
2026-01-26 02:00:00,1769392800000,108.94,108.9625,-0.022500000000007958,-0.4040449364447555
2026-01-26 03:00:00,1769396400000,108.22,108.2519,-0.03190000000000737,-0.43047281145943744
2026-01-26 04:00:00,1769400000000,108.06,108.1611,-0.10110000000000241,-0.6250269551845414
2026-01-26 05:00:00,1769403600000,107.77,107.7748,-0.004800000000003024,-0.35428181008730536
2026-01-26 06:00:00,1769407200000,107.66,107.6264,0.03359999999999275,-0.24632112917626914
2026-01-26 07:00:00,1769410800000,108.38,108.4036,-0.02360000000000184,-0.40713756011666935
2026-01-26 08:00:00,1769414400000,109.34,109.2746,0.0653999999999968,-0.15691619029679604
2026-01-26 09:00:00,1769418000000,109.12,109.0574,0.06260000000000332,-0.16478832327987494
2026-01-26 10:00:00,1769421600000,109.48,109.4776,0.0024000000000086175,-0.3340391824164511
2026-01-26 11:00:00,1769425200000,109.38,109.4535,-0.07350000000000989,-0.5474302157797467
2026-01-26 12:00:00,1769428800000,109.39,109.3701,0.019900000000006912,-0.284838351272098
2026-01-26 13:00:00,1769432400000,109.11,109.0973,0.01269999999999527,-0.3050809789429523
2026-01-26 14:00:00,1769436000000,111.23,111.3352,-0.10519999999999641,-0.6365540070526313
2026-01-26 15:00:00,1769439600000,112.21,112.2041,0.005899999999996908,-0.32419901618761243
2026-01-26 16:00:00,1769443200000,114.31,114.2194,0.09060000000000912,-0.08606699344888606
2026-01-26 17:00:00,1769446800000,117.21,117.0938,0.11619999999999209,-0.014093206174901866
2026-01-26 18:00:00,1769450400000,111.14,111.1972,-0.05719999999999459,-0.501603155913816
2026-01-26 19:00:00,1769454000000,107.47,107.3454,0.12460000000000093,0.009523192774414775
2026-01-26 20:00:00,1769457600000,108.47,108.4078,0.06220000000000425,-0.16591291370602906
2026-01-26 21:00:00,1769461200000,104.02,103.8687,0.151299999999992,0.08458960372035279
2026-01-26 22:00:00,1769464800000,104.09,104.104,-0.013999999999995794,-0.3801473898888903
2026-01-26 23:00:00,1769468400000,106.77,106.6225,0.14749999999999375,0.07390599467186858
2026-01-27 00:00:00,1769472000000,106.2,106.1055,0.09449999999999648,-0.07510223679389327
2026-01-27 01:00:00,1769475600000,110.15,110.0418,0.10820000000001073,-0.03658501469798447
2026-01-27 02:00:00,1769479200000,110.4,110.3454,0.05460000000000775,-0.1872801318029975
2026-01-27 03:00:00,1769482800000,109.86,109.6982,0.1617999999999995,0.1141101024069886
2026-01-27 04:00:00,1769486400000,108.2,108.0588,0.14119999999999777,0.05619369545991106
2026-01-27 05:00:00,1769490000000,109.95,109.9383,0.011700000000004707,-0.30789245500831763
2026-01-27 06:00:00,1769493600000,109.94,109.8344,0.10559999999999548,-0.043894852468046246
2026-01-27 07:00:00,1769497200000,112.62,112.4949,0.12510000000000332,0.010928930807117425
2026-01-27 08:00:00,1769500800000,111.32,111.2041,0.11589999999999634,-0.014936648994507477
2026-01-27 09:00:00,1769504400000,112.55,112.3479,0.2021000000000015,0.2274125878422869
2026-01-27 10:00:00,1769508000000,112.41,112.3028,0.10719999999999175,-0.03939649076342973
2026-01-27 11:00:00,1769511600000,111.64,111.5062,0.1337999999999937,0.035388772575999726
2026-01-27 12:00:00,1769515200000,111.08,110.9965,0.0835000000000008,-0.10602847351319179
2026-01-27 13:00:00,1769518800000,111.96,111.8611,0.09890000000000043,-0.0627317421061579
2026-01-27 14:00:00,1769522400000,106.72,106.3073,0.41270000000000095,0.8195094472138148
2026-01-27 15:00:00,1769526000000,108.43,108.3002,0.12980000000000302,0.02414286831445842
2026-01-27 16:00:00,1769529600000,107.96,107.9239,0.03609999999999047,-0.23929243901279582
2026-01-27 17:00:00,1769533200000,106.6,106.6187,-0.01870000000000971,-0.3933613273962712
2026-01-27 18:00:00,1769536800000,107.93,107.9536,-0.02359999999998763,-0.4071375601166294
2026-01-27 19:00:00,1769540400000,109.4,109.3738,0.026200000000002888,-0.2671260520601405
2026-01-27 20:00:00,1769544000000,112.17,112.1592,0.010800000000003251,-0.3104227834671744
2026-01-27 21:00:00,1769547600000,112.16,112.077,0.08299999999999841,-0.10743421154589444
2026-01-27 22:00:00,1769551200000,112.37,111.4791,0.890900000000002,2.163957301684214
2026-01-27 23:00:00,1769554800000,112.88,112.858,0.02199999999999136,-0.2789342515348188
2026-01-28 00:00:00,1769558400000,113.47,113.4711,-0.0011000000000080945,-0.3438793486453697
2026-01-28 01:00:00,1769562000000,113.24,113.1237,0.11629999999999541,-0.013812058568353346
2026-01-28 02:00:00,1769565600000,114.56,114.4992,0.06080000000000041,-0.1698489801975885
2026-01-28 03:00:00,1769569200000,114.84,114.8109,0.02909999999999968,-0.25897277147051306
2026-01-28 04:00:00,1769572800000,115.85,115.7518,0.0981999999999914,-0.06469977535195759
2026-01-28 05:00:00,1769576400000,115.42,115.3372,0.08280000000000598,-0.10799650675895153
2026-01-28 06:00:00,1769580000000,115.27,115.1749,0.09510000000000218,-0.07341535115464211
2026-01-28 07:00:00,1769583600000,114.8,114.7765,0.023499999999998522,-0.27471703743671083
2026-01-28 08:00:00,1769587200000,113.98,113.9067,0.07330000000000325,-0.13470552938018204
2026-01-28 09:00:00,1769590800000,113.07,113.0345,0.03549999999999898,-0.24097932465200705
2026-01-28 10:00:00,1769594400000,113.01,112.9888,0.021200000000007435,-0.2811834323870871
2026-01-28 11:00:00,1769598000000,112.53,112.5544,-0.024399999999999977,-0.4093867409689776
2026-01-28 12:00:00,1769601600000,113.59,113.4962,0.09380000000000166,-0.07707027003965301
2026-01-28 13:00:00,1769605200000,114.16,114.078,0.08199999999999363,-0.11024568761129974
2026-01-28 14:00:00,1769608800000,114.97,115.0635,-0.09350000000000591,-0.603659737087573
2026-01-28 15:00:00,1769612400000,113.19,113.1982,-0.008200000000002206,-0.3638408287096354
2026-01-28 16:00:00,1769616000000,114.71,114.6412,0.06879999999999598,-0.14735717167446594
2026-01-28 17:00:00,1769619600000,114.23,114.157,0.0730000000000075,-0.13554897219978765
2026-01-28 18:00:00,1769623200000,111.79,111.6193,0.17070000000001073,0.1391322393890079
2026-01-28 19:00:00,1769626800000,114.49,114.473,0.016999999999995907,-0.2929916318617654
2026-01-28 20:00:00,1769630400000,116.48,116.4784,0.001600000000010482,-0.3362883632687594
2026-01-28 21:00:00,1769634000000,116.61,116.3709,0.23909999999999343,0.3314372022617637
2026-01-28 22:00:00,1769637600000,116.86,116.2985,0.5614999999999952,1.2378570857441102
2026-01-28 23:00:00,1769641200000,117.85,117.7582,0.09179999999999211,-0.08269322217046363
2026-01-29 00:00:00,1769644800000,118.0,117.8274,0.17260000000000275,0.14447404391323002
2026-01-29 01:00:00,1769648400000,117.99,117.98,0.009999999999990905,-0.3126719643195226
2026-01-29 02:00:00,1769652000000,117.74,117.6487,0.09129999999998972,-0.08409896020316628
2026-01-29 03:00:00,1769655600000,117.47,117.3739,0.09609999999999275,-0.07060387508927676
2026-01-29 04:00:00,1769659200000,118.47,118.441,0.028999999999996362,-0.2592539190770616
2026-01-29 05:00:00,1769662800000,118.35,118.2659,0.08409999999999229,-0.10434158787398057
2026-01-29 06:00:00,1769666400000,119.11,119.1075,0.0024999999999977263,-0.33375803480994254
2026-01-29 07:00:00,1769670000000,119.13,119.0791,0.05089999999999861,-0.19768259324497314
