timestamp,t,close_xyz_gold,close_lighter_xau,spread_gold,spread_gold_zscore
2025-12-22 14:00:00,1766412000000,4428.0,4419.72,8.279999999999745,-0.00045100227687434
2025-12-22 15:00:00,1766415600000,4435.0,4433.76,1.2399999999997817,-0.5700749156092787
2025-12-22 16:00:00,1766419200000,4446.3,4437.08,9.220000000000255,0.07560673615107352
2025-12-22 17:00:00,1766422800000,4442.8,4438.11,4.690000000000509,-0.2909268330812645
2025-12-22 18:00:00,1766426400000,4464.9,4434.3,30.599999999999454,1.8055157229474386
2025-12-22 19:00:00,1766430000000,4434.0,4431.37,2.630000000000109,-0.4576065577211774
2025-12-22 20:00:00,1766433600000,4442.0,4437.31,4.6899999999996,-0.2909268330813381
2025-12-22 21:00:00,1766437200000,4443.0,4443.82,-0.819999999999709,-0.736754640249118
2025-12-22 22:00:00,1766440800000,4438.5,4430.01,8.489999999999782,0.016540620137873708
2025-12-22 23:00:00,1766444400000,4463.0,4460.39,2.6099999999996726,-0.459224807474998
2025-12-23 00:00:00,1766448000000,4471.0,4470.71,0.2899999999999636,-0.6469417789140632
2025-12-23 01:00:00,1766451600000,4487.0,4487.35,-0.3500000000003638,-0.6987257710352176
2025-12-23 02:00:00,1766455200000,4487.0,4491.59,-4.5900000000001455,-1.0417947188376726
2025-12-23 03:00:00,1766458800000,4552.0,4486.81,65.1899999999996,4.604278672119037
2025-12-23 04:00:00,1766462400000,4482.7,4481.11,1.5900000000001455,-0.5417555449180074
2025-12-23 05:00:00,1766466000000,4485.4,4474.18,11.219999999999345,0.23743171152952472
2025-12-23 06:00:00,1766469600000,4482.1,4479.44,2.660000000000764,-0.4551791830904466
2025-12-23 07:00:00,1766473200000,4513.0,4485.39,27.609999999999673,1.5635873847565618
2025-12-23 08:00:00,1766476800000,4516.9,4490.51,26.389999999999418,1.464874149775641
2025-12-23 09:00:00,1766480400000,4498.1,4481.8,16.300000000000182,0.6484671489910454
2025-12-23 10:00:00,1766484000000,4492.3,4485.81,6.489999999999782,-0.1452843552406511
2025-12-23 11:00:00,1766487600000,4491.7,4494.36,-2.6599999999998545,-0.8856336175973726
2025-12-23 12:00:00,1766491200000,4488.3,4486.59,1.7100000000000364,-0.5320460463953047
2025-12-23 13:00:00,1766494800000,4480.1,4478.21,1.8900000000003274,-0.5174817986112139
2025-12-23 14:00:00,1766498400000,4451.5,4446.09,5.4099999999998545,-0.23266984194504858
2025-12-23 15:00:00,1766502000000,4457.8,4457.58,0.22000000000025466,-0.652605653052288
2025-12-23 16:00:00,1766505600000,4471.8,4472.89,-1.0900000000001455,-0.7586010119252541
2025-12-23 17:00:00,1766509200000,4478.0,4469.61,8.390000000000327,0.008449371368991621
2025-12-23 18:00:00,1766512800000,4489.0,4484.33,4.670000000000073,-0.29254508283508507
2025-12-23 19:00:00,1766516400000,4491.4,4490.6,0.7999999999992724,-0.6056764101925953
2025-12-23 20:00:00,1766520000000,4499.9,4495.43,4.469999999999345,-0.3087275803729964
2025-12-23 21:00:00,1766523600000,4490.3,4482.81,7.489999999999782,-0.06437186755138868
2025-12-23 22:00:00,1766527200000,4490.7,4499.61,-8.909999999999854,-1.3913366656552626
2025-12-23 23:00:00,1766530800000,4507.2,4504.46,2.7399999999997817,-0.44870618407538504
2025-12-24 00:00:00,1766534400000,4517.4,4513.06,4.339999999999236,-0.31924620377260937
2025-12-24 01:00:00,1766538000000,4515.4,4520.0,-4.600000000000364,-1.0426038437145828
2025-12-24 02:00:00,1766541600000,4487.0,4478.77,8.229999999999563,-0.004496626661352178
2025-12-24 03:00:00,1766545200000,4493.4,4490.96,2.4399999999996,-0.4729799303821785
2025-12-24 04:00:00,1766548800000,4496.2,4496.84,-0.6400000000003274,-0.7221903924651008
2025-12-24 05:00:00,1766552400000,4493.6,4487.12,6.480000000000473,-0.14609348011748777
2025-12-24 06:00:00,1766556000000,4493.9,4492.38,1.519999999999527,-0.5474194190563058
2025-12-24 07:00:00,1766559600000,4491.8,4481.26,10.539999999999964,0.18241121990087633
2025-12-24 08:00:00,1766563200000,4484.6,4482.18,2.4200000000000728,-0.4745981801359255
2025-12-24 09:00:00,1766566800000,4494.4,4492.38,2.019999999999527,-0.5069631752116746
2025-12-24 10:00:00,1766570400000,4490.5,4486.98,3.5200000000004366,-0.3855944436777074
2025-12-24 11:00:00,1766574000000,4492.8,4491.67,1.1300000000001091,-0.578975289255071
2025-12-24 12:00:00,1766577600000,4494.2,4490.54,3.6599999999998545,-0.3742666954012578
2025-12-24 13:00:00,1766581200000,4487.6,4484.54,3.0600000000004,-0.42281418801477105
2025-12-24 14:00:00,1766584800000,4467.3,4463.05,4.25,-0.3265283276645812
2025-12-24 15:00:00,1766588400000,4457.8,4454.84,2.9600000000000364,-0.4309054367837267
2025-12-24 16:00:00,1766592000000,4482.6,4475.8,6.800000000000182,-0.12020148405694736
2025-12-24 17:00:00,1766595600000,4483.7,4479.23,4.470000000000255,-0.30872758037292286
2025-12-24 18:00:00,1766599200000,4481.8,4477.64,4.1599999999998545,-0.3338104515566266
2025-12-24 19:00:00,1766602800000,4480.2,4478.14,2.0599999999994907,-0.503726675704107
2025-12-24 20:00:00,1766606400000,4481.6,4476.87,4.730000000000473,-0.28769033357369694
2025-12-24 21:00:00,1766610000000,4481.8,4475.7,6.100000000000364,-0.17684022543941633
2025-12-24 22:00:00,1766613600000,4485.9,4480.4,5.5,-0.2253877180530032
2025-12-24 23:00:00,1766617200000,4485.0,4478.28,6.720000000000255,-0.12667448307208246
2025-12-25 00:00:00,1766620800000,4485.4,4478.73,6.670000000000073,-0.1307201074565603
2025-12-25 01:00:00,1766624400000,4485.2,4476.33,8.86999999999989,0.04728736545980225
2025-12-25 02:00:00,1766628000000,4482.7,4474.17,8.529999999999745,0.01977711964544126
2025-12-25 03:00:00,1766631600000,4483.2,4476.03,7.170000000000073,-0.0902638636119291
2025-12-25 04:00:00,1766635200000,4488.6,4477.46,11.140000000000327,0.2309587125144632
2025-12-25 05:00:00,1766638800000,4488.0,4477.2,10.800000000000182,0.20344846670010222
2025-12-25 06:00:00,1766642400000,4489.2,4477.38,11.819999999999709,0.28597920414311157
2025-12-25 07:00:00,1766646000000,4490.1,4478.13,11.970000000000255,0.2981160772965451
2025-12-25 08:00:00,1766649600000,4490.6,4474.47,16.13000000000011,0.6347120260838649
2025-12-25 09:00:00,1766653200000,4488.3,4477.07,11.230000000000473,0.2382408364065086
2025-12-25 10:00:00,1766656800000,4488.4,4478.88,9.519999999999527,0.09988048245779337
2025-12-25 11:00:00,1766660400000,4486.1,4479.1,7.0,-0.1040189865191096
2025-12-25 12:00:00,1766664000000,4479.8,4479.04,0.7600000000002183,-0.6089129097000893
2025-12-25 13:00:00,1766667600000,4481.9,4479.52,2.3799999999991996,-0.47783467964356663
2025-12-25 14:00:00,1766671200000,4480.4,4480.76,-0.3600000000005821,-0.6995348959121279
2025-12-25 15:00:00,1766674800000,4482.3,4481.5,0.8000000000001819,-0.6056764101925217
2025-12-25 16:00:00,1766678400000,4488.4,4478.74,9.659999999999854,0.1112082307343166
2025-12-25 17:00:00,1766682000000,4483.5,4481.33,2.1700000000000728,-0.4948263020582411
2025-12-25 18:00:00,1766685600000,4490.5,4482.05,8.449999999999818,0.013304120630306154
2025-12-25 19:00:00,1766689200000,4485.9,4482.76,3.139999999999418,-0.4163411889997095
2025-12-25 20:00:00,1766692800000,4490.5,4485.86,4.640000000000327,-0.29497245746574235
2025-12-25 21:00:00,1766696400000,4491.0,4483.71,7.289999999999964,-0.08055436508922645
2025-12-25 22:00:00,1766700000000,4489.9,4480.01,9.889999999999418,0.12981810290281162
2025-12-25 23:00:00,1766703600000,4493.2,4492.82,0.38000000000010914,-0.6396596550220178
2025-12-26 00:00:00,1766707200000,4514.7,4515.27,-0.5700000000006185,-0.716526518326876
2025-12-26 01:00:00,1766710800000,4498.8,4502.5,-3.699999999999818,-0.9697826047942025
2025-12-26 02:00:00,1766714400000,4502.6,4506.35,-3.75,-0.9738282291786803
2025-12-26 03:00:00,1766718000000,4506.2,4501.6,4.599999999999454,-0.2982089569733835
2025-12-26 04:00:00,1766721600000,4512.3,4508.95,3.350000000000364,-0.3993495665848879
2025-12-26 05:00:00,1766725200000,4513.6,4509.72,3.880000000000109,-0.3564659481095994
2025-12-26 06:00:00,1766728800000,4517.1,4509.99,7.110000000000582,-0.09511861287324364
2025-12-26 07:00:00,1766732400000,4517.1,4510.99,6.110000000000582,-0.17603110056250604
2025-12-26 08:00:00,1766736000000,4517.0,4517.31,-0.3100000000004002,-0.69548927152765
2025-12-26 09:00:00,1766739600000,4519.0,4513.09,5.9099999999998545,-0.19221359810041738
2025-12-26 10:00:00,1766743200000,4519.2,4514.19,5.010000000000218,-0.2650348370207241
2025-12-26 11:00:00,1766746800000,4513.1,4509.47,3.630000000000109,-0.376694070031915
2025-12-26 12:00:00,1766750400000,4513.7,4506.77,6.9299999999993815,-0.10968286065740801
2025-12-26 13:00:00,1766754000000,4526.5,4524.46,2.0399999999999636,-0.505344925457854
2025-12-26 14:00:00,1766757600000,4529.4,4523.25,6.149999999999636,-0.17279460105501207
2025-12-26 15:00:00,1766761200000,4552.9,4547.79,5.109999999999673,-0.256943588251842
2025-12-26 16:00:00,1766764800000,4545.1,4539.27,5.829999999999927,-0.19868659711555248
2025-12-26 17:00:00,1766768400000,4518.2,4520.62,-2.4200000000000728,-0.8662146205519672
2025-12-26 18:00:00,1766772000000,4532.1,4534.97,-2.869999999999891,-0.9026252400121206
2025-12-26 19:00:00,1766775600000,4527.3,4525.04,2.2600000000002183,-0.48754417816619566
2025-12-26 20:00:00,1766779200000,4536.2,4534.1,2.0999999999994543,-0.5004901761965395
2025-12-26 21:00:00,1766782800000,4537.9,4534.13,3.769999999999527,-0.3653663217554654
2025-12-26 22:00:00,1766786400000,4538.9,4525.56,13.339999999999236,0.40896618543075214
2025-12-26 23:00:00,1766790000000,4537.4,4533.0,4.399999999999636,-0.31439145451122125
2025-12-27 00:00:00,1766793600000,4537.2,4521.0,16.199999999999818,0.6403759002220897
2025-12-27 01:00:00,1766797200000,4536.6,4521.0,15.600000000000364,0.5918284076085765
2025-12-27 02:00:00,1766800800000,4533.3,4545.0,-11.699999999999818,-1.6170825063083019
2025-12-27 03:00:00,1766804400000,4533.4,4527.06,6.339999999999236,-0.1574212283940846
2025-12-27 04:00:00,1766808000000,4542.0,4527.1,14.899999999999636,0.5351896662260339
2025-12-27 05:00:00,1766811600000,4540.3,4529.1,11.199999999999818,0.23581346177577775
2025-12-27 06:00:00,1766815200000,4549.6,4527.0,22.600000000000364,1.1582158214334133
2025-12-27 07:00:00,1766818800000,4547.9,4529.1,18.799999999999272,0.8507483682141278
2025-12-27 08:00:00,1766822400000,4550.1,4527.07,23.030000000000655,1.1930081911398196
2025-12-27 09:00:00,1766826000000,4555.0,4533.6,21.399999999999636,1.0611208362062394
2025-12-27 10:00:00,1766829600000,4564.2,4534.6,29.599999999999454,1.7246032352581762
2025-12-27 11:00:00,1766833200000,4557.2,4535.68,21.519999999999527,1.070830334728942
2025-12-27 12:00:00,1766836800000,4556.6,4535.68,20.920000000000073,1.0222828421154289
2025-12-27 13:00:00,1766840400000,4556.7,4535.68,21.019999999999527,1.0303740908843109
2025-12-27 14:00:00,1766844000000,4557.1,4535.68,21.420000000000073,1.06273908596006
2025-12-27 15:00:00,1766847600000,4554.7,4535.64,19.05999999999949,0.8717856150133536
2025-12-27 16:00:00,1766851200000,4554.9,4535.64,19.25999999999931,0.8879681125511915
2025-12-27 17:00:00,1766854800000,4559.5,4535.64,23.859999999999673,1.2601655559218279
2025-12-27 18:00:00,1766858400000,4559.4,4535.64,23.75999999999931,1.2520743071528722
2025-12-27 19:00:00,1766862000000,4562.8,4542.57,20.230000000000473,0.9664532256098701
2025-12-27 20:00:00,1766865600000,4561.4,4542.57,18.829999999999927,0.8531757428448586
2025-12-27 21:00:00,1766869200000,4558.9,4542.57,16.329999999999927,0.6508945236217026
2025-12-27 22:00:00,1766872800000,4558.7,4544.8,13.899999999999636,0.45427717853677146
2025-12-27 23:00:00,1766876400000,4554.2,4535.6,18.599999999999454,0.8345658706762901
2025-12-28 00:00:00,1766880000000,4547.9,4544.8,3.0999999999994543,-0.4195776885072771
2025-12-28 01:00:00,1766883600000,4544.2,4544.8,-0.6000000000003638,-0.7189538929575332
2025-12-28 02:00:00,1766887200000,4545.8,4544.8,1.0,-0.589493912654684
2025-12-28 03:00:00,1766890800000,4544.4,4544.3,0.0999999999994543,-0.6623151515750643
2025-12-28 04:00:00,1766894400000,4544.6,4535.6,9.0,0.05780598885941519
2025-12-28 05:00:00,1766898000000,4544.6,4535.6,9.0,0.05780598885941519
2025-12-28 06:00:00,1766901600000,4546.0,4535.6,10.399999999999636,0.1710834716243531
2025-12-28 07:00:00,1766905200000,4547.2,4535.6,11.599999999999454,0.26817845685145325
2025-12-28 08:00:00,1766908800000,4547.2,4535.6,11.599999999999454,0.26817845685145325
2025-12-28 09:00:00,1766912400000,4547.2,4535.6,11.599999999999454,0.26817845685145325
2025-12-28 10:00:00,1766916000000,4547.2,4544.2,3.0,-0.4276689372761592
2025-12-28 11:00:00,1766919600000,4547.2,4553.76,-6.5600000000004,-1.20119231958554
2025-12-28 12:00:00,1766923200000,4551.0,4549.28,1.7200000000002547,-0.5312369215183944
2025-12-28 13:00:00,1766926800000,4551.1,4540.0,11.100000000000364,0.22772221300689566
2025-12-28 14:00:00,1766930400000,4547.4,4535.0,12.399999999999636,0.3329084470028779
2025-12-28 15:00:00,1766934000000,4552.2,4529.01,23.1899999999996,1.205954189170016
2025-12-28 16:00:00,1766937600000,4550.6,4529.01,21.590000000000146,1.0764942088672405
2025-12-28 17:00:00,1766941200000,4551.2,4528.6,22.599999999999454,1.1582158214333396
2025-12-28 18:00:00,1766944800000,4551.4,4528.6,22.799999999999272,1.1743983189711773
2025-12-28 19:00:00,1766948400000,4553.2,4540.0,13.199999999999818,0.3976384371543025
2025-12-28 20:00:00,1766952000000,4552.8,4528.6,24.199999999999818,1.287675801736189
2025-12-28 21:00:00,1766955600000,4554.2,4528.6,25.599999999999454,1.4009532845011266
2025-12-28 22:00:00,1766959200000,4553.8,4528.6,25.199999999999818,1.368588289425451
2025-12-28 23:00:00,1766962800000,4541.0,4530.92,10.079999999999927,0.14519147556381268
2025-12-29 00:00:00,1766966400000,4500.0,4497.01,2.9899999999997817,-0.42847806215306944
2025-12-29 01:00:00,1766970000000,4496.3,4497.39,-1.0900000000001455,-0.7586010119252541
2025-12-29 02:00:00,1766973600000,4510.9,4507.99,2.9099999999998545,-0.4349510611682046
2025-12-29 03:00:00,1766977200000,4512.8,4510.83,1.9700000000002547,-0.5110087995960788
2025-12-29 04:00:00,1766980800000,4512.3,4511.19,1.110000000000582,-0.580593539008818
2025-12-29 05:00:00,1766984400000,4508.6,4502.0,6.600000000000364,-0.13638398159478513
2025-12-29 06:00:00,1766988000000,4475.7,4471.6,4.099999999999454,-0.3386652008180147
2025-12-29 07:00:00,1766991600000,4475.4,4472.1,3.2999999999992724,-0.4033951909694393
2025-12-29 08:00:00,1766995200000,4462.5,4459.76,2.7399999999997817,-0.44870618407538504
2025-12-29 09:00:00,1766998800000,4475.9,4470.1,5.799999999999272,-0.20111397174628334
2025-12-29 10:00:00,1767002400000,4461.5,4459.48,2.0200000000004366,-0.506963175211601
2025-12-29 11:00:00,1767006000000,4443.8,4443.47,0.32999999999992724,-0.6437052794064957
2025-12-29 12:00:00,1767009600000,4462.8,4462.0,0.8000000000001819,-0.6056764101925217
2025-12-29 13:00:00,1767013200000,4421.4,4420.65,0.75,-0.6097220345769996
2025-12-29 14:00:00,1767016800000,4362.1,4360.37,1.730000000000473,-0.5304277966414841
2025-12-29 15:00:00,1767020400000,4328.1,4326.36,1.7400000000006912,-0.5296186717645739
2025-12-29 16:00:00,1767024000000,4345.7,4341.68,4.019999999999527,-0.3451381998331498
2025-12-29 17:00:00,1767027600000,4328.5,4327.79,0.7100000000000364,-0.6129585340845671
2025-12-29 18:00:00,1767031200000,4334.2,4329.55,4.649999999999636,-0.29416333258890565
2025-12-29 19:00:00,1767034800000,4338.5,4336.16,2.3400000000001455,-0.48107117915106057
2025-12-29 20:00:00,1767038400000,4335.7,4332.54,3.1599999999998545,-0.414722939245889
2025-12-29 21:00:00,1767042000000,4333.5,4329.78,3.7200000000002547,-0.36941194613986966
2025-12-29 22:00:00,1767045600000,4332.1,4313.77,18.329999999999927,0.8127194990002274
2025-12-29 23:00:00,1767049200000,4347.4,4343.68,3.719999999999345,-0.3694119461399432
2025-12-30 00:00:00,1767052800000,4339.2,4338.36,0.8400000000001455,-0.6024399106849542
2025-12-30 01:00:00,1767056400000,4360.0,4356.88,3.119999999999891,-0.41795943875345654
2025-12-30 02:00:00,1767060000000,4365.5,4360.98,4.520000000000437,-0.304681955988445
2025-12-30 03:00:00,1767063600000,4362.4,4359.15,3.25,-0.4074408153538436
2025-12-30 04:00:00,1767067200000,4369.0,4362.9,6.100000000000364,-0.17684022543941633
2025-12-30 05:00:00,1767070800000,4382.1,4377.31,4.789999999999964,-0.2828355843123824
2025-12-30 06:00:00,1767074400000,4368.5,4363.64,4.859999999999673,-0.2771717101741576
2025-12-30 07:00:00,1767078000000,4374.3,4371.74,2.5600000000004,-0.46327043185940225
2025-12-30 08:00:00,1767081600000,4369.3,4363.68,5.619999999999891,-0.21567821953030053
2025-12-30 09:00:00,1767085200000,4376.6,4372.11,4.490000000000691,-0.3071093306191023
2025-12-30 10:00:00,1767088800000,4386.8,4383.52,3.2799999999997453,-0.4050134407231863
2025-12-30 11:00:00,1767092400000,4385.1,4382.01,3.0900000000001455,-0.42038681338411377
2025-12-30 12:00:00,1767096000000,4401.6,4399.89,1.7100000000000364,-0.5320460463953047
2025-12-30 13:00:00,1767099600000,4387.8,4387.38,0.42000000000007276,-0.6364231555144503
2025-12-30 14:00:00,1767103200000,4366.0,4364.39,1.6099999999996726,-0.5401372951642603
2025-12-30 15:00:00,1767106800000,4370.5,4362.51,7.989999999999782,-0.02391562370675749
2025-12-30 16:00:00,1767110400000,4376.5,4377.02,-0.5200000000004366,-0.7124808939423981
2025-12-30 17:00:00,1767114000000,4369.8,4367.88,1.9200000000000728,-0.5150544239805567
2025-12-30 18:00:00,1767117600000,4367.5,4363.91,3.5900000000001455,-0.37993056953948257
2025-12-30 19:00:00,1767121200000,4348.0,4346.19,1.8100000000004002,-0.523954797626349
2025-12-30 20:00:00,1767124800000,4341.1,4339.15,1.9500000000007276,-0.5126270493498258
2025-12-30 21:00:00,1767128400000,4339.6,4337.43,2.1700000000000728,-0.4948263020582411
2025-12-30 22:00:00,1767132000000,4347.2,4338.8,8.399999999999636,0.009258496245828316
2025-12-30 23:00:00,1767135600000,4337.3,4337.61,-0.3099999999994907,-0.6954892715275764
2025-12-31 00:00:00,1767139200000,4341.2,4340.79,0.4099999999998545,-0.6372322803913606
2025-12-31 01:00:00,1767142800000,4368.3,4362.7,5.600000000000364,-0.21729646928404753
2025-12-31 02:00:00,1767146400000,4349.9,4347.3,2.5999999999994543,-0.46003393235190826
2025-12-31 03:00:00,1767150000000,4347.3,4346.22,1.0799999999999272,-0.5830209136395489
2025-12-31 04:00:00,1767153600000,4334.7,4328.31,6.389999999999418,-0.15337560400960676
2025-12-31 05:00:00,1767157200000,4278.4,4280.91,-2.5100000000002183,-0.8734967444440126
2025-12-31 06:00:00,1767160800000,4326.3,4325.61,0.6900000000005093,-0.614576783838314
2025-12-31 07:00:00,1767164400000,4328.6,4329.91,-1.3099999999994907,-0.7764017592168388
2025-12-31 08:00:00,1767168000000,4304.2,4307.22,-3.0200000000004366,-0.9147621131655541
2025-12-31 09:00:00,1767171600000,4330.7,4326.95,3.75,-0.3669845715092124
2025-12-31 10:00:00,1767175200000,4310.0,4305.99,4.010000000000218,-0.3459473247099865
2025-12-31 11:00:00,1767178800000,4313.5,4309.99,3.5100000000002183,-0.3864035685546177
2025-12-31 12:00:00,1767182400000,4315.2,4311.95,3.25,-0.4074408153538436
2025-12-31 13:00:00,1767186000000,4342.3,4345.2,-2.899999999999636,-0.9050526146427779
2025-12-31 14:00:00,1767189600000,4345.6,4344.46,1.1400000000003274,-0.5781661643781607
2025-12-31 15:00:00,1767193200000,4333.1,4331.82,1.2800000000006548,-0.5668384161016375
2025-12-31 16:00:00,1767196800000,4323.5,4320.93,2.569999999999709,-0.46246130698256555
2025-12-31 17:00:00,1767200400000,4319.0,4319.69,-0.6899999999995998,-0.726236016849505
2025-12-31 18:00:00,1767204000000,4315.2,4318.65,-3.449999999999818,-0.9495544828718869
2025-12-31 19:00:00,1767207600000,4310.4,4310.29,0.10999999999967258,-0.661506026698154
2025-12-31 20:00:00,1767211200000,4320.7,4311.78,8.920000000000073,0.051332989844280086
2025-12-31 21:00:00,1767214800000,4318.3,4317.08,1.2200000000002547,-0.5716931653630256
2025-12-31 22:00:00,1767218400000,4319.8,4335.93,-16.13000000000011,-1.9755248267717578
2025-12-31 23:00:00,1767222000000,4318.7,4318.65,0.0500000000001819,-0.6663607759594685
2026-01-01 00:00:00,1767225600000,4320.2,4319.06,1.139999999999418,-0.5781661643782343
2026-01-01 01:00:00,1767229200000,4319.1,4317.25,1.8500000000003638,-0.5207182981187815
2026-01-01 02:00:00,1767232800000,4318.9,4317.67,1.2299999999995634,-0.5708840404861889
2026-01-01 03:00:00,1767236400000,4319.6,4318.98,0.6200000000008004,-0.6202406579765389
2026-01-01 04:00:00,1767240000000,4319.2,4318.97,0.22999999999956344,-0.6517965281754513
2026-01-01 05:00:00,1767243600000,4321.0,4319.97,1.0299999999997453,-0.5870665380240266
2026-01-01 06:00:00,1767247200000,4324.2,4320.8,3.399999999999636,-0.39530394220048365
2026-01-01 07:00:00,1767250800000,4322.0,4321.06,0.9399999999995998,-0.594348661916072
2026-01-01 08:00:00,1767254400000,4321.9,4323.39,-1.4900000000006912,-0.7909660070010033
2026-01-01 09:00:00,1767258000000,4321.3,4321.98,-0.6799999999993815,-0.7254268919725947
2026-01-01 10:00:00,1767261600000,4322.9,4323.07,-0.17000000000007276,-0.6841615232511269
2026-01-01 11:00:00,1767265200000,4324.6,4323.48,1.1200000000008004,-0.5797844141319077
2026-01-01 12:00:00,1767268800000,4319.1,4321.12,-2.019999999999527,-0.8338496254762181
2026-01-01 13:00:00,1767272400000,4321.3,4320.82,0.48000000000047294,-0.6315684062530621
2026-01-01 14:00:00,1767276000000,4319.2,4323.32,-4.119999999999891,-1.0037658496236985
2026-01-01 15:00:00,1767279600000,4321.1,4321.08,0.020000000000436557,-0.6687881505901258
2026-01-01 16:00:00,1767283200000,4321.1,4322.52,-1.4200000000000728,-0.7853021328627049
2026-01-01 17:00:00,1767286800000,4319.4,4320.72,-1.3200000000006185,-0.7772108840938228
2026-01-01 18:00:00,1767290400000,4319.5,4323.32,-3.819999999999709,-0.9794921033169052
2026-01-01 19:00:00,1767294000000,4319.0,4321.22,-2.2200000000002547,-0.8500321230141294
2026-01-01 20:00:00,1767297600000,4318.7,4323.01,-4.3100000000004,-1.0191392222846996
2026-01-01 21:00:00,1767301200000,4317.9,4320.05,-2.1500000000005457,-0.8443682488759047
2026-01-01 22:00:00,1767304800000,4317.3,4335.0,-17.699999999999818,-2.1025574324438763
2026-01-01 23:00:00,1767308400000,4348.3,4347.36,0.9400000000005093,-0.5943486619159984
2026-01-02 00:00:00,1767312000000,4351.4,4351.51,-0.11000000000058208,-0.6793067739898123
2026-01-02 01:00:00,1767315600000,4349.8,4345.99,3.8100000000004,-0.36212982224782425
2026-01-02 02:00:00,1767319200000,4348.0,4357.33,-9.329999999999927,-1.4253199104847587
2026-01-02 03:00:00,1767322800000,4369.2,4371.3,-2.100000000000364,-0.8403226244914268
2026-01-02 04:00:00,1767326400000,4370.2,4367.01,3.1899999999996,-0.4122955646152317
2026-01-02 05:00:00,1767330000000,4379.2,4378.11,1.0900000000001455,-0.5822117887626386
2026-01-02 06:00:00,1767333600000,4375.5,4371.26,4.239999999999782,-0.3273374525414915
2026-01-02 07:00:00,1767337200000,4380.8,4379.89,0.9099999999998545,-0.5967760365467294
2026-01-02 08:00:00,1767340800000,4388.6,4384.22,4.380000000000109,-0.3160097042649682
2026-01-02 09:00:00,1767344400000,4383.2,4382.24,0.9600000000000364,-0.5927304121622515
2026-01-02 10:00:00,1767348000000,4395.3,4393.61,1.6900000000005093,-0.5336642961490518
2026-01-02 11:00:00,1767351600000,4390.1,4390.06,0.03999999999996362,-0.6671699008363788
2026-01-02 12:00:00,1767355200000,4390.2,4391.26,-1.0600000000004002,-0.7561736372945969
2026-01-02 13:00:00,1767358800000,4376.6,4364.55,12.050000000000182,0.3045890763116802
2026-01-02 14:00:00,1767362400000,4353.7,4351.14,2.5599999999994907,-0.46327043185947586
2026-01-02 15:00:00,1767366000000,4340.0,4333.35,6.649999999999636,-0.13233835721038087
2026-01-02 16:00:00,1767369600000,4325.3,4323.09,2.2100000000000364,-0.4915898025506735
2026-01-02 17:00:00,1767373200000,4326.8,4322.19,4.610000000000582,-0.29739983209639964
2026-01-02 18:00:00,1767376800000,4318.8,4313.59,5.210000000000036,-0.24885233948288635
2026-01-02 19:00:00,1767380400000,4321.2,4317.3,3.899999999999636,-0.35484769835585245
2026-01-02 20:00:00,1767384000000,4333.2,4326.98,6.220000000000255,-0.16713072691671366
2026-01-02 21:00:00,1767387600000,4333.0,4330.73,2.2700000000004366,-0.4867350532892854
2026-01-02 22:00:00,1767391200000,4328.0,4313.9,14.100000000000364,0.4704596760746828
2026-01-02 23:00:00,1767394800000,4335.2,4313.9,21.300000000000182,1.0530295874373574
2026-01-03 00:00:00,1767398400000,4331.6,4313.9,17.700000000000728,0.7617446317560569
2026-01-03 01:00:00,1767402000000,4331.6,4313.9,17.700000000000728,0.7617446317560569
2026-01-03 02:00:00,1767405600000,4328.2,4313.9,14.300000000000182,0.4866421736125206
2026-01-03 03:00:00,1767409200000,4331.1,4313.9,17.200000000000728,0.7212883879114257
2026-01-03 04:00:00,1767412800000,4327.5,4313.91,13.590000000000146,0.42919430735314135
2026-01-03 05:00:00,1767416400000,4325.0,4314.0,11.0,0.21963096423793999
2026-01-03 06:00:00,1767420000000,4330.3,4315.18,15.11999999999989,0.5529904135176922
2026-01-03 07:00:00,1767423600000,4354.6,4315.18,39.42000000000007,2.519163864366783
2026-01-03 08:00:00,1767427200000,4347.6,4341.0,6.600000000000364,-0.13638398159478513
2026-01-03 09:00:00,1767430800000,4355.9,4320.0,35.899999999999636,2.234351907700544
2026-01-03 10:00:00,1767434400000,4361.5,4355.0,6.5,-0.1444752303637408
2026-01-03 11:00:00,1767438000000,4365.9,4355.0,10.899999999999636,0.2115397154689843
2026-01-03 12:00:00,1767441600000,4367.5,4356.32,11.180000000000291,0.23419521202203075
2026-01-03 13:00:00,1767445200000,4358.8,4356.3,2.5,-0.4681251811207904
2026-01-03 14:00:00,1767448800000,4358.6,4356.3,2.300000000000182,-0.4843076786586281
2026-01-03 15:00:00,1767452400000,4360.2,4356.32,3.880000000000109,-0.3564659481095994
2026-01-03 16:00:00,1767456000000,4360.1,4356.3,3.800000000000182,-0.36293894712473457
2026-01-03 17:00:00,1767459600000,4361.4,4356.3,5.099999999999454,-0.2577527131287523
2026-01-03 18:00:00,1767463200000,4360.7,4356.3,4.399999999999636,-0.31439145451122125
2026-01-03 19:00:00,1767466800000,4358.6,4325.21,33.39000000000033,2.0312615636005513
2026-01-03 20:00:00,1767470400000,4357.9,4325.21,32.6899999999996,1.9746228222180087
2026-01-03 21:00:00,1767474000000,4355.0,4325.21,29.789999999999964,1.7399766079191772
2026-01-03 22:00:00,1767477600000,4352.7,4356.3,-3.600000000000364,-0.9616913560253204
2026-01-03 23:00:00,1767481200000,4351.8,4356.3,-4.5,-1.034512594945627
2026-01-04 00:00:00,1767484800000,4341.1,4356.3,-15.199999999999818,-1.9002762132207203
2026-01-04 01:00:00,1767488400000,4346.0,4330.7,15.300000000000182,0.567554661301783
2026-01-04 02:00:00,1767492000000,4349.3,4330.7,18.600000000000364,0.8345658706763636
2026-01-04 03:00:00,1767495600000,4349.3,4356.3,-7.0,-1.236793814168783
2026-01-04 04:00:00,1767499200000,4345.1,4356.3,-11.199999999999818,-1.5766262624636707
2026-01-04 05:00:00,1767502800000,4344.2,4356.3,-12.100000000000364,-1.6494475013840508
2026-01-04 06:00:00,1767506400000,4346.1,4356.3,-10.199999999999818,-1.4957137747744083
2026-01-04 07:00:00,1767510000000,4349.2,4355.99,-6.789999999999964,-1.2198021917540351
2026-01-04 08:00:00,1767513600000,4343.8,4355.9,-12.099999999999454,-1.6494475013839773
2026-01-04 09:00:00,1767517200000,4348.6,4325.21,23.390000000000327,1.2221366867079275
2026-01-04 10:00:00,1767520800000,4345.4,4325.21,20.1899999999996,0.963216726102229
2026-01-04 11:00:00,1767524400000,4346.4,4325.23,21.170000000000073,1.0425109640377443
2026-01-04 12:00:00,1767528000000,4340.4,4325.23,15.170000000000073,0.55703603790217
2026-01-04 13:00:00,1767531600000,4338.2,4355.87,-17.670000000000073,-2.1001300578132187
2026-01-04 14:00:00,1767535200000,4334.7,4355.87,-21.170000000000073,-2.3833237647256373
2026-01-04 15:00:00,1767538800000,4345.9,4355.87,-9.970000000000255,-1.4771039026059132
2026-01-04 16:00:00,1767542400000,4351.0,4325.23,25.770000000000437,1.4147084074083807
2026-01-04 17:00:00,1767546000000,4349.5,4355.87,-6.369999999999891,-1.185818946924539
2026-01-04 18:00:00,1767549600000,4348.7,4325.23,23.470000000000255,1.2286096857230626
2026-01-04 19:00:00,1767553200000,4351.5,4325.23,26.270000000000437,1.4551646512530119
2026-01-04 20:00:00,1767556800000,4361.8,4325.23,36.57000000000062,2.288563274452429
2026-01-04 21:00:00,1767560400000,4355.6,4325.23,30.3700000000008,1.7869058507790172
2026-01-04 22:00:00,1767564000000,4365.1,4325.22,39.88000000000011,2.5563836087038467
2026-01-04 23:00:00,1767567600000,4373.6,4370.69,2.910000000000764,-0.434951061168131
2026-01-05 00:00:00,1767571200000,4380.8,4391.75,-10.949999999999818,-1.556398140541355
2026-01-05 01:00:00,1767574800000,4394.8,4398.26,-3.4600000000000364,-0.9503636077487971
2026-01-05 02:00:00,1767578400000,4399.0,4402.93,-3.930000000000291,-0.9883924769627711
2026-01-05 03:00:00,1767582000000,4402.3,4396.84,5.460000000000036,-0.22862421756057075
2026-01-05 04:00:00,1767585600000,4401.3,4401.22,0.07999999999992724,-0.6639334013288113
2026-01-05 05:00:00,1767589200000,4403.5,4408.1,-4.600000000000364,-1.0426038437145828
2026-01-05 06:00:00,1767592800000,4421.5,4417.42,4.079999999999927,-0.3402834505717617
2026-01-05 07:00:00,1767596400000,4421.3,4418.81,2.4899999999997817,-0.46893430599770064
2026-01-05 08:00:00,1767600000000,4430.3,4427.02,3.2799999999997453,-0.4050134407231863
2026-01-05 09:00:00,1767603600000,4435.3,4432.88,2.4200000000000728,-0.4745981801359255
2026-01-05 10:00:00,1767607200000,4436.9,4433.6,3.2999999999992724,-0.4033951909694393
2026-01-05 11:00:00,1767610800000,4421.7,4416.49,5.210000000000036,-0.24885233948288635
2026-01-05 12:00:00,1767614400000,4409.9,4406.92,2.9799999999995634,-0.42928718702997976
2026-01-05 13:00:00,1767618000000,4414.6,4415.0,-0.3999999999996362,-0.7027713954196219
2026-01-05 14:00:00,1767621600000,4441.3,4433.84,7.460000000000036,-0.06679924218204596
2026-01-05 15:00:00,1767625200000,4449.1,4445.61,3.490000000000691,-0.3880218183083647
2026-01-05 16:00:00,1767628800000,4455.0,4440.0,15.0,0.5432809149949895
2026-01-05 17:00:00,1767632400000,4445.5,4440.9,4.600000000000364,-0.2982089569733099
2026-01-05 18:00:00,1767636000000,4448.5,4444.01,4.489999999999782,-0.3071093306191759
2026-01-05 19:00:00,1767639600000,4443.7,4437.6,6.099999999999454,-0.1768402254394899
2026-01-05 20:00:00,1767643200000,4445.3,4441.18,4.119999999999891,-0.33704695106419413
2026-01-05 21:00:00,1767646800000,4449.7,4446.1,3.5999999999994543,-0.3791214446626459
2026-01-05 22:00:00,1767650400000,4448.5,4440.0,8.5,0.017349745014783993
2026-01-05 23:00:00,1767654000000,4441.7,4438.4,3.300000000000182,-0.4033951909693657
2026-01-06 00:00:00,1767657600000,4437.8,4430.11,7.690000000000509,-0.04818937001347734
2026-01-06 01:00:00,1767661200000,4449.9,4445.6,4.299999999999272,-0.3224827032801769
2026-01-06 02:00:00,1767664800000,4458.8,4451.73,7.0700000000006185,-0.0983551123808112
2026-01-06 03:00:00,1767668400000,4471.9,4463.7,8.199999999999818,-0.006924001292009444
2026-01-06 04:00:00,1767672000000,4470.5,4463.97,6.529999999999745,-0.14204785573308354
2026-01-06 05:00:00,1767675600000,4456.4,4450.58,5.819999999999709,-0.19949572199246277
2026-01-06 06:00:00,1767679200000,4470.4,4464.1,6.299999999999272,-0.16065772790165214
2026-01-06 07:00:00,1767682800000,4464.0,4457.65,6.350000000000364,-0.15661210351710073
2026-01-06 08:00:00,1767686400000,4473.1,4466.17,6.930000000000291,-0.10968286065733442
2026-01-06 09:00:00,1767690000000,4452.1,4443.58,8.520000000000437,0.018967994768604564
2026-01-06 10:00:00,1767693600000,4452.7,4449.53,3.1700000000000728,-0.41391381436897867
2026-01-06 11:00:00,1767697200000,4464.8,4461.36,3.4400000000005093,-0.3920674426928425
2026-01-06 12:00:00,1767700800000,4464.5,4461.5,3.0,-0.4276689372761592
2026-01-06 13:00:00,1767704400000,4468.5,4465.1,3.399999999999636,-0.39530394220048365
2026-01-06 14:00:00,1767708000000,4492.3,4485.4,6.900000000000546,-0.11211023528799169
2026-01-06 15:00:00,1767711600000,4482.8,4475.7,7.100000000000364,-0.09592773775015392
2026-01-06 16:00:00,1767715200000,4493.3,4485.94,7.360000000000582,-0.07489049095092803
2026-01-06 17:00:00,1767718800000,4492.0,4488.8,3.199999999999818,-0.4114864397383214
2026-01-06 18:00:00,1767722400000,4491.1,4488.3,2.800000000000182,-0.4438514348139969
2026-01-06 19:00:00,1767726000000,4500.9,4481.69,19.210000000000036,0.8839224881667872
2026-01-06 20:00:00,1767729600000,4502.5,4493.55,8.949999999999818,0.05376036447493735
2026-01-06 21:00:00,1767733200000,4501.9,4494.55,7.349999999999454,-0.07569961582791192
2026-01-06 22:00:00,1767736800000,4508.2,4484.61,23.590000000000146,1.2383191842457653
2026-01-06 23:00:00,1767740400000,4506.8,4494.84,11.960000000000036,0.29730695241963484
2026-01-07 00:00:00,1767744000000,4495.3,4490.18,5.119999999999891,-0.25613446337493173
2026-01-07 01:00:00,1767747600000,4477.7,4467.0,10.699999999999818,0.19535721793114655
2026-01-07 02:00:00,1767751200000,4487.4,4475.5,11.899999999999636,0.2924522031582467
2026-01-07 03:00:00,1767754800000,4485.8,4475.38,10.420000000000073,0.17270172137817366
2026-01-07 04:00:00,1767758400000,4475.6,4465.7,9.900000000000546,0.1306272277797955
2026-01-07 05:00:00,1767762000000,4460.7,4453.34,7.359999999999673,-0.07489049095100163
2026-01-07 06:00:00,1767765600000,4454.9,4444.05,10.849999999999454,0.20749409108450648
2026-01-07 07:00:00,1767769200000,4465.6,4461.03,4.5700000000006185,-0.3006363316039672
2026-01-07 08:00:00,1767772800000,4472.7,4468.33,4.369999999999891,-0.31681882914187853
2026-01-07 09:00:00,1767776400000,4476.5,4464.07,12.430000000000291,0.33533582163360875
2026-01-07 10:00:00,1767780000000,4477.0,4463.48,13.520000000000437,0.4235304332149165
2026-01-07 11:00:00,1767783600000,4456.2,4447.52,8.679999999999382,0.03191399279880118
2026-01-07 12:00:00,1767787200000,4446.4,4445.4,1.0,-0.589493912654684
2026-01-07 13:00:00,1767790800000,4453.0,4451.61,1.3900000000003274,-0.5579380424558451
2026-01-07 14:00:00,1767794400000,4453.0,4446.02,6.979999999999563,-0.10563723627293017
2026-01-07 15:00:00,1767798000000,4448.0,4443.5,4.5,-0.3063002057422656
2026-01-07 16:00:00,1767801600000,4469.1,4461.55,7.550000000000182,-0.059517118290000566
2026-01-07 17:00:00,1767805200000,4455.8,4450.52,5.279999999999745,-0.24318846534466151
2026-01-07 18:00:00,1767808800000,4454.2,4451.76,2.4399999999996,-0.4729799303821785
2026-01-07 19:00:00,1767812400000,4457.5,4456.18,1.319999999999709,-0.5636019165941435
2026-01-07 20:00:00,1767816000000,4459.8,4450.94,8.860000000000582,0.04647824058296555
2026-01-07 21:00:00,1767819600000,4464.5,4453.96,10.539999999999964,0.18241121990087633
2026-01-07 22:00:00,1767823200000,4471.2,4439.8,31.399999999999636,1.8702457130988632
2026-01-07 23:00:00,1767826800000,4471.8,4461.32,10.480000000000473,0.1775564706395618
2026-01-08 00:00:00,1767830400000,4455.1,4452.68,2.4200000000000728,-0.4745981801359255
2026-01-08 01:00:00,1767834000000,4450.4,4448.91,1.4899999999997817,-0.5498467936869631
2026-01-08 02:00:00,1767837600000,4441.7,4443.29,-1.5900000000001455,-0.7990572557698853
2026-01-08 03:00:00,1767841200000,4445.3,4442.17,3.130000000000109,-0.4171503138765462
2026-01-08 04:00:00,1767844800000,4434.1,4433.71,0.3900000000003274,-0.6388505301451075
2026-01-08 05:00:00,1767848400000,4425.6,4424.92,0.680000000000291,-0.6153859087152244
2026-01-08 06:00:00,1767852000000,4433.6,4433.4,0.2000000000007276,-0.654223902806035
2026-01-08 07:00:00,1767855600000,4432.1,4430.94,1.160000000000764,-0.5765479146243402
2026-01-08 08:00:00,1767859200000,4432.5,4431.36,1.1400000000003274,-0.5781661643781607
2026-01-08 09:00:00,1767862800000,4434.9,4432.82,2.0799999999999272,-0.5021084259502865
2026-01-08 10:00:00,1767866400000,4433.5,4433.22,0.27999999999974534,-0.6477509037909734
2026-01-08 11:00:00,1767870000000,4426.4,4422.3,4.099999999999454,-0.3386652008180147
2026-01-08 12:00:00,1767873600000,4427.5,4426.22,1.2799999999997453,-0.5668384161017112
2026-01-08 13:00:00,1767877200000,4425.5,4422.42,3.0799999999999272,-0.4211959382610241
2026-01-08 14:00:00,1767880800000,4436.5,4432.02,4.479999999999563,-0.30791845549608615
2026-01-08 15:00:00,1767884400000,4456.6,4452.93,3.6700000000000728,-0.37345757052434747
2026-01-08 16:00:00,1767888000000,4464.8,4461.3,3.5,-0.387212693431528
2026-01-08 17:00:00,1767891600000,4464.8,4462.26,2.5399999999999636,-0.46488868161322283
2026-01-08 18:00:00,1767895200000,4453.1,4447.34,5.760000000000218,-0.2043504712537773
2026-01-08 19:00:00,1767898800000,4455.1,4450.15,4.950000000000728,-0.26988958628203863
2026-01-08 20:00:00,1767902400000,4480.3,4473.92,6.380000000000109,-0.15418472888644344
2026-01-08 21:00:00,1767906000000,4481.7,4476.77,4.9299999999993815,-0.2715078360359328
2026-01-08 22:00:00,1767909600000,4482.3,4458.8,23.5,1.23103706035372
2026-01-08 23:00:00,1767913200000,4484.1,4473.29,10.8100000000004,0.2042575915770125
2026-01-09 00:00:00,1767916800000,4465.4,4459.41,5.989999999999782,-0.1857405990852823
2026-01-09 01:00:00,1767920400000,4471.0,4467.51,3.4899999999997817,-0.38802181830843824
2026-01-09 02:00:00,1767924000000,4473.0,4470.5,2.5,-0.4681251811207904
2026-01-09 03:00:00,1767927600000,4467.1,4463.77,3.3299999999999272,-0.4009678163387085
2026-01-09 04:00:00,1767931200000,4466.1,4464.17,1.930000000000291,-0.5142452991036464
2026-01-09 05:00:00,1767934800000,4469.1,4467.3,1.800000000000182,-0.5247639225032593
2026-01-09 06:00:00,1767938400000,4476.5,4473.1,3.399999999999636,-0.39530394220048365
2026-01-09 07:00:00,1767942000000,4474.0,4468.8,5.199999999999818,-0.24966146435979664
2026-01-09 08:00:00,1767945600000,4469.4,4466.1,3.2999999999992724,-0.4033951909694393
2026-01-09 09:00:00,1767949200000,4474.9,4469.83,5.069999999999709,-0.2601800877594096
2026-01-09 10:00:00,1767952800000,4475.0,4470.1,4.899999999999636,-0.27393521066659005
2026-01-09 11:00:00,1767956400000,4476.7,4473.05,3.649999999999636,-0.37507582027816805
2026-01-09 12:00:00,1767960000000,4472.0,4465.48,6.520000000000437,-0.14285698060992022
2026-01-09 13:00:00,1767963600000,4486.1,4480.79,5.3100000000004,-0.24076109071393068
2026-01-09 14:00:00,1767967200000,4498.8,4493.54,5.260000000000218,-0.2448067150984085
2026-01-09 15:00:00,1767970800000,4516.8,4509.68,7.119999999999891,-0.09430948799640694
2026-01-09 16:00:00,1767974400000,4509.6,4502.97,6.630000000000109,-0.13395660696412787
2026-01-09 17:00:00,1767978000000,4491.3,4483.13,8.170000000000073,-0.00935137592266671
2026-01-09 18:00:00,1767981600000,4500.2,4493.76,6.4399999999996,-0.14932997962512892
2026-01-09 19:00:00,1767985200000,4501.8,4495.33,6.470000000000255,-0.14690260499439806
2026-01-09 20:00:00,1767988800000,4509.4,4503.22,6.1799999999993815,-0.1703672264243548
2026-01-09 21:00:00,1767992400000,4511.9,4507.1,4.799999999999272,-0.2820264594355457
2026-01-09 22:00:00,1767996000000,4511.0,4519.99,-8.989999999999782,-1.3978096646703977
2026-01-09 23:00:00,1767999600000,4511.6,4518.74,-7.139999999999418,-1.2481215624452326
2026-01-10 00:00:00,1768003200000,4511.6,4518.74,-7.139999999999418,-1.2481215624452326
2026-01-10 01:00:00,1768006800000,4509.0,4518.75,-9.75,-1.4593031553142548
2026-01-10 02:00:00,1768010400000,4512.3,4491.01,21.289999999999964,1.052220462560447
2026-01-10 03:00:00,1768014000000,4514.1,4491.04,23.0600000000004,1.1954355657704767
2026-01-10 04:00:00,1768017600000,4517.7,4491.04,26.659999999999854,1.4867205214517771
2026-01-10 05:00:00,1768021200000,4521.4,4491.04,30.359999999999673,1.7860967259020333
2026-01-10 06:00:00,1768024800000,4522.6,4491.04,31.5600000000004,1.8831917111292071
2026-01-10 07:00:00,1768028400000,4522.8,4491.08,31.720000000000255,1.8961377091594773
2026-01-10 08:00:00,1768032000000,4526.5,4491.08,35.42000000000007,2.1955139136097332
2026-01-10 09:00:00,1768035600000,4527.0,4492.0,35.0,2.1615306687802374
2026-01-10 10:00:00,1768039200000,4528.3,4492.04,36.26000000000022,2.2634804032687255
2026-01-10 11:00:00,1768042800000,4528.0,4492.05,35.94999999999982,2.238397532085022
2026-01-10 12:00:00,1768046400000,4529.4,4492.05,37.349999999999454,2.3516750148499597
2026-01-10 13:00:00,1768050000000,4528.3,4504.59,23.710000000000036,1.248028682768468
2026-01-10 14:00:00,1768053600000,4528.1,4510.8,17.300000000000182,0.7293796366803078
2026-01-10 15:00:00,1768057200000,4522.6,4510.8,11.800000000000182,0.2843609543893646
2026-01-10 16:00:00,1768060800000,4521.9,4510.8,11.099999999999454,0.22772221300682205
2026-01-10 17:00:00,1768064400000,4522.1,4495.01,27.090000000000146,1.5215128911581834
2026-01-10 18:00:00,1768068000000,4522.6,4495.01,27.590000000000146,1.5619691350028146
2026-01-10 19:00:00,1768071600000,4522.6,4495.01,27.590000000000146,1.5619691350028146
2026-01-10 20:00:00,1768075200000,4523.3,4495.01,28.289999999999964,1.6186078763852836
2026-01-10 21:00:00,1768078800000,4551.2,4518.74,32.460000000000036,1.9560129500495138
2026-01-10 22:00:00,1768082400000,4539.9,4518.74,21.159999999999854,1.0417018391608341
2026-01-10 23:00:00,1768086000000,4534.5,4518.74,15.760000000000218,0.6047744056388467
2026-01-11 00:00:00,1768089600000,4533.0,4525.11,7.890000000000327,-0.032006872475639575
2026-01-11 01:00:00,1768093200000,4539.4,4525.11,14.289999999999964,0.4858330487356103
2026-01-11 02:00:00,1768096800000,4538.5,4525.11,13.390000000000327,0.4130118098153036
2026-01-11 03:00:00,1768100400000,4539.8,4525.11,14.69000000000051,0.5181980438113594
2026-01-11 04:00:00,1768104000000,4540.1,4525.11,14.990000000000691,0.5424717901181528
2026-01-11 05:00:00,1768107600000,4538.0,4525.11,12.890000000000327,0.3725555659706724
2026-01-11 06:00:00,1768111200000,4538.4,4525.11,13.289999999999964,0.40492056104634794
2026-01-11 07:00:00,1768114800000,4538.4,4525.11,13.289999999999964,0.40492056104634794
2026-01-11 08:00:00,1768118400000,4537.9,4525.11,12.789999999999964,0.36446431720171674
2026-01-11 09:00:00,1768122000000,4538.4,4525.11,13.289999999999964,0.40492056104634794
2026-01-11 10:00:00,1768125600000,4538.5,4525.1,13.399999999999636,0.41382093469214026
2026-01-11 11:00:00,1768129200000,4535.5,4525.1,10.399999999999636,0.1710834716243531
2026-01-11 12:00:00,1768132800000,4533.4,4525.1,8.299999999999272,0.0011672474768726414
2026-01-11 13:00:00,1768136400000,4533.9,4525.1,8.799999999999272,0.041623491321503836
2026-01-11 14:00:00,1768140000000,4527.6,4525.1,2.5,-0.4681251811207904
2026-01-11 15:00:00,1768143600000,4520.7,4500.0,20.699999999999818,1.0044820948237705
2026-01-11 16:00:00,1768147200000,4523.2,4500.0,23.199999999999818,1.2067633140469265
2026-01-11 17:00:00,1768150800000,4523.0,4500.0,23.0,1.1905808165090888
2026-01-11 18:00:00,1768154400000,4523.3,4500.0,23.300000000000182,1.2148545628158822
2026-01-11 19:00:00,1768158000000,4524.4,4500.0,24.399999999999636,1.3038582992740264
2026-01-11 20:00:00,1768161600000,4526.5,4500.0,26.5,1.473774523421507
2026-01-11 21:00:00,1768165200000,4524.2,4500.0,24.199999999999818,1.287675801736189
2026-01-11 22:00:00,1768168800000,4524.8,4500.0,24.800000000000182,1.3362232943497756
2026-01-11 23:00:00,1768172400000,4546.1,4537.47,8.63000000000011,0.027868368414396934
2026-01-12 00:00:00,1768176000000,4606.3,4587.68,18.61999999999989,0.8361841204301106
2026-01-12 01:00:00,1768179600000,4592.8,4570.2,22.600000000000364,1.1582158214334133
2026-01-12 02:00:00,1768183200000,4594.3,4576.97,17.329999999999927,0.731807011310965
2026-01-12 03:00:00,1768186800000,4587.9,4570.64,17.25999999999931,0.7261431371726667
2026-01-12 04:00:00,1768190400000,4585.8,4568.76,17.039999999999964,0.7083423898810819
2026-01-12 05:00:00,1768194000000,4595.9,4580.45,15.449999999999818,0.5796915344551429
2026-01-12 06:00:00,1768197600000,4583.0,4578.14,4.859999999999673,-0.2771717101741576
2026-01-12 07:00:00,1768201200000,4594.3,4585.64,8.659999999999854,0.0302957430450542
2026-01-12 08:00:00,1768204800000,4600.0,4596.65,3.350000000000364,-0.3993495665848879
2026-01-12 09:00:00,1768208400000,4592.9,4589.08,3.819999999999709,-0.36132069737098754
2026-01-12 10:00:00,1768212000000,4598.0,4594.5,3.5,-0.387212693431528
2026-01-12 11:00:00,1768215600000,4588.0,4586.02,1.9799999999995634,-0.5101996747192421
2026-01-12 12:00:00,1768219200000,4593.6,4590.13,3.4700000000002547,-0.38964006806218526
2026-01-12 13:00:00,1768222800000,4619.7,4614.64,5.059999999999491,-0.26098921263631986
2026-01-12 14:00:00,1768226400000,4605.9,4602.59,3.3099999999994907,-0.40258606609252906
2026-01-12 15:00:00,1768230000000,4624.8,4621.4,3.4000000000005457,-0.39530394220041004
2026-01-12 16:00:00,1768233600000,4618.0,4616.24,1.7600000000002183,-0.5280004220108269
2026-01-12 17:00:00,1768237200000,4621.7,4617.62,4.079999999999927,-0.3402834505717617
2026-01-12 18:00:00,1768240800000,4612.0,4610.03,1.9700000000002547,-0.5110087995960788
2026-01-12 19:00:00,1768244400000,4614.2,4611.41,2.7899999999999636,-0.44466055969090723
2026-01-12 20:00:00,1768248000000,4596.0,4595.7,0.3000000000001819,-0.6461326540371529
2026-01-12 21:00:00,1768251600000,4597.4,4597.03,0.36999999999989086,-0.6404687798989281
2026-01-12 22:00:00,1768255200000,4601.1,4583.4,17.700000000000728,0.7617446317560569
2026-01-12 23:00:00,1768258800000,4600.2,4600.17,0.02999999999974534,-0.667979025713289
2026-01-13 00:00:00,1768262400000,4593.3,4589.12,4.180000000000291,-0.332192201802806
2026-01-13 01:00:00,1768266000000,4585.2,4578.7,6.5,-0.1444752303637408
2026-01-13 02:00:00,1768269600000,4595.9,4593.58,2.319999999999709,-0.48268942890488115
2026-01-13 03:00:00,1768273200000,4599.6,4594.6,5.0,-0.2658439618976344
2026-01-13 04:00:00,1768276800000,4601.7,4597.11,4.5900000000001455,-0.2990180818502202
2026-01-13 05:00:00,1768280400000,4600.3,4593.04,7.260000000000218,-0.08298173971988372
2026-01-13 06:00:00,1768284000000,4587.6,4582.68,4.920000000000073,-0.27231696091276947
2026-01-13 07:00:00,1768287600000,4584.2,4582.28,1.9200000000000728,-0.5150544239805567
2026-01-13 08:00:00,1768291200000,4596.9,4594.49,2.4099999999998545,-0.47540730501283573
2026-01-13 09:00:00,1768294800000,4590.0,4587.52,2.4799999999995634,-0.46974343087461096
2026-01-13 10:00:00,1768298400000,4588.3,4585.76,2.5399999999999636,-0.46488868161322283
2026-01-13 11:00:00,1768302000000,4592.6,4588.71,3.8900000000003274,-0.35565682323268916
2026-01-13 12:00:00,1768305600000,4597.7,4593.85,3.8499999999994543,-0.3588933227403303
2026-01-13 13:00:00,1768309200000,4612.4,4611.48,0.9200000000000728,-0.5959669116698191
2026-01-13 14:00:00,1768312800000,4630.1,4629.06,1.0399999999999636,-0.5862574131471164
2026-01-13 15:00:00,1768316400000,4620.6,4619.35,1.25,-0.5692657907323684
2026-01-13 16:00:00,1768320000000,4613.7,4612.2,1.5,-0.5490376688100528
2026-01-13 17:00:00,1768323600000,4590.8,4589.77,1.0299999999997453,-0.5870665380240266
2026-01-13 18:00:00,1768327200000,4596.1,4593.34,2.7600000000002183,-0.44708793432156446
2026-01-13 19:00:00,1768330800000,4598.5,4595.64,2.8599999999996726,-0.4389966855526824
2026-01-13 20:00:00,1768334400000,4586.8,4586.53,0.27000000000043656,-0.6485600286678102
2026-01-13 21:00:00,1768338000000,4590.1,4586.96,3.1400000000003274,-0.41634118899963596
2026-01-13 22:00:00,1768341600000,4584.4,4575.2,9.199999999999818,0.07398848639725294
2026-01-13 23:00:00,1768345200000,4598.4,4596.97,1.4299999999993815,-0.5547015429483512
2026-01-14 00:00:00,1768348800000,4609.4,4608.93,0.46999999999934516,-0.632377531130046
2026-01-14 01:00:00,1768352400000,4623.0,4618.31,4.6899999999996,-0.2909268330813381
2026-01-14 02:00:00,1768356000000,4626.3,4619.97,6.329999999999927,-0.1582303532709213
2026-01-14 03:00:00,1768359600000,4630.3,4626.77,3.5299999999997453,-0.3847853188008707
2026-01-14 04:00:00,1768363200000,4632.3,4629.31,2.9899999999997817,-0.42847806215306944
2026-01-14 05:00:00,1768366800000,4622.5,4618.34,4.1599999999998545,-0.3338104515566266
2026-01-14 06:00:00,1768370400000,4639.2,4635.67,3.5299999999997453,-0.3847853188008707
2026-01-14 07:00:00,1768374000000,4639.0,4631.5,7.5,-0.0635627426744784
2026-01-14 08:00:00,1768377600000,4635.7,4633.17,2.5299999999997453,-0.4656978064901331
2026-01-14 09:00:00,1768381200000,4634.0,4629.6,4.399999999999636,-0.31439145451122125
2026-01-14 10:00:00,1768384800000,4635.5,4631.68,3.819999999999709,-0.36132069737098754
2026-01-14 11:00:00,1768388400000,4633.9,4628.66,5.239999999999782,-0.24642496485222906
2026-01-14 12:00:00,1768392000000,4645.0,4638.6,6.399999999999636,-0.15256647913269647
2026-01-14 13:00:00,1768395600000,4639.6,4634.75,4.850000000000364,-0.2779808350509943
2026-01-14 14:00:00,1768399200000,4619.5,4618.09,1.4099999999998545,-0.5563197927020982
2026-01-14 15:00:00,1768402800000,4617.7,4618.1,-0.4000000000005457,-0.7027713954196955
2026-01-14 16:00:00,1768406400000,4616.1,4617.3,-1.199999999999818,-0.7675013855710465
2026-01-14 17:00:00,1768410000000,4613.9,4614.4,-0.5,-0.7108626441885776
2026-01-14 18:00:00,1768413600000,4635.5,4634.13,1.3699999999998909,-0.5595562922096657
2026-01-14 19:00:00,1768417200000,4639.4,4638.9,0.5,-0.6299501564993152
2026-01-14 20:00:00,1768420800000,4632.4,4633.3,-0.9000000000005457,-0.7432276392643267
2026-01-14 21:00:00,1768424400000,4627.4,4628.5,-1.1000000000003638,-0.7594101368021644
2026-01-14 22:00:00,1768428000000,4633.7,4643.96,-10.260000000000218,-1.5005685240357962
2026-01-14 23:00:00,1768431600000,4614.9,4615.98,-1.0799999999999272,-0.7577918870483439
2026-01-15 00:00:00,1768435200000,4616.6,4616.77,-0.17000000000007276,-0.6841615232511269
2026-01-15 01:00:00,1768438800000,4603.1,4603.2,-0.0999999999994543,-0.6784976491128284
2026-01-15 02:00:00,1768442400000,4603.3,4602.85,0.4499999999998181,-0.633995780883793
2026-01-15 03:00:00,1768446000000,4592.0,4591.73,0.27000000000043656,-0.6485600286678102
2026-01-15 04:00:00,1768449600000,4592.1,4591.82,0.28000000000065484,-0.6477509037909
2026-01-15 05:00:00,1768453200000,4594.8,4592.51,2.2899999999999636,-0.48511680353553843
2026-01-15 06:00:00,1768456800000,4609.4,4609.47,-0.07000000000061846,-0.6760702744822448
2026-01-15 07:00:00,1768460400000,4601.9,4601.94,-0.03999999999996362,-0.6736428998515139
2026-01-15 08:00:00,1768464000000,4604.6,4604.1,0.5,-0.6299501564993152
2026-01-15 09:00:00,1768467600000,4612.4,4611.96,0.4399999999995998,-0.6348049057607033
2026-01-15 10:00:00,1768471200000,4619.8,4619.96,-0.15999999999985448,-0.6833523983742166
2026-01-15 11:00:00,1768474800000,4617.7,4618.32,-0.6199999999998909,-0.7205721427112802
2026-01-15 12:00:00,1768478400000,4612.8,4612.66,0.14000000000032742,-0.6590786520674231
2026-01-15 13:00:00,1768482000000,4587.7,4589.11,-1.4099999999998545,-0.7844930079857946
2026-01-15 14:00:00,1768485600000,4610.9,4611.79,-0.8900000000003274,-0.7424185143874164
2026-01-15 15:00:00,1768489200000,4615.8,4614.65,1.1500000000005457,-0.5773570395012505
2026-01-15 16:00:00,1768492800000,4606.5,4606.14,0.3599999999996726,-0.6412779047758383
2026-01-15 17:00:00,1768496400000,4616.6,4616.87,-0.26999999999952706,-0.6922527720200089
2026-01-15 18:00:00,1768500000000,4617.6,4615.63,1.9700000000002547,-0.5110087995960788
2026-01-15 19:00:00,1768503600000,4615.7,4614.79,0.9099999999998545,-0.5967760365467294
2026-01-15 20:00:00,1768507200000,4605.4,4604.84,0.5599999999994907,-0.6250954072380006
2026-01-15 21:00:00,1768510800000,4617.5,4614.34,3.1599999999998545,-0.414722939245889
2026-01-15 22:00:00,1768514400000,4618.3,4600.62,17.68000000000029,0.7601263820022364
2026-01-15 23:00:00,1768518000000,4610.9,4608.61,2.2899999999999636,-0.48511680353553843
2026-01-16 00:00:00,1768521600000,4601.3,4600.06,1.2399999999997817,-0.5700749156092787
2026-01-16 01:00:00,1768525200000,4600.6,4598.77,1.8299999999999272,-0.5223365478726021
2026-01-16 02:00:00,1768528800000,4594.7,4592.73,1.9700000000002547,-0.5110087995960788
2026-01-16 03:00:00,1768532400000,4596.4,4595.83,0.569999999999709,-0.6242862823610903
2026-01-16 04:00:00,1768536000000,4602.7,4600.1,2.5999999999994543,-0.46003393235190826
2026-01-16 05:00:00,1768539600000,4616.1,4610.1,6.0,-0.184931474208372
2026-01-16 06:00:00,1768543200000,4601.2,4597.0,4.199999999999818,-0.33057395204905904
2026-01-16 07:00:00,1768546800000,4609.6,4606.71,2.8900000000003274,-0.43656931092195156
2026-01-16 08:00:00,1768550400000,4607.5,4601.43,6.069999999999709,-0.17926760007014717
2026-01-16 09:00:00,1768554000000,4601.4,4599.03,2.369999999999891,-0.47864380452040334
2026-01-16 10:00:00,1768557600000,4600.0,4599.4,0.6000000000003638,-0.6218589077303595
2026-01-16 11:00:00,1768561200000,4612.7,4611.62,1.0799999999999272,-0.5830209136395489
2026-01-16 12:00:00,1768564800000,4600.0,4601.05,-1.050000000000182,-0.7553645124176865
2026-01-16 13:00:00,1768568400000,4600.8,4600.73,0.07000000000061846,-0.664742526205648
2026-01-16 14:00:00,1768572000000,4610.1,4607.64,2.4600000000000364,-0.4713616806283579
2026-01-16 15:00:00,1768575600000,4571.8,4572.35,-0.5500000000001819,-0.7149082685730553
2026-01-16 16:00:00,1768579200000,4594.0,4591.11,2.8900000000003274,-0.43656931092195156
2026-01-16 17:00:00,1768582800000,4587.8,4580.8,7.0,-0.1040189865191096
2026-01-16 18:00:00,1768586400000,4586.9,4583.57,3.3299999999999272,-0.4009678163387085
2026-01-16 19:00:00,1768590000000,4591.6,4588.29,3.3100000000004,-0.40258606609245545
2026-01-16 20:00:00,1768593600000,4585.2,4581.68,3.519999999999527,-0.385594443677781
2026-01-16 21:00:00,1768597200000,4594.5,4595.02,-0.5200000000004366,-0.7124808939423981
2026-01-16 22:00:00,1768600800000,4596.2,4595.02,1.1799999999993815,-0.5749296648706668
2026-01-16 23:00:00,1768604400000,4596.1,4589.99,6.110000000000582,-0.17603110056250604
2026-01-17 00:00:00,1768608000000,4596.4,4589.99,6.4099999999998545,-0.15175735425578618
2026-01-17 01:00:00,1768611600000,4596.4,4589.99,6.4099999999998545,-0.15175735425578618
2026-01-17 02:00:00,1768615200000,4596.3,4589.99,6.3100000000004,-0.15984860302466827
2026-01-17 03:00:00,1768618800000,4596.2,4589.99,6.210000000000036,-0.16793985179362395
2026-01-17 04:00:00,1768622400000,4597.9,4589.99,7.9099999999998545,-0.030388622721892595
2026-01-17 05:00:00,1768626000000,4598.1,4589.99,8.110000000000582,-0.014206125183981245
2026-01-17 06:00:00,1768629600000,4598.3,4589.99,8.3100000000004,0.0019763723538565162
2026-01-17 07:00:00,1768633200000,4596.9,4589.99,6.9099999999998545,-0.111301110411155
2026-01-17 08:00:00,1768636800000,4598.5,4589.99,8.510000000000218,0.01815886989169428
2026-01-17 09:00:00,1768640400000,4597.4,4589.99,7.4099999999998545,-0.07084486656652379
2026-01-17 10:00:00,1768644000000,4598.2,4575.65,22.550000000000182,1.1541701970489353
2026-01-17 11:00:00,1768647600000,4598.0,4575.65,22.350000000000364,1.1379876995110976
2026-01-17 12:00:00,1768651200000,4597.9,4575.65,22.25,1.1298964507421418
2026-01-17 13:00:00,1768654800000,4597.8,4575.65,22.150000000000546,1.1218052019732598
2026-01-17 14:00:00,1768658400000,4597.8,4585.0,12.800000000000182,0.365273442078627
2026-01-17 15:00:00,1768662000000,4598.1,4599.99,-1.889999999999418,-0.8233310020766051
2026-01-17 16:00:00,1768665600000,4600.4,4585.0,15.399999999999636,0.5756459100706651
2026-01-17 17:00:00,1768669200000,4603.4,4585.0,18.399999999999636,0.8183833731384522
2026-01-17 18:00:00,1768672800000,4601.0,4585.0,16.0,0.6241934026842519
2026-01-17 19:00:00,1768676400000,4602.0,4585.01,16.98999999999978,0.704296765496604
2026-01-17 20:00:00,1768680000000,4603.5,4585.01,18.48999999999978,0.8256654970304976
2026-01-17 21:00:00,1768683600000,4603.5,4585.01,18.48999999999978,0.8256654970304976
2026-01-17 22:00:00,1768687200000,4605.1,4585.01,20.090000000000146,0.955125477333347
2026-01-17 23:00:00,1768690800000,4607.0,4585.01,21.98999999999978,1.108859203942916
2026-01-18 00:00:00,1768694400000,4607.7,4590.0,17.699999999999818,0.7617446317559833
2026-01-18 01:00:00,1768698000000,4613.3,4590.0,23.300000000000182,1.2148545628158822
2026-01-18 02:00:00,1768701600000,4617.9,4590.0,27.899999999999636,1.5870520061864448
2026-01-18 03:00:00,1768705200000,4617.6,4590.0,27.600000000000364,1.562778259879725
2026-01-18 04:00:00,1768708800000,4618.2,4590.0,28.199999999999818,1.6113257524932383
2026-01-18 05:00:00,1768712400000,4618.6,4590.0,28.600000000000364,1.6436907475689875
2026-01-18 06:00:00,1768716000000,4619.8,4590.0,29.800000000000182,1.7407857327960876
2026-01-18 07:00:00,1768719600000,4625.4,4590.0,35.399999999999636,2.193895663855913
2026-01-18 08:00:00,1768723200000,4624.3,4600.0,24.300000000000182,1.2957670505051444
2026-01-18 09:00:00,1768726800000,4623.2,4600.0,23.199999999999818,1.2067633140469265
2026-01-18 10:00:00,1768730400000,4623.2,4600.0,23.199999999999818,1.2067633140469265
2026-01-18 11:00:00,1768734000000,4623.0,4600.0,23.0,1.1905808165090888
2026-01-18 12:00:00,1768737600000,4623.7,4600.0,23.699999999999818,1.2472195578915577
2026-01-18 13:00:00,1768741200000,4623.9,4600.0,23.899999999999636,1.2634020554293954
2026-01-18 14:00:00,1768744800000,4626.8,4600.0,26.800000000000182,1.4980482697283004
2026-01-18 15:00:00,1768748400000,4627.1,4600.0,27.100000000000364,1.5223220160350939
2026-01-18 16:00:00,1768752000000,4635.8,4600.0,35.80000000000018,2.226260658931662
2026-01-18 17:00:00,1768755600000,4637.0,4600.0,37.0,2.323355644158762
2026-01-18 18:00:00,1768759200000,4638.0,4600.0,38.0,2.4042681318480246
2026-01-18 19:00:00,1768762800000,4644.5,4595.01,49.48999999999978,3.3339526153976315
2026-01-18 20:00:00,1768766400000,4630.8,4595.85,34.94999999999982,2.1574850443957594
2026-01-18 21:00:00,1768770000000,4632.5,4595.85,36.649999999999636,2.295036273467491
2026-01-18 22:00:00,1768773600000,4628.4,4611.04,17.359999999999673,0.7342343859416223
2026-01-18 23:00:00,1768777200000,4682.7,4672.9,9.800000000000182,0.12253597901083982
2026-01-19 00:00:00,1768780800000,4684.0,4675.42,8.579999999999927,0.023822744029919095
2026-01-19 01:00:00,1768784400000,4661.6,4657.82,3.780000000000655,-0.36455719687848154
2026-01-19 02:00:00,1768788000000,4665.3,4660.99,4.3100000000004,-0.32167357840319305
2026-01-19 03:00:00,1768791600000,4663.3,4657.61,5.690000000000509,-0.21001434539200212
2026-01-19 04:00:00,1768795200000,4666.3,4662.66,3.6400000000003274,-0.37588494515500476
2026-01-19 05:00:00,1768798800000,4671.7,4668.95,2.75,-0.4478970591984748
2026-01-19 06:00:00,1768802400000,4681.4,4677.23,4.170000000000073,-0.33300132667971627
2026-01-19 07:00:00,1768806000000,4666.8,4664.42,2.380000000000109,-0.477834679643493
2026-01-19 08:00:00,1768809600000,4663.5,4662.27,1.2299999999995634,-0.5708840404861889
2026-01-19 09:00:00,1768813200000,4671.7,4667.73,3.9700000000002547,-0.34918382421755406
2026-01-19 10:00:00,1768816800000,4667.2,4663.37,3.8299999999999272,-0.3605115724940773
2026-01-19 11:00:00,1768820400000,4665.4,4660.25,5.149999999999636,-0.25370708874427444
2026-01-19 12:00:00,1768824000000,4673.1,4670.86,2.240000000000691,-0.4891624279199427
2026-01-19 13:00:00,1768827600000,4668.6,4664.43,4.170000000000073,-0.33300132667971627
2026-01-19 14:00:00,1768831200000,4667.0,4665.86,1.1400000000003274,-0.5781661643781607
2026-01-19 15:00:00,1768834800000,4675.6,4673.78,1.8200000000006185,-0.5231456727494388
2026-01-19 16:00:00,1768838400000,4675.3,4671.64,3.6599999999998545,-0.3742666954012578
2026-01-19 17:00:00,1768842000000,4679.4,4675.86,3.5399999999999636,-0.38397619392396043
2026-01-19 18:00:00,1768845600000,4678.7,4676.1,2.5999999999994543,-0.46003393235190826
2026-01-19 19:00:00,1768849200000,4670.6,4668.17,2.430000000000291,-0.4737890552590152
2026-01-19 20:00:00,1768852800000,4670.5,4669.24,1.2600000000002183,-0.5684566658554581
2026-01-19 21:00:00,1768856400000,4671.7,4672.42,-0.7200000000002547,-0.7286633914802358
2026-01-19 22:00:00,1768860000000,4674.3,4673.66,0.6400000000003274,-0.6186224082227919
2026-01-19 23:00:00,1768863600000,4667.0,4665.4,1.6000000000003638,-0.540946420041097
2026-01-20 00:00:00,1768867200000,4662.2,4661.05,1.1499999999996362,-0.577357039501324
2026-01-20 01:00:00,1768870800000,4670.0,4667.13,2.869999999999891,-0.43818756067577214
2026-01-20 02:00:00,1768874400000,4668.6,4666.69,1.910000000000764,-0.5158635488573934
2026-01-20 03:00:00,1768878000000,4680.8,4677.84,2.9600000000000364,-0.4309054367837267
2026-01-20 04:00:00,1768881600000,4697.1,4694.07,3.030000000000655,-0.42524156264542834
2026-01-20 05:00:00,1768885200000,4718.7,4712.89,5.809999999999491,-0.20030484686937305
2026-01-20 06:00:00,1768888800000,4716.9,4711.92,4.979999999999563,-0.26746221165145495
2026-01-20 07:00:00,1768892400000,4719.6,4714.32,5.280000000000655,-0.24318846534458793
2026-01-20 08:00:00,1768896000000,4732.5,4729.04,3.4600000000000364,-0.3904491929390955
2026-01-20 09:00:00,1768899600000,4737.8,4733.06,4.739999999999782,-0.2868812086968603
2026-01-20 10:00:00,1768903200000,4730.7,4725.1,5.599999999999454,-0.2172964692841211
2026-01-20 11:00:00,1768906800000,4735.5,4730.43,5.069999999999709,-0.2601800877594096
2026-01-20 12:00:00,1768910400000,4731.4,4727.22,4.1799999999993815,-0.3321922018028796
2026-01-20 13:00:00,1768914000000,4738.6,4736.84,1.7600000000002183,-0.5280004220108269
2026-01-20 14:00:00,1768917600000,4741.7,4741.27,0.42999999999938154,-0.6356140306376136
2026-01-20 15:00:00,1768921200000,4737.3,4737.71,-0.4099999999998545,-0.7035805202965322
2026-01-20 16:00:00,1768924800000,4756.8,4753.41,3.3900000000003274,-0.39611306707732036
2026-01-20 17:00:00,1768928400000,4760.6,4759.36,1.2400000000006912,-0.5700749156092051
2026-01-20 18:00:00,1768932000000,4759.4,4759.99,-0.5900000000001455,-0.718144768080623
2026-01-20 19:00:00,1768935600000,4760.8,4760.38,0.42000000000007276,-0.6364231555144503
2026-01-20 20:00:00,1768939200000,4757.9,4755.82,2.0799999999999272,-0.5021084259502865
2026-01-20 21:00:00,1768942800000,4764.8,4764.56,0.23999999999978172,-0.650987403298541
2026-01-20 22:00:00,1768946400000,4768.5,4761.12,7.380000000000109,-0.07327224119718106
2026-01-20 23:00:00,1768950000000,4779.2,4777.83,1.3699999999998909,-0.5595562922096657
2026-01-21 00:00:00,1768953600000,4787.5,4791.33,-3.8299999999999272,-0.9803012281938155
2026-01-21 01:00:00,1768957200000,4834.2,4835.11,-0.9099999999998545,-0.7440367641411634
2026-01-21 02:00:00,1768960800000,4836.4,4839.67,-3.2700000000004366,-0.9349902350878697
2026-01-21 03:00:00,1768964400000,4844.8,4844.86,-0.05999999999949068,-0.6752611496052608
2026-01-21 04:00:00,1768968000000,4869.1,4868.21,0.8900000000003274,-0.5983942863004763
2026-01-21 05:00:00,1768971600000,4869.8,4871.38,-1.5799999999999272,-0.7982481308929751
2026-01-21 06:00:00,1768975200000,4849.3,4849.96,-0.6599999999998545,-0.7238086422188478
2026-01-21 07:00:00,1768978800000,4859.1,4856.83,2.2700000000004366,-0.4867350532892854
2026-01-21 08:00:00,1768982400000,4854.6,4856.86,-2.259999999999309,-0.8532686225216234
2026-01-21 09:00:00,1768986000000,4861.3,4862.46,-1.1599999999998545,-0.764264886063479
2026-01-21 10:00:00,1768989600000,4864.7,4865.18,-0.48000000000047294,-0.7092443944348306
2026-01-21 11:00:00,1768993200000,4867.6,4867.48,0.12000000000080036,-0.6606969018211701
2026-01-21 12:00:00,1768996800000,4866.0,4865.2,0.8000000000001819,-0.6056764101925217
2026-01-21 13:00:00,1769000400000,4880.3,4883.09,-2.7899999999999636,-0.8961522409969855
2026-01-21 14:00:00,1769004000000,4850.8,4851.16,-0.3599999999996726,-0.6995348959120543
2026-01-21 15:00:00,1769007600000,4848.1,4848.23,-0.12999999999919964,-0.6809250237434857
2026-01-21 16:00:00,1769011200000,4835.3,4834.62,0.680000000000291,-0.6153859087152244
2026-01-21 17:00:00,1769014800000,4824.8,4828.39,-3.5900000000001455,-0.9608822311484101
2026-01-21 18:00:00,1769018400000,4851.9,4852.4,-0.5,-0.7108626441885776
2026-01-21 19:00:00,1769022000000,4779.7,4779.83,-0.13000000000010914,-0.6809250237435593
2026-01-21 20:00:00,1769025600000,4826.5,4824.72,1.7799999999997453,-0.52638217225708
2026-01-21 21:00:00,1769029200000,4835.8,4829.51,6.289999999999964,-0.16146685277848885
2026-01-21 22:00:00,1769032800000,4833.6,4815.2,18.400000000000546,0.8183833731385258
2026-01-21 23:00:00,1769036400000,4781.2,4777.32,3.880000000000109,-0.3564659481095994
2026-01-22 00:00:00,1769040000000,4797.4,4796.73,0.6700000000000728,-0.6161950335921347
2026-01-22 01:00:00,1769043600000,4799.8,4797.14,2.6599999999998545,-0.4551791830905202
2026-01-22 02:00:00,1769047200000,4788.6,4789.17,-0.569999999999709,-0.7165265183268024
2026-01-22 03:00:00,1769050800000,4794.5,4794.9,-0.3999999999996362,-0.7027713954196219
2026-01-22 04:00:00,1769054400000,4797.8,4794.9,2.9000000000005457,-0.43576018604504124
2026-01-22 05:00:00,1769058000000,4821.3,4818.02,3.2799999999997453,-0.4050134407231863
2026-01-22 06:00:00,1769061600000,4827.3,4824.82,2.480000000000473,-0.46974343087453735
2026-01-22 07:00:00,1769065200000,4837.0,4831.58,5.420000000000073,-0.2318607170681383
2026-01-22 08:00:00,1769068800000,4832.2,4829.5,2.699999999999818,-0.4519426835829526
2026-01-22 09:00:00,1769072400000,4823.5,4821.31,2.1899999999996,-0.4932080523044941
2026-01-22 10:00:00,1769076000000,4830.1,4827.85,2.25,-0.488353303043106
2026-01-22 11:00:00,1769079600000,4833.8,4830.67,3.130000000000109,-0.4171503138765462
2026-01-22 12:00:00,1769083200000,4821.4,4818.36,3.0399999999999636,-0.42443243776859163
2026-01-22 13:00:00,1769086800000,4822.5,4820.39,2.1099999999996726,-0.4996810513196292
2026-01-22 14:00:00,1769090400000,4840.8,4836.0,4.800000000000182,-0.28202645943547217
2026-01-22 15:00:00,1769094000000,4871.8,4869.56,2.2399999999997817,-0.48916242792001624
2026-01-22 16:00:00,1769097600000,4876.2,4876.8,-0.6000000000003638,-0.7189538929575332
2026-01-22 17:00:00,1769101200000,4905.9,4904.22,1.6799999999993815,-0.5344734210260356
2026-01-22 18:00:00,1769104800000,4918.8,4915.14,3.6599999999998545,-0.3742666954012578
2026-01-22 19:00:00,1769108400000,4912.8,4909.77,3.0299999999997453,-0.4252415626455019
2026-01-22 20:00:00,1769112000000,4916.5,4915.75,0.75,-0.6097220345769996
2026-01-22 21:00:00,1769115600000,4941.9,4936.89,5.009999999999309,-0.26503483702079766
2026-01-22 22:00:00,1769119200000,4944.1,4932.33,11.770000000000437,0.28193357975870736
2026-01-22 23:00:00,1769122800000,4958.7,4958.48,0.22000000000025466,-0.652605653052288
2026-01-23 00:00:00,1769126400000,4966.4,4962.94,3.4600000000000364,-0.3904491929390955
2026-01-23 01:00:00,1769130000000,4954.8,4953.13,1.6700000000000728,-0.5352825459028723
2026-01-23 02:00:00,1769133600000,4960.2,4955.96,4.239999999999782,-0.3273374525414915
2026-01-23 03:00:00,1769137200000,4956.1,4951.53,4.5700000000006185,-0.3006363316039672
2026-01-23 04:00:00,1769140800000,4962.3,4955.5,6.800000000000182,-0.12020148405694736
2026-01-23 05:00:00,1769144400000,4967.2,4959.93,7.269999999999527,-0.08217261484304703
2026-01-23 06:00:00,1769148000000,4957.4,4951.77,5.6299999999992,-0.21486909465346385
2026-01-23 07:00:00,1769151600000,4946.0,4943.04,2.9600000000000364,-0.4309054367837267
2026-01-23 08:00:00,1769155200000,4915.0,4912.61,2.3900000000003274,-0.47702555476658276
2026-01-23 09:00:00,1769158800000,4917.5,4917.1,0.3999999999996362,-0.6380414052682708
2026-01-23 10:00:00,1769162400000,4930.7,4928.93,1.769999999999527,-0.5271912971339902
2026-01-23 11:00:00,1769166000000,4926.7,4923.86,2.8400000000001455,-0.44061493530642937
2026-01-23 12:00:00,1769169600000,4942.0,4939.28,2.7200000000002547,-0.45032443382913206
2026-01-23 13:00:00,1769173200000,4943.7,4939.17,4.529999999999745,-0.30387283111160834
2026-01-23 14:00:00,1769176800000,4947.0,4943.06,3.9399999999996,-0.3516111988482849
2026-01-23 15:00:00,1769180400000,4957.8,4959.13,-1.3299999999999272,-0.7780200089706595
2026-01-23 16:00:00,1769184000000,4980.0,4977.58,2.4200000000000728,-0.4745981801359255
2026-01-23 17:00:00,1769187600000,4966.4,4964.47,1.9299999999993815,-0.51424529910372
2026-01-23 18:00:00,1769191200000,4965.4,4964.81,0.589999999999236,-0.6226680326073434
2026-01-23 19:00:00,1769194800000,4984.0,4981.3,2.699999999999818,-0.4519426835829526
2026-01-23 20:00:00,1769198400000,4982.1,4978.41,3.6900000000005093,-0.3718393207705269
2026-01-23 21:00:00,1769202000000,4981.9,4984.98,-3.0799999999999272,-0.9196168624268687
2026-01-23 22:00:00,1769205600000,4989.8,4977.24,12.5600000000004,0.3458544450332217
2026-01-23 23:00:00,1769209200000,4998.0,4977.24,20.76000000000022,1.0093368440851587
2026-01-24 00:00:00,1769212800000,4996.2,4980.0,16.199999999999818,0.6403759002220897
2026-01-24 01:00:00,1769216400000,4998.0,4980.0,18.0,0.7860183780627767
2026-01-24 02:00:00,1769220000000,4993.8,4976.21,17.590000000000146,0.752844258110191
2026-01-24 03:00:00,1769223600000,4996.9,4976.22,20.67999999999938,1.0028638450699499
2026-01-24 04:00:00,1769227200000,4999.7,4976.22,23.479999999999563,1.2294188105998993
2026-01-24 05:00:00,1769230800000,4997.1,4976.22,20.88000000000011,1.0190463426078613
2026-01-24 06:00:00,1769234400000,5001.0,4976.22,24.779999999999745,1.334605044595955
2026-01-24 07:00:00,1769238000000,5005.6,4976.22,29.38000000000011,1.7068024879665915
2026-01-24 08:00:00,1769241600000,5002.5,4976.24,26.26000000000022,1.4543555263761017
2026-01-24 09:00:00,1769245200000,5010.7,4993.01,17.6899999999996,0.760935506879073
2026-01-24 10:00:00,1769248800000,5011.5,5012.0,-0.5,-0.7108626441885776
2026-01-24 11:00:00,1769252400000,5005.0,4995.09,9.909999999999854,0.1314363526566322
2026-01-24 12:00:00,1769256000000,5004.9,4995.09,9.80999999999949,0.12334510388767651
2026-01-24 13:00:00,1769259600000,5014.5,4995.09,19.409999999999854,0.9001049857046249
2026-01-24 14:00:00,1769263200000,5016.2,4995.1,21.099999999999454,1.036847089899446
2026-01-24 15:00:00,1769266800000,5021.6,4995.2,26.400000000000546,1.465683274652625
2026-01-24 16:00:00,1769270400000,5026.9,5026.0,0.8999999999996362,-0.5975851614236396
2026-01-24 17:00:00,1769274000000,5036.1,5026.0,10.100000000000364,0.14680972531763326
2026-01-24 18:00:00,1769277600000,5047.1,5012.11,34.99000000000069,2.1607215439034007
2026-01-24 19:00:00,1769281200000,5043.4,5018.0,25.399999999999636,1.3847707869632888
2026-01-24 20:00:00,1769284800000,5054.4,4995.11,59.289999999999964,4.126894994752418
2026-01-24 21:00:00,1769288400000,5061.6,5033.0,28.600000000000364,1.6436907475689875
2026-01-24 22:00:00,1769292000000,5045.2,5000.0,45.19999999999982,2.986838043210699
2026-01-24 23:00:00,1769295600000,5044.7,5002.0,42.69999999999982,2.784556823987543
2026-01-25 00:00:00,1769299200000,5043.4,5002.0,41.399999999999636,2.6793705899914873
2026-01-25 01:00:00,1769302800000,5043.0,4995.11,47.89000000000033,3.204492635094856
2026-01-25 02:00:00,1769306400000,5052.8,4995.11,57.69000000000051,3.997435014449642
2026-01-25 03:00:00,1769310000000,5051.0,4995.11,55.89000000000033,3.851792536608955
2026-01-25 04:00:00,1769313600000,5054.9,4995.11,59.789999999999964,4.167351238597049
2026-01-25 05:00:00,1769317200000,5053.9,4995.11,58.789999999999964,4.086438750907787
2026-01-25 06:00:00,1769320800000,5057.3,4995.0,62.30000000000018,4.370441582697115
2026-01-25 07:00:00,1769324400000,5058.7,5001.2,57.5,3.982061641788641
2026-01-25 08:00:00,1769328000000,5043.3,4995.01,48.289999999999964,3.2368576301705314
2026-01-25 09:00:00,1769331600000,5044.2,4986.57,57.63000000000011,3.9925802651882543
2026-01-25 10:00:00,1769335200000,5038.0,4994.71,43.289999999999964,2.8322951917242194
2026-01-25 11:00:00,1769338800000,5037.9,4992.34,45.55999999999949,3.015966538778807
2026-01-25 12:00:00,1769342400000,5031.1,4993.52,37.57999999999993,2.3702848870185282
2026-01-25 13:00:00,1769346000000,5040.7,4993.67,47.029999999999745,3.1349078956820433
2026-01-25 14:00:00,1769349600000,5042.7,5000.28,42.42000000000007,2.76190132743457
2026-01-25 15:00:00,1769353200000,5034.0,5015.0,19.0,0.8669308657520391
2026-01-25 16:00:00,1769356800000,5064.5,5036.5,28.0,1.5951432549554005
2026-01-25 17:00:00,1769360400000,5075.4,4991.0,84.39999999999964,6.158607560629771
2026-01-25 18:00:00,1769364000000,5070.4,4987.51,82.88999999999942,6.036429704218967
2026-01-25 19:00:00,1769367600000,5060.0,4987.51,72.48999999999978,5.194939832250667
2026-01-25 20:00:00,1769371200000,5060.0,4987.51,72.48999999999978,5.194939832250667
2026-01-25 21:00:00,1769374800000,5060.0,4987.51,72.48999999999978,5.194939832250667
2026-01-25 22:00:00,1769378400000,5074.3,5040.0,34.30000000000018,2.104891927397768
2026-01-25 23:00:00,1769382000000,5043.2,5038.31,4.889999999999418,-0.27474433554350036
2026-01-26 00:00:00,1769385600000,5042.0,5037.96,4.039999999999964,-0.34351995007932923
2026-01-26 01:00:00,1769389200000,5070.5,5065.95,4.550000000000182,-0.30225458135778777
2026-01-26 02:00:00,1769392800000,5078.8,5078.14,0.6599999999998545,-0.617004158469045
2026-01-26 03:00:00,1769396400000,5074.6,5074.84,-0.23999999999978172,-0.6898253973893517
2026-01-26 04:00:00,1769400000000,5070.6,5068.34,2.2600000000002183,-0.48754417816619566
2026-01-26 05:00:00,1769403600000,5075.5,5072.14,3.3599999999996726,-0.3985404417080512
2026-01-26 06:00:00,1769407200000,5079.5,5075.25,4.25,-0.3265283276645812
2026-01-26 07:00:00,1769410800000,5091.7,5086.73,4.970000000000255,-0.26827133652829166
2026-01-26 08:00:00,1769414400000,5083.5,5081.17,2.3299999999999272,-0.4818803040279709
2026-01-26 09:00:00,1769418000000,5085.3,5080.45,4.850000000000364,-0.2779808350509943
2026-01-26 10:00:00,1769421600000,5092.3,5087.25,5.050000000000182,-0.26179833751315656
2026-01-26 11:00:00,1769425200000,5093.5,5089.0,4.5,-0.3063002057422656
2026-01-26 12:00:00,1769428800000,5081.0,5076.79,4.210000000000036,-0.3297648271721487
2026-01-26 13:00:00,1769432400000,5070.2,5065.57,4.630000000000109,-0.2957815823426526
2026-01-26 14:00:00,1769436000000,5096.4,5093.68,2.719999999999345,-0.4503244338292056
2026-01-26 15:00:00,1769439600000,5092.3,5088.64,3.6599999999998545,-0.3742666954012578
2026-01-26 16:00:00,1769443200000,5095.1,5086.72,8.38000000000011,0.007640246492081336
2026-01-26 17:00:00,1769446800000,5106.1,5098.1,8.0,-0.023106498829847204
2026-01-26 18:00:00,1769450400000,5072.9,5065.53,7.369999999999891,-0.07408136607409134
2026-01-26 19:00:00,1769454000000,5027.6,5029.43,-1.8299999999999272,-0.8184762528152907
2026-01-26 20:00:00,1769457600000,5054.0,5054.47,-0.47000000000025466,-0.7084352695579202
2026-01-26 21:00:00,1769461200000,5009.5,5006.46,3.0399999999999636,-0.42443243776859163
2026-01-26 22:00:00,1769464800000,4999.9,4980.69,19.210000000000036,0.8839224881667872
2026-01-26 23:00:00,1769468400000,5043.0,5038.89,4.109999999999673,-0.3378560759411044
2026-01-27 00:00:00,1769472000000,5031.6,5028.21,3.3900000000003274,-0.39611306707732036
2026-01-27 01:00:00,1769475600000,5063.0,5056.37,6.630000000000109,-0.13395660696412787
2026-01-27 02:00:00,1769479200000,5076.6,5067.69,8.910000000000764,0.05052386496744339
2026-01-27 03:00:00,1769482800000,5080.9,5072.85,8.049999999999272,-0.01906087444544296
2026-01-27 04:00:00,1769486400000,5070.8,5063.98,6.8200000000006185,-0.11858323430312678
2026-01-27 05:00:00,1769490000000,5087.2,5079.07,8.13000000000011,-0.012587875430234263
2026-01-27 06:00:00,1769493600000,5089.9,5082.89,7.009999999999309,-0.1032098616422729
2026-01-27 07:00:00,1769497200000,5092.0,5081.54,10.460000000000036,0.17593822088574124
2026-01-27 08:00:00,1769500800000,5084.6,5075.89,8.710000000000036,0.03434136742953204
2026-01-27 09:00:00,1769504400000,5100.0,5097.55,2.449999999999818,-0.4721708055052682
2026-01-27 10:00:00,1769508000000,5091.3,5084.29,7.010000000000218,-0.10320986164219931
2026-01-27 11:00:00,1769511600000,5080.4,5075.56,4.839999999999236,-0.27878995992797817
2026-01-27 12:00:00,1769515200000,5089.0,5081.66,7.3400000000001455,-0.07650874070474861
2026-01-27 13:00:00,1769518800000,5079.8,5075.32,4.480000000000473,-0.30791845549601254
2026-01-27 14:00:00,1769522400000,5053.8,5049.13,4.670000000000073,-0.29254508283508507
2026-01-27 15:00:00,1769526000000,5094.9,5086.62,8.279999999999745,-0.00045100227687434
2026-01-27 16:00:00,1769529600000,5088.8,5083.42,5.380000000000109,-0.23509721657570584
2026-01-27 17:00:00,1769533200000,5081.5,5077.78,3.7200000000002547,-0.36941194613986966
2026-01-27 18:00:00,1769536800000,5091.6,5083.94,7.660000000000764,-0.050616744644134605
2026-01-27 19:00:00,1769540400000,5100.7,5096.82,3.880000000000109,-0.3564659481095994
2026-01-27 20:00:00,1769544000000,5179.6,5173.49,6.110000000000582,-0.17603110056250604
2026-01-27 21:00:00,1769547600000,5183.1,5177.35,5.75,-0.2051595961306876
2026-01-27 22:00:00,1769551200000,5186.0,5198.15,-12.149999999999636,-1.653493125768455
2026-01-27 23:00:00,1769554800000,5175.2,5170.41,4.789999999999964,-0.2828355843123824
2026-01-28 00:00:00,1769558400000,5177.1,5169.5,7.600000000000364,-0.05547149390552273
2026-01-28 01:00:00,1769562000000,5209.9,5204.12,5.779999999999745,-0.2027322215000303
2026-01-28 02:00:00,1769565600000,5238.0,5229.97,8.029999999999745,-0.02067912419918994
2026-01-28 03:00:00,1769569200000,5238.3,5231.55,6.75,-0.1242471084414252
2026-01-28 04:00:00,1769572800000,5270.0,5244.76,25.23999999999978,1.3718247889330186
2026-01-28 05:00:00,1769576400000,5269.4,5261.28,8.11999999999989,-0.013397000307144549
2026-01-28 06:00:00,1769580000000,5273.2,5264.8,8.399999999999636,0.009258496245828316
2026-01-28 07:00:00,1769583600000,5292.6,5290.44,2.160000000000764,-0.4956354269350778
2026-01-28 08:00:00,1769587200000,5299.2,5294.66,4.539999999999964,-0.303063706234698
2026-01-28 09:00:00,1769590800000,5280.7,5276.92,3.7799999999997453,-0.3645571968785551
2026-01-28 10:00:00,1769594400000,5270.3,5266.84,3.4600000000000364,-0.3904491929390955
2026-01-28 11:00:00,1769598000000,5264.0,5260.06,3.9399999999996,-0.3516111988482849
2026-01-28 12:00:00,1769601600000,5283.4,5277.17,6.229999999999563,-0.16632160203987698
2026-01-28 13:00:00,1769605200000,5267.3,5263.02,4.279999999999745,-0.3241009530339239
2026-01-28 14:00:00,1769608800000,5286.9,5285.03,1.8699999999998909,-0.5191000483650345
2026-01-28 15:00:00,1769612400000,5281.3,5275.36,5.940000000000509,-0.18978622346968652
2026-01-28 16:00:00,1769616000000,5301.0,5295.29,5.710000000000036,-0.20839609563825515
2026-01-28 17:00:00,1769619600000,5302.7,5294.69,8.010000000000218,-0.02229737395293692
2026-01-28 18:00:00,1769623200000,5287.6,5280.04,7.5600000000004,-0.05870799341309028
2026-01-28 19:00:00,1769626800000,5328.7,5324.33,4.369999999999891,-0.31681882914187853
2026-01-28 20:00:00,1769630400000,5380.0,5376.88,3.119999999999891,-0.41795943875345654
2026-01-28 21:00:00,1769634000000,5412.6,5408.7,3.9000000000005457,-0.35484769835577884
2026-01-28 22:00:00,1769637600000,5429.5,5427.28,2.2200000000002547,-0.4907806776737632
2026-01-28 23:00:00,1769641200000,5516.5,5512.8,3.699999999999818,-0.37103019589369024
2026-01-29 00:00:00,1769644800000,5524.2,5518.58,5.619999999999891,-0.21567821953030053
2026-01-29 01:00:00,1769648400000,5550.0,5541.28,8.720000000000255,0.03515049230644232
2026-01-29 02:00:00,1769652000000,5539.0,5533.65,5.350000000000364,-0.2375245912063631
2026-01-29 03:00:00,1769655600000,5549.2,5544.34,4.859999999999673,-0.2771717101741576
2026-01-29 04:00:00,1769659200000,5564.3,5557.67,6.630000000000109,-0.13395660696412787
2026-01-29 05:00:00,1769662800000,5567.2,5559.85,7.349999999999454,-0.07569961582791192
2026-01-29 06:00:00,1769666400000,5567.0,5561.33,5.670000000000073,-0.2116325951458227
2026-01-29 07:00:00,1769670000000,5558.2,5552.79,5.4099999999998545,-0.23266984194504858
