hour,xyz_usd_per_ton,xyz_close,shfe_usd_per_ton,shfe_close,spread,spread_ratio,spread_mean,spread_std,zscore
2026-01-16 01:00:00,13271.8124,6.02,14187.586206896553,102860.0,-915.7738068965537,-6.454754131829688,-6.598152252505891,0.4862781572539993,0.2948890846464673
2026-01-16 10:00:00,13088.82894,5.937,14161.379310344828,102670.0,-1072.5503703448285,-7.573770512321032,-6.686844821579993,0.5471287704907523,-1.6210547472133534
2026-01-16 11:00:00,13084.4197,5.935,14028.96551724138,101710.0,-944.54581724138,-6.732825852915159,-6.690676574191258,0.5218356570183045,-0.08077117413696126
2026-01-16 14:00:00,12954.34712,5.876,13924.137931034482,100950.0,-969.7908110344816,-6.964817612679541,-6.711764346382664,0.5053719148235005,-0.5007268090575523
2026-01-16 15:00:00,12963.386061999998,5.8801,13899.310344827589,100770.0,-935.9242828275892,-6.733602312692288,-6.7133242011190655,0.48558070708615847,-0.04176053800594033
2026-01-16 22:00:00,12852.493675999998,5.8298,13833.103448275862,100290.0,-980.609772275864,-7.088863145876967,-6.738360130769593,0.47785828986170176,-0.7334873592102268
2026-01-16 23:00:00,12808.8422,5.81,13809.655172413792,100120.0,-1000.8129724137945,-7.247197413104278,-6.77016246091551,0.47886064787883686,-0.9961874175751204
2026-01-17 01:00:00,12872.77618,5.839,13831.724137931034,100280.0,-958.9479579310336,-6.932960405863575,-6.779738810618338,0.4653330099329189,-0.32927299799196574
2026-01-19 00:00:00,12939.796627999998,5.8694,13784.827586206897,99940.0,-845.0309582068985,-6.1301525385231255,-6.7436506843908255,0.47669677966577245,1.2869777435833392
2026-01-19 10:00:00,13017.178789999998,5.9045,13944.827586206897,101100.0,-927.6487962068986,-6.652278706726033,-6.738841632934784,0.4637400110576418,0.1866626216084506
2026-01-19 11:00:00,13023.79265,5.9075,14002.758620689656,101520.0,-978.9659706896564,-6.991236492809305,-6.75146137592851,0.4548860105003679,-0.5271103338989178
2026-01-19 14:00:00,13016.517404,5.9042,13980.689655172411,101360.0,-964.1722511724128,-6.8964570057221675,-6.758365929728208,0.44449561139354926,-0.31066915500251396
2026-01-19 15:00:00,12919.0732,5.86,13955.862068965518,101180.0,-1036.7888689655174,-7.429056434077886,-6.788851861744103,0.45674344671546696,-1.4016721573951882
2026-01-19 22:00:00,13040.768223999998,5.9152,13932.413793103447,101010.0,-891.6455691034498,-6.399792472032484,-6.771936236104467,0.45355625712016884,0.8205018853336735
2026-01-19 23:00:00,13020.265258,5.9059,14023.448275862069,101670.0,-1003.1830178620694,-7.1536115663420885,-6.787839374864368,0.4503765741348322,-0.8121474616666384
2026-01-20 00:00:00,13028.422352,5.9096,14012.413793103447,101590.0,-983.991441103448,-7.022283638153359,-6.7781376815253,0.4423085844554212,-0.5519810494491221
2026-01-20 01:00:00,13030.40651,5.9105,14019.310344827589,101640.0,-988.903834827588,-7.053869345238106,-6.7987186137104,0.44320446610364606,-0.5756953077905985
2026-01-20 10:00:00,12922.38013,5.8615,13925.51724137931,100960.0,-1003.1371113793102,-7.20358959736529,-6.814349437009924,0.45084786772865504,-0.863351450049735
2026-01-20 11:00:00,12948.83557,5.8735,13915.862068965518,100890.0,-967.0264989655188,-6.94909517048271,-6.794453901472045,0.4328313129708698,-0.35727837699457915
2026-01-20 14:00:00,12951.04019,5.8745,13986.206896551725,101400.0,-1035.166706551725,-7.401339864398427,-6.849868277294868,0.4212138693277734,-1.3092436580582385
2026-01-20 15:00:00,13007.258,5.9,13962.758620689656,101230.0,-955.500620689656,-6.84320804109454,-6.8549939211625714,0.4203147829923778,0.028040603245318704
2026-01-20 22:00:00,12775.552438,5.7949,13830.344827586208,100270.0,-1054.792389586206,-7.626652861773209,-6.9294069358430646,0.3899351284836828,-1.7881074953197544
2026-01-20 23:00:00,12741.160366,5.7793,13809.655172413792,100120.0,-1068.4948064137934,-7.737302583399918,-6.984558489994839,0.4070488472570169,-1.8492721413599407
2026-01-21 00:00:00,12768.277192,5.7916,13762.758620689656,99780.0,-994.4814286896562,-7.225887310082191,-7.018525208979306,0.39076635343073407,-0.5306549534839655
2026-01-21 01:00:00,12821.188072,5.8156,13783.448275862069,99930.0,-962.2602038620698,-6.981273369358554,-7.0404635105430105,0.37207180365368314,0.15908257654361033
2026-01-21 10:00:00,12883.137894,5.8437,13828.96551724138,100260.0,-945.8276232413792,-6.839467652603226,-7.0098675580547685,0.3561617307311261,0.4784340673034893
2026-01-21 11:00:00,12890.192678,5.8469,13859.310344827589,100480.0,-969.1176668275876,-6.992538897790612,-7.0206889349245785,0.35129046741378406,0.08013322234789934
2026-01-21 14:00:00,12966.692991999998,5.8816,13979.310344827589,101350.0,-1012.6173528275884,-7.2436860463739645,-7.0323084529951805,0.3539639270286813,-0.5971726982271173
2026-01-21 15:00:00,12983.448104,5.8892,13969.655172413792,101280.0,-986.2070684137944,-7.05963788112165,-7.0458932683464015,0.348211144344799,-0.03947206457481548
2026-01-21 22:00:00,12877.18542,5.841,13966.896551724138,101260.0,-1089.711131724138,-7.802099254394623,-7.075611439534639,0.38093580620028683,-1.9071134900824047
2026-01-21 23:00:00,12871.012484,5.8382,13914.48275862069,100880.0,-1043.4702746206913,-7.499166822957981,-7.086110164945208,0.3892517958463374,-1.0611554331166972
2026-01-22 00:00:00,12785.69369,5.7995,13902.06896551724,100790.0,-1116.3752755172409,-8.030281523464621,-7.131831878178587,0.43252159519740635,-2.0772365016271035
2026-01-22 01:00:00,12744.90822,5.781,13848.275862068966,100400.0,-1103.3676420689662,-7.967545224103589,-7.208389906744439,0.40951251679833756,-1.8538024754271252
2026-01-22 10:00:00,12773.347817999998,5.7939,13880.0,100630.0,-1106.6521820000016,-7.972998429394829,-7.263419895188972,0.42013449542096476,-1.6889318585822763
2026-01-22 11:00:00,12814.133288,5.8124,13888.275862068966,100690.0,-1074.1425740689665,-7.734167903466094,-7.294375370633006,0.4265290119755438,-1.0310964095879724
2026-01-22 14:00:00,12817.219756,5.8138,13882.758620689656,100650.0,-1065.5388646896572,-7.675267530054663,-7.32682580914686,0.42456054129913595,-0.8207115052227586
2026-01-22 15:00:00,12713.382154,5.7667,13889.655172413792,100700.0,-1176.2730184137945,-8.468698494041716,-7.370144228312019,0.48428227941387675,-2.268417227777298
2026-01-22 22:00:00,12651.652793999998,5.7387,13813.793103448275,100150.0,-1162.1403094482775,-8.412897896655025,-7.454023621004624,0.4832439802829543,-1.9842446357820132
2026-01-22 23:00:00,12678.76962,5.751,13773.793103448275,99860.0,-1095.0234834482744,-7.950050325455626,-7.487208569301022,0.4890289594400272,-0.9464506083332783
2026-01-23 00:00:00,12737.632974,5.7777,13777.93103448276,99890.0,-1040.298060482759,-7.55046645159676,-7.50921618652783,0.4789779315883363,-0.08612143138231933
2026-01-23 01:00:00,12762.324718,5.7889,13830.344827586208,100270.0,-1068.020109586207,-7.72229559638975,-7.537067280325815,0.47071187728687364,-0.3935067819651549
2026-01-23 10:00:00,12878.508192,5.8416,13982.06896551724,101370.0,-1103.5607735172416,-7.892685812370526,-7.5657796226177005,0.47050269377499393,-0.6948019513553727
2026-01-23 11:00:00,12862.634927999998,5.8344,13921.379310344828,100930.0,-1058.7443823448302,-7.605168703061549,-7.593116019808485,0.4518027248902243,-0.026676871539437912
2026-01-23 14:00:00,12864.839548,5.8354,13984.827586206897,101390.0,-1119.9880382068968,-8.00859382286222,-7.61841826807781,0.457563014032719,-0.8527252920764051
2026-01-23 15:00:00,12843.454734,5.8257,13977.93103448276,101340.0,-1134.4763004827582,-8.116196150088806,-7.671459439285904,0.43711908213403383,-1.017426895736691
2026-01-23 22:00:00,13095.001875999998,5.9398,14164.137931034482,102690.0,-1069.1360550344834,-7.548190085694816,-7.668190156949305,0.43776171314448925,0.27412189703050127
2026-01-23 23:00:00,13156.951698,5.9679,14177.93103448276,102790.0,-1020.97933648276,-7.201187070240311,-7.645852010567655,0.44764853406123445,0.9933349636894313
2026-01-24 01:00:00,13138.873814,5.9597,14180.689655172411,102810.0,-1041.8158411724144,-7.346721961385083,-7.650886787705275,0.44337891794595374,0.6860155366188803
2026-01-26 00:00:00,13678.123866,6.2043,14183.448275862069,102830.0,-505.32440986206893,-3.562775426918219,-7.508449373436927,0.9394448465375853,4.200005951451936
2026-01-26 10:00:00,13181.42298,5.979,14198.620689655172,102940.0,-1017.1977096551728,-7.164060030114627,-7.521974055833236,0.9316997025294302,0.38415170118325004
2026-01-26 11:00:00,13168.19526,5.973,14171.03448275862,102740.0,-1002.8392227586228,-7.07668324411136,-7.525480070263267,0.9297771362253093,0.48269290420919997
2026-01-26 14:00:00,13046.94116,5.918,14066.206896551725,101980.0,-1019.2657365517244,-7.246201794469509,-7.525584893100581,0.9297441267876625,0.30049460984105647
2026-01-26 15:00:00,13144.826287999998,5.9624,14052.413793103447,101880.0,-907.5875051034492,-6.458587958382411,-7.50054114631978,0.9506994804392069,1.0959858602804795
2026-01-26 22:00:00,13318.991268,6.0414,14195.862068965518,102920.0,-876.8708009655184,-6.176946470073852,-7.43282644697308,0.9855256242831042,1.2743250362594951
2026-01-26 23:00:00,13271.8124,6.02,14331.03448275862,103900.0,-1059.2220827586225,-7.391106929740143,-7.428323951422338,0.9854562025467709,0.037766286909568056
2026-01-27 00:00:00,13242.711416,6.0068,14271.724137931034,103470.0,-1029.0127219310343,-7.210150028027451,-7.394151805779123,0.9778652795441615,0.18816679720691784
2026-01-27 01:00:00,13294.079062,6.0301,14270.344827586208,103460.0,-976.2657655862076,-6.841220568818873,-7.347221611808926,0.9761763454296346,0.5183500351745899
2026-01-27 10:00:00,13046.279774,5.9177,14051.03448275862,101870.0,-1004.7547087586228,-7.150752565524698,-7.312961367481004,0.9676506519306639,0.1676315740940867
2026-01-27 11:00:00,13020.48572,5.906,14052.413793103447,101880.0,-1031.9280731034487,-7.343422192775817,-7.296680296202243,0.9635340339048015,-0.04851089315874916
2026-01-27 14:00:00,13086.403858,5.9359,14063.448275862069,101960.0,-977.0444178620692,-6.947402932032176,-7.266352604617971,0.962554168408592,0.33135763477407215
2026-01-27 15:00:00,13073.396599999998,5.93,14151.724137931034,102600.0,-1078.3275379310362,-7.619760867446401,-7.230980203509834,0.931547915264063,-0.41734907841682106
2026-01-27 22:00:00,12871.67387,5.8385,14106.206896551725,102270.0,-1234.533026551726,-8.751700833577791,-7.245096992548283,0.9525675581590548,-1.5816241358683176
2026-01-27 23:00:00,12932.962306,5.8663,13953.103448275862,101160.0,-1020.1411422758628,-7.311213208283918,-7.218478779332794,0.9408659601786047,-0.09856284835038544
2026-01-28 00:00:00,12949.276494,5.8737,13995.862068965518,101470.0,-1046.5855749655184,-7.477821443283739,-7.215451903986419,0.9398678047875023,-0.27915578974070737
2026-01-28 01:00:00,12937.81247,5.8685,14008.275862068966,101560.0,-1070.4633920689666,-7.641649854765664,-7.212091664752081,0.9381194754883907,-0.45789283906503714
2026-01-28 10:00:00,13102.938508,5.9434,14052.413793103447,101880.0,-949.4752851034482,-6.756670413231247,-7.164757689787945,0.9309180941598484,0.4383707644279871
2026-01-28 11:00:00,13194.6507,5.985,14200.0,102950.0,-1005.3493,-7.079924647887326,-7.142872520822352,0.9262766791153115,0.06795795938115114
2026-01-28 14:00:00,13193.107466,5.9843,14252.413793103447,103330.0,-1059.306327103448,-7.432469632730088,-7.118867346233514,0.9101910534494629,-0.34454556030635247
2026-01-28 15:00:00,13160.920013999998,5.9697,14215.172413793103,103060.0,-1054.2523997931055,-7.416388413060371,-7.089708690523996,0.8877853962741683,-0.36797149841321447
2026-01-28 22:00:00,13119.693619999998,5.951,14150.344827586208,102590.0,-1030.6512075862083,-7.283576620528331,-7.078683129475391,0.8834765565876317,-0.23191729257007915
2026-01-28 23:00:00,13031.50882,5.911,14202.758620689656,102970.0,-1171.2498006896567,-8.246635966786453,-7.122243500164814,0.9149905077228756,-1.2288569740683972
2026-01-29 00:00:00,13027.760966,5.9093,14121.379310344828,102380.0,-1093.618344344828,-7.744415898124634,-7.138814080862296,0.922800401563392,-0.6562652294432664
2026-01-29 01:00:00,13081.774156,5.9338,14125.51724137931,102410.0,-1043.7430853793103,-7.389060998925889,-7.298242646362616,0.5213046014128239,-0.17421360240661635
2026-01-29 10:00:00,13516.52522,6.131,14227.586206896553,103150.0,-711.060986896553,-4.997762632089198,-7.207980254778222,0.7018334172779696,3.1492054500072926
2026-01-29 11:00:00,13837.517892,6.2766,14877.241379310344,107860.0,-1039.7234873103444,-6.988684668088263,-7.204313647443926,0.7027784096957451,0.3068235682553417
2026-01-29 14:00:00,13908.065732,6.3086,15150.344827586208,109840.0,-1242.2790955862074,-8.199675385105609,-7.244041713720431,0.7316079091268768,-1.3062101427056192
2026-01-29 15:00:00,13924.820844,6.3162,15049.655172413792,109110.0,-1124.8343284137936,-7.474153497387959,-7.286356944512328,0.7133446326399061,-0.2632620255102267
