hour,xyz_usd_per_ton,xyz_close,shfe_usd_per_ton,shfe_close,spread,spread_ratio
2026-01-15 00:00:00,13293.8586,6.03,14333.793103448275,103920.0,-1039.9345034482758,-7.255124278290992
2026-01-15 01:00:00,13359.997199999998,6.06,14297.931034482759,103660.0,-937.9338344827611,-6.559926972795694
2026-01-15 10:00:00,13222.649373999999,5.9977,14191.724137931034,102890.0,-969.0747639310357,-6.828449838176698
2026-01-15 11:00:00,13100.733887999999,5.9424,14151.724137931034,102600.0,-1050.9902499310356,-7.4265880233918224
2026-01-15 14:00:00,13260.127914,6.0147,14117.241379310344,102350.0,-857.1134653103436,-6.071394844650701
2026-01-15 15:00:00,13227.72,6.0,14180.689655172413,102810.0,-952.9696551724137,-6.720192588269624
2026-01-15 22:00:00,13205.6738,5.99,14024.827586206897,101680.0,-819.1537862068963,-5.840740509441378
2026-01-15 23:00:00,13192.44608,5.984,14096.551724137931,102200.0,-904.1056441379314,-6.413665283757341
2026-01-16 00:00:00,13227.72,6.0,14133.793103448275,102470.0,-906.073103448276,-6.4106860544549615
2026-01-16 01:00:00,13271.812399999999,6.02,14187.586206896553,102860.0,-915.7738068965537,-6.454754131829688
2026-01-16 10:00:00,13088.82894,5.937,14161.379310344828,102670.0,-1072.5503703448285,-7.5737705123210315
2026-01-16 11:00:00,13084.419699999999,5.935,14028.965517241379,101710.0,-944.5458172413801,-6.732825852915159
2026-01-16 14:00:00,12954.34712,5.876,13924.137931034482,100950.0,-969.7908110344815,-6.964817612679541
2026-01-16 15:00:00,12963.386061999998,5.8801,13899.310344827587,100770.0,-935.9242828275892,-6.733602312692288
2026-01-16 22:00:00,12852.493675999998,5.8298,13833.103448275862,100290.0,-980.6097722758641,-7.088863145876967
2026-01-16 23:00:00,12808.8422,5.81,13809.655172413793,100120.0,-1000.8129724137943,-7.247197413104278
2026-01-17 01:00:00,12872.77618,5.839,13831.724137931034,100280.0,-958.9479579310337,-6.932960405863575
2026-01-19 00:00:00,12939.796627999998,5.8694,13784.827586206897,99940.0,-845.0309582068985,-6.1301525385231255
2026-01-19 10:00:00,13017.178789999998,5.9045,13944.827586206897,101100.0,-927.6487962068986,-6.652278706726033
2026-01-19 11:00:00,13023.79265,5.9075,14002.758620689656,101520.0,-978.9659706896564,-6.991236492809305
2026-01-19 14:00:00,13016.517404,5.9042,13980.689655172413,101360.0,-964.1722511724129,-6.8964570057221675
2026-01-19 15:00:00,12919.0732,5.86,13955.862068965518,101180.0,-1036.7888689655174,-7.429056434077886
2026-01-19 22:00:00,13040.768223999998,5.9152,13932.413793103447,101010.0,-891.6455691034498,-6.399792472032484
2026-01-19 23:00:00,13020.265258,5.9059,14023.448275862069,101670.0,-1003.1830178620694,-7.1536115663420885
2026-01-20 00:00:00,13028.422352,5.9096,14012.413793103447,101590.0,-983.9914411034479,-7.022283638153359
2026-01-20 01:00:00,13030.406509999999,5.9105,14019.310344827587,101640.0,-988.9038348275881,-7.053869345238106
2026-01-20 10:00:00,12922.38013,5.8615,13925.51724137931,100960.0,-1003.1371113793102,-7.20358959736529
2026-01-20 11:00:00,12948.83557,5.8735,13915.862068965518,100890.0,-967.0264989655188,-6.94909517048271
2026-01-20 14:00:00,12951.04019,5.8745,13986.206896551725,101400.0,-1035.166706551725,-7.401339864398427
2026-01-20 15:00:00,13007.258,5.9,13962.758620689656,101230.0,-955.500620689656,-6.84320804109454
2026-01-20 22:00:00,12775.552438,5.7949,13830.344827586207,100270.0,-1054.792389586206,-7.626652861773209
2026-01-20 23:00:00,12741.160366,5.7793,13809.655172413793,100120.0,-1068.4948064137934,-7.737302583399918
2026-01-21 00:00:00,12768.277192,5.7916,13762.758620689656,99780.0,-994.4814286896562,-7.225887310082191
2026-01-21 01:00:00,12821.188071999999,5.8156,13783.448275862069,99930.0,-962.2602038620698,-6.981273369358554
2026-01-21 10:00:00,12883.137894,5.8437,13828.965517241379,100260.0,-945.8276232413791,-6.839467652603226
2026-01-21 11:00:00,12890.192678,5.8469,13859.310344827587,100480.0,-969.1176668275875,-6.992538897790612
2026-01-21 14:00:00,12966.692991999998,5.8816,13979.310344827587,101350.0,-1012.6173528275885,-7.2436860463739645
2026-01-21 15:00:00,12983.448104,5.8892,13969.655172413793,101280.0,-986.2070684137943,-7.05963788112165
2026-01-21 22:00:00,12877.18542,5.841,13966.896551724138,101260.0,-1089.7111317241379,-7.802099254394623
2026-01-21 23:00:00,12871.012483999999,5.8382,13914.48275862069,100880.0,-1043.4702746206913,-7.4991668229579815
2026-01-22 00:00:00,12785.69369,5.7995,13902.068965517241,100790.0,-1116.3752755172409,-8.030281523464621
2026-01-22 01:00:00,12744.90822,5.781,13848.275862068966,100400.0,-1103.3676420689662,-7.967545224103589
2026-01-22 10:00:00,12773.347817999998,5.7939,13880.0,100630.0,-1106.6521820000016,-7.972998429394829
2026-01-22 11:00:00,12814.133287999999,5.8124,13888.275862068966,100690.0,-1074.1425740689665,-7.734167903466094
2026-01-22 14:00:00,12817.219755999999,5.8138,13882.758620689656,100650.0,-1065.5388646896572,-7.675267530054663
2026-01-22 15:00:00,12713.382153999999,5.7667,13889.655172413793,100700.0,-1176.2730184137945,-8.468698494041716
2026-01-22 22:00:00,12651.652793999998,5.7387,13813.793103448275,100150.0,-1162.1403094482775,-8.412897896655025
2026-01-22 23:00:00,12678.769620000001,5.751,13773.793103448275,99860.0,-1095.0234834482744,-7.950050325455626
2026-01-23 00:00:00,12737.632974,5.7777,13777.931034482759,99890.0,-1040.298060482759,-7.55046645159676
2026-01-23 01:00:00,12762.324718,5.7889,13830.344827586207,100270.0,-1068.0201095862067,-7.72229559638975
2026-01-23 10:00:00,12878.508192,5.8416,13982.068965517241,101370.0,-1103.5607735172416,-7.892685812370526
2026-01-23 11:00:00,12862.634927999998,5.8344,13921.379310344828,100930.0,-1058.7443823448302,-7.605168703061549
2026-01-23 14:00:00,12864.839548,5.8354,13984.827586206897,101390.0,-1119.9880382068968,-8.00859382286222
2026-01-23 15:00:00,12843.454734,5.8257,13977.931034482759,101340.0,-1134.4763004827582,-8.116196150088806
2026-01-23 22:00:00,13095.001875999998,5.9398,14164.137931034482,102690.0,-1069.1360550344834,-7.5481900856948165
2026-01-23 23:00:00,13156.951697999999,5.9679,14177.931034482759,102790.0,-1020.9793364827601,-7.201187070240311
2026-01-24 01:00:00,13138.873813999999,5.9597,14180.689655172413,102810.0,-1041.8158411724144,-7.346721961385083
2026-01-26 00:00:00,13678.123866,6.2043,14183.448275862069,102830.0,-505.32440986206893,-3.562775426918219
2026-01-26 10:00:00,13181.42298,5.979,14198.620689655172,102940.0,-1017.1977096551727,-7.164060030114627
2026-01-26 11:00:00,13168.195259999999,5.973,14171.034482758621,102740.0,-1002.8392227586228,-7.07668324411136
2026-01-26 14:00:00,13046.94116,5.918,14066.206896551725,101980.0,-1019.2657365517243,-7.246201794469509
2026-01-26 15:00:00,13144.826287999998,5.9624,14052.413793103447,101880.0,-907.5875051034491,-6.458587958382411
2026-01-26 22:00:00,13318.991268,6.0414,14195.862068965518,102920.0,-876.8708009655184,-6.176946470073852
2026-01-26 23:00:00,13271.812399999999,6.02,14331.034482758621,103900.0,-1059.2220827586225,-7.391106929740143
2026-01-27 00:00:00,13242.711416,6.0068,14271.724137931034,103470.0,-1029.0127219310343,-7.210150028027451
2026-01-27 01:00:00,13294.079061999999,6.0301,14270.344827586207,103460.0,-976.2657655862076,-6.841220568818873
2026-01-27 10:00:00,13046.279773999999,5.9177,14051.034482758621,101870.0,-1004.7547087586227,-7.150752565524698
2026-01-27 11:00:00,13020.485719999999,5.906,14052.413793103447,101880.0,-1031.9280731034487,-7.343422192775817
2026-01-27 14:00:00,13086.403858,5.9359,14063.448275862069,101960.0,-977.0444178620692,-6.947402932032176
2026-01-27 15:00:00,13073.396599999998,5.93,14151.724137931034,102600.0,-1078.3275379310362,-7.619760867446401
2026-01-27 22:00:00,12871.673869999999,5.8385,14106.206896551725,102270.0,-1234.533026551726,-8.751700833577791
2026-01-27 23:00:00,12932.962306,5.8663,13953.103448275862,101160.0,-1020.1411422758629,-7.311213208283918
2026-01-28 00:00:00,12949.276494,5.8737,13995.862068965518,101470.0,-1046.5855749655184,-7.477821443283739
2026-01-28 01:00:00,12937.812469999999,5.8685,14008.275862068966,101560.0,-1070.4633920689666,-7.641649854765664
2026-01-28 10:00:00,13102.938508,5.9434,14052.413793103447,101880.0,-949.4752851034482,-6.756670413231247
2026-01-28 11:00:00,13194.6507,5.985,14200.0,102950.0,-1005.3492999999999,-7.079924647887326
2026-01-28 14:00:00,13193.107466,5.9843,14252.413793103447,103330.0,-1059.306327103448,-7.432469632730088
2026-01-28 15:00:00,13160.920013999998,5.9697,14215.172413793103,103060.0,-1054.2523997931057,-7.416388413060371
2026-01-28 22:00:00,13119.693619999998,5.951,14150.344827586207,102590.0,-1030.6512075862083,-7.283576620528331
2026-01-28 23:00:00,13031.50882,5.911,14202.758620689656,102970.0,-1171.2498006896567,-8.246635966786453
2026-01-29 00:00:00,13027.760966,5.9093,14121.379310344828,102380.0,-1093.618344344828,-7.744415898124634
2026-01-29 01:00:00,13081.774156,5.9338,14125.51724137931,102410.0,-1043.7430853793103,-7.389060998925889
2026-01-29 10:00:00,13516.52522,6.131,14227.586206896553,103150.0,-711.060986896553,-4.997762632089198
2026-01-29 11:00:00,13837.517892,6.2766,14877.241379310344,107860.0,-1039.7234873103444,-6.988684668088263
2026-01-29 14:00:00,13908.065732,6.3086,15150.344827586207,109840.0,-1242.2790955862074,-8.199675385105609
2026-01-29 15:00:00,13924.820844,6.3162,15049.655172413793,109110.0,-1124.8343284137936,-7.474153497387959
