datetime,open,high,low,close,volume,hold
2025-07-23 14:15:00,79670.0,79800.0,79510.0,79540.0,9228,171819
2025-07-23 15:00:00,79540.0,79640.0,79520.0,79590.0,21,172892
2025-07-23 22:00:00,79890.0,80020.0,79810.0,79880.0,20001,175638
2025-07-23 23:00:00,79880.0,79970.0,79730.0,79760.0,2259,175568
2025-07-24 00:00:00,79760.0,79890.0,79730.0,79830.0,3084,175814
2025-07-24 01:00:00,79830.0,79850.0,79660.0,79680.0,2074,175882
2025-07-24 10:00:00,79800.0,79860.0,79680.0,79720.0,9082,175841
2025-07-24 11:15:00,79720.0,79840.0,79680.0,79740.0,1491,177343
2025-07-24 14:15:00,79740.0,79930.0,79670.0,79800.0,12627,179050
2025-07-24 15:00:00,79800.0,80010.0,79790.0,79890.0,4726,181496
2025-07-24 22:00:00,79520.0,79550.0,79180.0,79380.0,24800,177851
2025-07-24 23:00:00,79380.0,79550.0,79320.0,79410.0,2873,178207
2025-07-25 00:00:00,79410.0,79460.0,79260.0,79270.0,5049,177781
2025-07-25 01:00:00,79270.0,79350.0,79260.0,79290.0,120,177575
2025-07-25 10:00:00,79360.0,79470.0,79260.0,79400.0,10678,178899
2025-07-25 11:15:00,79390.0,79510.0,79200.0,79250.0,5614,180220
2025-07-25 14:15:00,79250.0,79270.0,79150.0,79220.0,14548,181008
2025-07-25 15:00:00,79220.0,79290.0,79190.0,79250.0,17,180814
2025-07-25 22:00:00,79180.0,79280.0,79050.0,79260.0,11596,178971
2025-07-25 23:00:00,79260.0,79300.0,78940.0,79000.0,5330,178028
2025-07-26 01:00:00,78770.0,78870.0,78750.0,78800.0,1383,177599
2025-07-26 10:00:00,78800.0,78800.0,78800.0,78800.0,0,177599
2025-07-28 00:00:00,79000.0,79010.0,78730.0,78840.0,12552,177775
2025-07-28 10:00:00,78890.0,79000.0,78850.0,78940.0,13182,176811
2025-07-28 11:15:00,78940.0,79110.0,78930.0,79040.0,3482,176647
2025-07-28 14:15:00,79040.0,79050.0,78840.0,78950.0,11468,176232
2025-07-28 15:00:00,78950.0,79050.0,78900.0,79000.0,3221,176073
2025-07-28 22:00:00,79130.0,79240.0,78920.0,78950.0,13781,174253
2025-07-28 23:00:00,78950.0,79210.0,78810.0,79090.0,2678,175499
2025-07-29 00:00:00,79090.0,79120.0,79020.0,79040.0,2805,175184
2025-07-29 01:00:00,79030.0,79090.0,78980.0,79010.0,1534,174958
2025-07-29 10:00:00,78960.0,79010.0,78870.0,78890.0,5908,174726
2025-07-29 11:15:00,78890.0,79000.0,78860.0,78960.0,7004,175137
2025-07-29 14:15:00,78960.0,79020.0,78850.0,78890.0,6466,174354
2025-07-29 15:00:00,78890.0,78920.0,78820.0,78840.0,247,173684
2025-07-29 22:00:00,78910.0,79230.0,78870.0,79110.0,13709,172778
2025-07-29 23:00:00,79110.0,79220.0,79050.0,79160.0,852,172601
2025-07-30 00:00:00,79160.0,79180.0,79070.0,79130.0,2181,172446
2025-07-30 01:00:00,79130.0,79140.0,79070.0,79090.0,1210,172310
2025-07-30 10:00:00,79130.0,79180.0,79030.0,79100.0,4847,171885
2025-07-30 11:15:00,79110.0,79240.0,79080.0,79100.0,7750,171726
2025-07-30 14:15:00,79090.0,79120.0,78880.0,78910.0,480,171615
2025-07-30 15:00:00,78900.0,79050.0,78890.0,78930.0,161,171689
2025-07-30 22:00:00,78670.0,78770.0,78620.0,78670.0,13358,171010
2025-07-30 23:00:00,78670.0,78710.0,78570.0,78590.0,1807,170088
2025-07-31 00:00:00,78590.0,78670.0,78550.0,78670.0,3394,170415
2025-07-31 01:00:00,78670.0,78770.0,78660.0,78700.0,2204,170190
2025-07-31 10:00:00,78700.0,78810.0,78300.0,78330.0,20219,172887
2025-07-31 11:15:00,78330.0,78450.0,78250.0,78390.0,4,173606
2025-07-31 14:15:00,78400.0,78440.0,78180.0,78190.0,176,174698
2025-07-31 15:00:00,78190.0,78210.0,77950.0,78040.0,36,176193
2025-07-31 22:00:00,78130.0,78270.0,78000.0,78120.0,15142,173775
2025-07-31 23:00:00,78120.0,78150.0,77980.0,78040.0,613,173013
2025-08-01 00:00:00,78040.0,78130.0,78000.0,78090.0,2337,173017
2025-08-01 01:00:00,78080.0,78140.0,77960.0,78010.0,2146,172582
2025-08-01 10:00:00,78180.0,78230.0,78010.0,78150.0,6588,169745
2025-08-01 11:15:00,78150.0,78270.0,78120.0,78250.0,10305,169055
2025-08-01 14:15:00,78250.0,78790.0,78210.0,78460.0,23075,168009
2025-08-01 15:00:00,78450.0,78480.0,78340.0,78400.0,7822,167666
2025-08-01 22:00:00,78380.0,78500.0,78060.0,78090.0,18814,167566
2025-08-01 23:00:00,78090.0,78200.0,78030.0,78180.0,2869,165993
2025-08-02 01:00:00,78170.0,78230.0,78120.0,78170.0,23,165134
2025-08-04 00:00:00,78180.0,78230.0,78110.0,78170.0,4950,165134
2025-08-04 10:00:00,78200.0,78230.0,78060.0,78210.0,9331,164520
2025-08-04 11:15:00,78210.0,78290.0,78180.0,78240.0,86,164342
2025-08-04 14:15:00,78240.0,78340.0,78200.0,78320.0,656,164363
2025-08-04 15:00:00,78320.0,78430.0,78260.0,78330.0,9,163558
2025-08-04 22:00:00,78430.0,78550.0,78400.0,78460.0,9299,162255
2025-08-04 23:00:00,78460.0,78570.0,78350.0,78360.0,1269,161136
2025-08-05 00:00:00,78340.0,78430.0,78330.0,78430.0,1947,160883
2025-08-05 01:00:00,78410.0,78520.0,78360.0,78370.0,1954,160257
2025-08-05 10:00:00,78490.0,78510.0,78370.0,78450.0,3046,159816
2025-08-05 11:15:00,78450.0,78540.0,78420.0,78480.0,5822,159562
2025-08-05 14:15:00,78480.0,78580.0,78460.0,78520.0,303,159859
2025-08-05 15:00:00,78520.0,78590.0,78510.0,78580.0,223,159866
2025-08-05 22:00:00,78100.0,78210.0,78070.0,78120.0,17624,159815
2025-08-05 23:00:00,78110.0,78150.0,78050.0,78100.0,1513,159986
2025-08-06 00:00:00,78100.0,78130.0,78050.0,78120.0,3434,160346
2025-08-06 01:00:00,78120.0,78170.0,78070.0,78070.0,1236,160172
2025-08-06 10:00:00,78060.0,78270.0,78050.0,78250.0,5881,159533
2025-08-06 11:15:00,78250.0,78280.0,78180.0,78200.0,218,159162
2025-08-06 14:15:00,78200.0,78260.0,78140.0,78190.0,893,158759
2025-08-06 15:00:00,78190.0,78320.0,78170.0,78280.0,12,158574
2025-08-06 22:00:00,78390.0,78490.0,78330.0,78360.0,8081,157711
2025-08-06 23:00:00,78360.0,78390.0,78270.0,78310.0,419,157405
2025-08-07 00:00:00,78310.0,78400.0,78230.0,78380.0,3286,157162
2025-08-07 01:00:00,78380.0,78420.0,78320.0,78350.0,1337,156986
2025-08-07 10:00:00,78390.0,78460.0,78350.0,78400.0,3255,157136
2025-08-07 11:15:00,78400.0,78440.0,78330.0,78370.0,6198,157665
2025-08-07 14:15:00,78370.0,78470.0,78350.0,78370.0,2417,157883
2025-08-07 15:00:00,78370.0,78460.0,78350.0,78460.0,986,157601
2025-08-07 22:00:00,78410.0,78610.0,78360.0,78530.0,8939,156123
2025-08-07 23:00:00,78520.0,78530.0,78420.0,78440.0,260,155964
2025-08-08 00:00:00,78440.0,78500.0,78390.0,78450.0,1641,156014
2025-08-08 01:00:00,78450.0,78460.0,78320.0,78360.0,2568,155824
2025-08-08 10:00:00,78460.0,78480.0,78360.0,78390.0,4076,155744
2025-08-08 11:15:00,78390.0,78480.0,78380.0,78430.0,6324,156227
2025-08-08 14:15:00,78430.0,78500.0,78420.0,78440.0,3444,156782
2025-08-08 15:00:00,78440.0,78520.0,78420.0,78490.0,2733,156892
2025-08-08 22:00:00,78510.0,78870.0,78420.0,78820.0,14105,156897
2025-08-08 23:00:00,78820.0,78960.0,78700.0,78960.0,2985,157265
2025-08-09 01:00:00,78960.0,78990.0,78930.0,78940.0,13,157795
2025-08-11 00:00:00,78950.0,79090.0,78930.0,78940.0,9547,157795
2025-08-11 10:00:00,78930.0,79100.0,78790.0,79020.0,12486,158298
2025-08-11 11:15:00,79020.0,79070.0,78970.0,79040.0,752,159529
2025-08-11 14:15:00,79040.0,79170.0,78980.0,79100.0,9568,160463
2025-08-11 15:00:00,79100.0,79130.0,79020.0,79020.0,891,160884
2025-08-11 22:00:00,78800.0,78940.0,78770.0,78930.0,9056,158786
2025-08-11 23:00:00,78930.0,78990.0,78880.0,78950.0,2573,158182
2025-08-12 00:00:00,78950.0,78960.0,78780.0,78790.0,1877,157428
2025-08-12 01:00:00,78790.0,78830.0,78780.0,78810.0,1511,156997
2025-08-12 10:00:00,78910.0,79030.0,78810.0,78990.0,766,155178
2025-08-12 11:15:00,78980.0,79010.0,78910.0,79010.0,7437,155408
2025-08-12 14:15:00,79010.0,79050.0,78970.0,79010.0,6424,156165
2025-08-12 15:00:00,79010.0,79120.0,78980.0,79020.0,5770,156044
2025-08-12 22:00:00,79180.0,79370.0,79180.0,79280.0,12033,156554
2025-08-12 23:00:00,79280.0,79450.0,79220.0,79400.0,554,156846
2025-08-13 00:00:00,79410.0,79470.0,79330.0,79470.0,2957,157135
2025-08-13 01:00:00,79460.0,79510.0,79280.0,79410.0,3626,157818
2025-08-13 10:00:00,79370.0,79410.0,79270.0,79310.0,4303,157448
2025-08-13 11:15:00,79310.0,79320.0,79250.0,79300.0,6702,158465
2025-08-13 14:15:00,79300.0,79420.0,79270.0,79380.0,1736,158866
2025-08-13 15:00:00,79380.0,79470.0,79320.0,79380.0,68,158877
2025-08-13 22:00:00,79280.0,79340.0,79130.0,79280.0,9604,157258
2025-08-13 23:00:00,79280.0,79280.0,79130.0,79140.0,2326,156980
2025-08-14 00:00:00,79140.0,79170.0,79060.0,79100.0,1998,156789
2025-08-14 01:00:00,79100.0,79160.0,79060.0,79080.0,1324,156424
2025-08-14 10:00:00,79180.0,79240.0,79110.0,79230.0,6151,155549
2025-08-14 11:15:00,79230.0,79290.0,79150.0,79190.0,4830,153983
2025-08-14 14:15:00,79190.0,79200.0,78940.0,78980.0,12690,152378
2025-08-14 15:00:00,78970.0,79030.0,78880.0,78950.0,42,152341
2025-08-14 22:00:00,78760.0,78960.0,78760.0,78780.0,12091,151525
2025-08-14 23:00:00,78780.0,78940.0,78740.0,78920.0,195,151422
2025-08-15 00:00:00,78920.0,78950.0,78860.0,78910.0,1167,151639
2025-08-15 01:00:00,78920.0,79000.0,78870.0,78940.0,959,151588
2025-08-15 10:00:00,78960.0,79010.0,78890.0,78990.0,6911,151442
2025-08-15 11:15:00,78990.0,79000.0,78890.0,78960.0,3632,151415
2025-08-15 14:15:00,78960.0,79190.0,78930.0,79100.0,12325,152120
2025-08-15 15:00:00,79100.0,79150.0,79060.0,79060.0,2659,152557
2025-08-15 22:00:00,79060.0,79080.0,78900.0,79000.0,5,151028
2025-08-15 23:00:00,79000.0,79180.0,78990.0,79170.0,41,150218
2025-08-16 01:00:00,79160.0,79160.0,78990.0,79080.0,4,150446
2025-08-18 00:00:00,79170.0,79290.0,79080.0,79160.0,13,150404
2025-08-18 10:00:00,79100.0,79180.0,79040.0,79090.0,357,148914
2025-08-18 11:15:00,79100.0,79130.0,78970.0,78990.0,6,148787
2025-08-18 14:15:00,78990.0,79030.0,78880.0,78900.0,30,147655
2025-08-18 15:00:00,78900.0,78950.0,78870.0,78950.0,809,147433
2025-08-18 22:00:00,78840.0,78890.0,78780.0,78790.0,7620,146273
2025-08-18 23:00:00,78780.0,78860.0,78760.0,78820.0,2229,145871
2025-08-19 00:00:00,78820.0,78860.0,78770.0,78790.0,210,145570
2025-08-19 01:00:00,78790.0,78860.0,78790.0,78840.0,778,145302
2025-08-19 10:00:00,78830.0,78970.0,78820.0,78930.0,7411,143052
2025-08-19 11:15:00,78940.0,78970.0,78860.0,78940.0,2577,141625
2025-08-19 14:15:00,78940.0,78980.0,78840.0,78890.0,6651,140822
2025-08-19 15:00:00,78890.0,78940.0,78860.0,78890.0,1,140357
2025-08-19 22:00:00,78690.0,78770.0,78520.0,78600.0,14516,139203
2025-08-19 23:00:00,78600.0,78600.0,78510.0,78530.0,94,139181
2025-08-20 00:00:00,78540.0,78620.0,78510.0,78540.0,2360,139272
2025-08-20 01:00:00,78540.0,78580.0,78520.0,78550.0,1101,139326
2025-08-20 10:00:00,78600.0,78660.0,78540.0,78580.0,11248,138306
2025-08-20 11:15:00,78580.0,78620.0,78520.0,78550.0,8264,136725
2025-08-20 14:15:00,78550.0,78610.0,78500.0,78550.0,8218,135924
2025-08-20 15:00:00,78560.0,78640.0,78540.0,78640.0,3019,135867
2025-08-20 22:00:00,78520.0,78610.0,78450.0,78530.0,9939,140596
2025-08-20 23:00:00,78530.0,78600.0,78460.0,78540.0,3518,140076
2025-08-21 00:00:00,78540.0,78760.0,78520.0,78690.0,3506,139896
2025-08-21 01:00:00,78690.0,78730.0,78660.0,78700.0,896,139780
2025-08-21 10:00:00,78670.0,78700.0,78570.0,78590.0,1028,140692
2025-08-21 11:15:00,78590.0,78670.0,78580.0,78630.0,4342,141999
2025-08-21 14:15:00,78630.0,78650.0,78530.0,78600.0,3988,142622
2025-08-21 15:00:00,78600.0,78630.0,78500.0,78510.0,1565,143385
2025-08-21 22:00:00,78580.0,78750.0,78580.0,78700.0,6263,143236
2025-08-21 23:00:00,78700.0,78880.0,78690.0,78740.0,88,144062
2025-08-22 00:00:00,78740.0,78780.0,78690.0,78730.0,1304,144063
2025-08-22 01:00:00,78730.0,78830.0,78710.0,78710.0,974,144152
2025-08-22 10:00:00,78760.0,78790.0,78630.0,78660.0,1570,145754
2025-08-22 11:15:00,78660.0,78710.0,78620.0,78680.0,4861,146532
2025-08-22 14:15:00,78680.0,78710.0,78640.0,78660.0,3455,147218
2025-08-22 15:00:00,78660.0,78700.0,78640.0,78650.0,919,148832
2025-08-22 22:00:00,78670.0,78920.0,78670.0,78850.0,9309,149386
2025-08-22 23:00:00,78850.0,79350.0,78850.0,79200.0,2311,153712
2025-08-23 01:00:00,79140.0,79160.0,79070.0,79120.0,1,155222
2025-08-23 10:00:00,79120.0,79120.0,79120.0,79120.0,0,155222
2025-08-25 00:00:00,79200.0,79280.0,79070.0,79140.0,7219,155222
2025-08-25 10:00:00,79160.0,79290.0,79160.0,79200.0,9960,157747
2025-08-25 11:15:00,79200.0,79480.0,79190.0,79430.0,232,161528
2025-08-25 14:15:00,79430.0,79450.0,79310.0,79410.0,8327,163377
2025-08-25 15:00:00,79400.0,79860.0,79400.0,79690.0,252,169761
2025-08-25 22:00:00,79690.0,79810.0,79600.0,79660.0,14204,172761
2025-08-25 23:00:00,79670.0,79730.0,79640.0,79660.0,3282,172927
2025-08-26 00:00:00,79660.0,79700.0,79600.0,79660.0,1499,173086
2025-08-26 01:00:00,79660.0,79700.0,79630.0,79640.0,796,173018
2025-08-26 10:00:00,79520.0,79640.0,79440.0,79510.0,2458,175513
2025-08-26 11:15:00,79510.0,79540.0,79330.0,79420.0,10027,176339
2025-08-26 14:15:00,79420.0,79470.0,79280.0,79300.0,3575,176833
2025-08-26 15:00:00,79290.0,79310.0,79040.0,79190.0,14018,175488
2025-08-26 22:00:00,79260.0,79460.0,79250.0,79450.0,11008,174893
2025-08-26 23:00:00,79440.0,79580.0,79390.0,79400.0,1253,176376
2025-08-27 00:00:00,79400.0,79460.0,79370.0,79410.0,1823,176581
2025-08-27 01:00:00,79410.0,79420.0,79350.0,79420.0,995,176503
2025-08-27 10:00:00,79440.0,79500.0,79340.0,79390.0,8659,177273
2025-08-27 11:15:00,79390.0,79430.0,79310.0,79410.0,781,177091
2025-08-27 14:15:00,79410.0,79420.0,79230.0,79300.0,10190,175800
2025-08-27 15:00:00,79300.0,79310.0,79160.0,79190.0,19,174953
2025-08-27 22:00:00,78820.0,78820.0,78660.0,78760.0,27844,169404
2025-08-27 23:00:00,78760.0,78880.0,78740.0,78790.0,1516,169428
2025-08-28 00:00:00,78780.0,78860.0,78750.0,78770.0,1909,169367
2025-08-28 01:00:00,78770.0,78860.0,78750.0,78850.0,1548,169209
2025-08-28 10:00:00,78860.0,78990.0,78830.0,78900.0,6611,168284
2025-08-28 11:15:00,78900.0,79010.0,78890.0,78960.0,7363,168397
2025-08-28 14:15:00,78960.0,78960.0,78760.0,78900.0,8776,168274
2025-08-28 15:00:00,78900.0,78940.0,78850.0,78930.0,949,168981
2025-08-28 22:00:00,78930.0,78970.0,78830.0,78890.0,8357,168341
2025-08-28 23:00:00,78890.0,79060.0,78880.0,78970.0,1004,168072
2025-08-29 00:00:00,78970.0,79020.0,78920.0,78950.0,1610,168195
2025-08-29 01:00:00,78950.0,79000.0,78940.0,78990.0,253,167941
2025-08-29 10:00:00,79030.0,79170.0,78990.0,79120.0,9579,168389
2025-08-29 11:15:00,79120.0,79190.0,79090.0,79150.0,2975,168130
2025-08-29 14:15:00,79150.0,79630.0,79120.0,79460.0,2171,173109
2025-08-29 15:00:00,79460.0,79540.0,79310.0,79410.0,99,173666
2025-08-29 22:00:00,79660.0,79730.0,79510.0,79520.0,12824,173640
2025-08-29 23:00:00,79510.0,79650.0,79470.0,79620.0,2196,174145
2025-08-30 01:00:00,79610.0,79690.0,79580.0,79660.0,1,174055
2025-09-01 00:00:00,79620.0,79690.0,79560.0,79680.0,5084,174054
2025-09-01 10:00:00,79680.0,79700.0,79510.0,79520.0,8193,174279
2025-09-01 11:15:00,79530.0,79810.0,79510.0,79720.0,1148,177071
2025-09-01 14:15:00,79720.0,79970.0,79670.0,79950.0,38,179844
2025-09-01 15:00:00,79960.0,79980.0,79740.0,79780.0,24,180640
2025-09-01 22:00:00,79640.0,79810.0,79640.0,79670.0,10306,180340
2025-09-01 23:00:00,79670.0,79700.0,79560.0,79650.0,3855,179457
2025-09-02 00:00:00,79650.0,79660.0,79580.0,79640.0,1403,179484
2025-09-02 01:00:00,79640.0,79670.0,79620.0,79660.0,1209,179386
2025-09-02 10:00:00,79720.0,79960.0,79630.0,79890.0,4658,179876
2025-09-02 11:15:00,79890.0,80020.0,79860.0,79870.0,10779,181185
2025-09-02 14:15:00,79870.0,80010.0,79800.0,79850.0,4608,181241
2025-09-02 15:00:00,79850.0,79860.0,79540.0,79660.0,9945,180065
2025-09-02 22:00:00,79500.0,79780.0,79500.0,79770.0,10974,179839
2025-09-02 23:00:00,79770.0,80220.0,79750.0,80220.0,9008,184359
2025-09-03 00:00:00,80220.0,80350.0,80160.0,80300.0,8896,186317
2025-09-03 01:00:00,80300.0,80440.0,80250.0,80410.0,2060,186667
2025-09-03 10:00:00,80450.0,80700.0,80310.0,80370.0,23314,191842
2025-09-03 11:15:00,80360.0,80370.0,80170.0,80280.0,3,191759
2025-09-03 14:15:00,80290.0,80290.0,79910.0,80090.0,8,191845
2025-09-03 15:00:00,80090.0,80210.0,80070.0,80110.0,47,192108
2025-09-03 22:00:00,80050.0,80390.0,80010.0,80340.0,12655,191333
2025-09-03 23:00:00,80350.0,80430.0,80090.0,80120.0,4013,190930
2025-09-04 00:00:00,80120.0,80230.0,80110.0,80210.0,2451,190844
2025-09-04 01:00:00,80210.0,80330.0,80200.0,80260.0,570,190579
2025-09-04 10:00:00,80160.0,80260.0,80010.0,80060.0,10835,189257
2025-09-04 11:15:00,80060.0,80080.0,79650.0,79650.0,8674,185870
2025-09-04 14:15:00,79670.0,79820.0,79550.0,79660.0,13525,184200
2025-09-04 15:00:00,79660.0,79820.0,79640.0,79770.0,59,184021
2025-09-04 22:00:00,79710.0,79880.0,79660.0,79760.0,8693,183177
2025-09-04 23:00:00,79740.0,79850.0,79680.0,79840.0,260,182735
2025-09-05 00:00:00,79840.0,79860.0,79690.0,79710.0,2355,182513
2025-09-05 01:00:00,79710.0,79720.0,79620.0,79650.0,2419,182243
2025-09-05 10:00:00,79680.0,79840.0,79650.0,79820.0,4109,182890
2025-09-05 11:15:00,79820.0,80030.0,79790.0,79980.0,9362,184804
2025-09-05 14:15:00,79980.0,80270.0,79930.0,80190.0,8922,187428
2025-09-05 15:00:00,80190.0,80280.0,80060.0,80140.0,96,187152
2025-09-05 22:00:00,80290.0,80400.0,79850.0,79890.0,19476,185442
2025-09-05 23:00:00,79900.0,79980.0,79480.0,79640.0,9452,182910
2025-09-06 01:00:00,79510.0,79530.0,79410.0,79440.0,1699,182604
2025-09-06 10:00:00,79440.0,79440.0,79440.0,79440.0,0,182604
2025-09-08 00:00:00,79640.0,79690.0,79410.0,79440.0,9531,182770
2025-09-08 10:00:00,79540.0,79760.0,79540.0,79700.0,12380,181172
2025-09-08 11:15:00,79700.0,79760.0,79600.0,79620.0,6384,180036
2025-09-08 14:15:00,79620.0,79680.0,79550.0,79620.0,9053,178616
2025-09-08 15:00:00,79620.0,79700.0,79610.0,79650.0,2174,178303
2025-09-08 22:00:00,79700.0,79750.0,79530.0,79670.0,8841,176636
2025-09-08 23:00:00,79670.0,79740.0,79640.0,79700.0,3047,175883
2025-09-09 00:00:00,79700.0,79790.0,79640.0,79770.0,3066,175476
2025-09-09 01:00:00,79770.0,79780.0,79610.0,79620.0,1765,175064
2025-09-09 10:00:00,79670.0,79730.0,79610.0,79730.0,3549,175621
2025-09-09 11:15:00,79730.0,79910.0,79700.0,79760.0,11396,176130
2025-09-09 14:15:00,79760.0,79840.0,79710.0,79770.0,4643,175714
2025-09-09 15:00:00,79770.0,79780.0,79640.0,79650.0,9,174886
2025-09-09 22:00:00,79580.0,79700.0,79490.0,79650.0,10052,173847
2025-09-09 23:00:00,79640.0,79710.0,79520.0,79600.0,65,173259
2025-09-10 00:00:00,79600.0,79660.0,79520.0,79650.0,2674,172999
2025-09-10 01:00:00,79650.0,79690.0,79590.0,79600.0,1425,172906
2025-09-10 10:00:00,79650.0,79730.0,79600.0,79630.0,4453,172373
2025-09-10 11:15:00,79640.0,79790.0,79620.0,79750.0,9684,172860
2025-09-10 14:15:00,79740.0,79870.0,79720.0,79870.0,4529,173312
2025-09-10 15:00:00,79870.0,79920.0,79760.0,79790.0,7974,171912
2025-09-10 22:00:00,79940.0,80180.0,79870.0,80140.0,13972,172251
2025-09-10 23:00:00,80140.0,80210.0,80050.0,80120.0,1195,172778
2025-09-11 00:00:00,80120.0,80270.0,80080.0,80210.0,4205,173820
2025-09-11 01:00:00,80210.0,80280.0,80150.0,80190.0,1732,173577
2025-09-11 10:00:00,80140.0,80200.0,80030.0,80080.0,8230,173811
2025-09-11 11:15:00,80090.0,80180.0,80050.0,80160.0,92,173910
2025-09-11 14:15:00,80160.0,80160.0,79980.0,80040.0,10294,173758
2025-09-11 15:00:00,80040.0,80210.0,80010.0,80130.0,679,174453
2025-09-11 22:00:00,80180.0,80320.0,80080.0,80320.0,12228,174083
2025-09-11 23:00:00,80320.0,80440.0,80290.0,80390.0,2248,175439
2025-09-12 00:00:00,80390.0,80540.0,80370.0,80490.0,5313,177078
2025-09-12 01:00:00,80490.0,80540.0,80460.0,80490.0,206,177206
2025-09-12 10:00:00,80510.0,80790.0,80470.0,80620.0,19630,180422
2025-09-12 11:15:00,80620.0,80790.0,80610.0,80680.0,4149,181517
2025-09-12 14:15:00,80680.0,80920.0,80660.0,80860.0,14440,184028
2025-09-12 15:00:00,80870.0,81180.0,80850.0,81060.0,9058,186876
2025-09-12 22:00:00,80780.0,80940.0,80700.0,80930.0,13918,184652
2025-09-12 23:00:00,80930.0,81100.0,80810.0,80830.0,1797,184747
2025-09-13 01:00:00,80830.0,80850.0,80770.0,80810.0,6,184098
2025-09-15 00:00:00,80830.0,80890.0,80770.0,80810.0,4231,184098
2025-09-15 10:00:00,80770.0,80840.0,80570.0,80780.0,5927,182240
2025-09-15 11:15:00,80780.0,80980.0,80720.0,80910.0,11437,181072
2025-09-15 14:15:00,80910.0,80960.0,80770.0,80850.0,6511,179882
2025-09-15 15:00:00,80850.0,81050.0,80800.0,80940.0,18,179256
2025-09-15 22:00:00,80900.0,81350.0,80850.0,81340.0,13948,177434
2025-09-15 23:00:00,81340.0,81450.0,81220.0,81440.0,2702,178055
2025-09-16 00:00:00,81440.0,81530.0,81410.0,81480.0,4456,178862
2025-09-16 01:00:00,81470.0,81490.0,81340.0,81380.0,2767,178652
2025-09-16 10:00:00,81350.0,81410.0,81150.0,81190.0,16320,173614
2025-09-16 11:15:00,81180.0,81200.0,80670.0,80830.0,6629,169966
2025-09-16 14:15:00,80830.0,80980.0,80710.0,80960.0,12323,167016
2025-09-16 15:00:00,80960.0,81030.0,80770.0,80880.0,780,165216
2025-09-16 22:00:00,81060.0,81120.0,80890.0,81020.0,9672,176818
2025-09-16 23:00:00,81020.0,81230.0,81020.0,81150.0,1437,178161
2025-09-17 00:00:00,81150.0,81190.0,80880.0,81000.0,4620,177985
2025-09-17 01:00:00,81000.0,81000.0,80880.0,80910.0,1100,177903
2025-09-17 10:00:00,80890.0,81000.0,80590.0,80650.0,12274,177939
2025-09-17 11:15:00,80650.0,80650.0,80350.0,80590.0,12800,177184
2025-09-17 14:15:00,80590.0,80650.0,80450.0,80540.0,1258,178504
2025-09-17 15:00:00,80540.0,80600.0,80480.0,80560.0,9,179082
2025-09-17 22:00:00,79970.0,80030.0,79680.0,79880.0,31439,177041
2025-09-17 23:00:00,79880.0,79950.0,79790.0,79870.0,1966,176736
2025-09-18 00:00:00,79870.0,79950.0,79850.0,79880.0,2480,176600
2025-09-18 01:00:00,79880.0,79900.0,79820.0,79880.0,1684,176297
2025-09-18 10:00:00,79850.0,79920.0,79730.0,79890.0,9589,175980
2025-09-18 11:15:00,79890.0,79980.0,79840.0,79930.0,76,176399
2025-09-18 14:15:00,79930.0,79940.0,79430.0,79490.0,887,173508
2025-09-18 15:00:00,79490.0,79620.0,79480.0,79580.0,169,172604
2025-09-18 22:00:00,79670.0,79810.0,79530.0,79630.0,11406,172640
2025-09-18 23:00:00,79630.0,79750.0,79560.0,79560.0,1135,172502
2025-09-19 00:00:00,79560.0,79670.0,79560.0,79660.0,1259,172566
2025-09-19 01:00:00,79660.0,79710.0,79630.0,79660.0,1089,172555
2025-09-19 10:00:00,79640.0,79960.0,79600.0,79860.0,496,172864
2025-09-19 11:15:00,79860.0,79980.0,79860.0,79930.0,2,172982
2025-09-19 14:15:00,79930.0,80080.0,79840.0,79950.0,3,173274
2025-09-19 15:00:00,79950.0,80000.0,79850.0,79850.0,70,173028
2025-09-19 22:00:00,80020.0,80130.0,79910.0,80010.0,11045,175110
2025-09-19 23:00:00,80010.0,80110.0,79960.0,80080.0,1240,175772
2025-09-20 01:00:00,80100.0,80140.0,80040.0,80080.0,19,175871
2025-09-22 00:00:00,80090.0,80190.0,80000.0,80080.0,5768,175871
2025-09-22 10:00:00,80210.0,80350.0,80090.0,80110.0,8758,175710
2025-09-22 11:15:00,80110.0,80170.0,80040.0,80060.0,1017,174577
2025-09-22 14:15:00,80060.0,80170.0,80010.0,80030.0,7946,175536
2025-09-22 15:00:00,80030.0,80250.0,80000.0,80160.0,51,176962
2025-09-22 22:00:00,80110.0,80130.0,79820.0,79890.0,15554,174256
2025-09-22 23:00:00,79890.0,79940.0,79830.0,79930.0,701,173688
2025-09-23 00:00:00,79930.0,80000.0,79880.0,80000.0,2096,173451
2025-09-23 01:00:00,79990.0,80100.0,79990.0,80090.0,2159,173488
2025-09-23 10:00:00,80170.0,80190.0,79950.0,79960.0,6981,172711
2025-09-23 11:15:00,79960.0,79970.0,79820.0,79900.0,10275,172074
2025-09-23 14:15:00,79900.0,79960.0,79830.0,79880.0,8385,172148
2025-09-23 15:00:00,79870.0,79990.0,79840.0,79920.0,65,173294
2025-09-23 22:00:00,79970.0,80100.0,79860.0,80020.0,12314,173237
2025-09-23 23:00:00,80010.0,80060.0,79970.0,80010.0,762,173859
2025-09-24 00:00:00,80010.0,80060.0,79930.0,80030.0,1966,173714
2025-09-24 01:00:00,80030.0,80040.0,79940.0,79970.0,1554,173512
2025-09-24 10:00:00,79930.0,80010.0,79900.0,79960.0,3375,173521
2025-09-24 11:15:00,79960.0,80050.0,79910.0,79980.0,603,172598
2025-09-24 14:15:00,79980.0,80130.0,79980.0,80050.0,10283,173118
2025-09-24 15:00:00,80050.0,80060.0,79910.0,79960.0,37,172444
2025-09-24 22:00:00,80990.0,81710.0,80750.0,81700.0,82739,198138
2025-09-24 23:00:00,81700.0,82920.0,81660.0,82310.0,56003,214546
2025-09-25 00:00:00,82320.0,82900.0,82300.0,82730.0,6159,218647
2025-09-25 01:00:00,82730.0,82820.0,82510.0,82610.0,12663,217901
2025-09-25 10:00:00,82650.0,82690.0,82110.0,82190.0,22968,221824
2025-09-25 11:15:00,82210.0,82980.0,82170.0,82720.0,7266,230921
2025-09-25 14:15:00,82720.0,82860.0,82370.0,82550.0,24228,235553
2025-09-25 15:00:00,82550.0,82880.0,82520.0,82710.0,297,238523
2025-09-25 22:00:00,82300.0,83080.0,82300.0,82540.0,69163,235634
2025-09-25 23:00:00,82540.0,82640.0,82270.0,82470.0,7851,234308
2025-09-26 00:00:00,82470.0,82670.0,82410.0,82480.0,408,233632
2025-09-26 01:00:00,82480.0,82500.0,82330.0,82380.0,4423,232606
2025-09-26 10:00:00,82380.0,82620.0,82350.0,82390.0,4158,231027
2025-09-26 11:15:00,82390.0,82640.0,82370.0,82580.0,13489,231613
2025-09-26 14:15:00,82580.0,82720.0,82270.0,82420.0,18179,229456
2025-09-26 15:00:00,82420.0,82630.0,82380.0,82470.0,13893,229050
2025-09-26 22:00:00,82260.0,82260.0,81650.0,81860.0,46563,219114
2025-09-26 23:00:00,81850.0,81940.0,81680.0,81890.0,7254,218158
2025-09-27 01:00:00,81780.0,81910.0,81700.0,81890.0,3598,216750
2025-09-27 10:00:00,81890.0,81890.0,81890.0,81890.0,0,216750
2025-09-29 00:00:00,81890.0,82000.0,81690.0,81780.0,8878,217100
2025-09-29 10:00:00,82040.0,82410.0,82010.0,82210.0,6072,214585
2025-09-29 11:15:00,82210.0,82390.0,82130.0,82370.0,13938,216111
2025-09-29 14:15:00,82370.0,82450.0,82240.0,82300.0,6893,214964
2025-09-29 15:00:00,82300.0,82400.0,82260.0,82370.0,85,213792
2025-09-29 22:00:00,82400.0,83040.0,82400.0,83000.0,24231,213654
2025-09-29 23:00:00,83000.0,83820.0,82990.0,83370.0,21724,216722
2025-09-30 00:00:00,83360.0,83630.0,83350.0,83510.0,756,216572
2025-09-30 01:00:00,83500.0,83730.0,83500.0,83670.0,6275,216329
2025-09-30 10:00:00,83680.0,83700.0,83340.0,83390.0,68,216064
2025-09-30 11:15:00,83390.0,83450.0,82940.0,83260.0,142,215075
2025-09-30 14:15:00,83260.0,83410.0,83170.0,83280.0,594,216107
2025-09-30 15:00:00,83280.0,83350.0,83070.0,83110.0,2744,213859
2025-10-09 10:00:00,84660.0,86010.0,84660.0,85550.0,69820,215422
2025-10-09 11:15:00,85550.0,86330.0,85550.0,86290.0,3923,218968
2025-10-09 14:15:00,86290.0,86950.0,86270.0,86690.0,27409,220801
2025-10-09 15:00:00,86690.0,87000.0,86630.0,86750.0,13548,221715
2025-10-09 22:00:00,87400.0,88090.0,87140.0,87420.0,58492,221622
2025-10-09 23:00:00,87400.0,87600.0,86910.0,87470.0,11946,221246
2025-10-10 00:00:00,87470.0,87510.0,87040.0,87320.0,10519,220255
2025-10-10 01:00:00,87320.0,87420.0,86480.0,86650.0,11962,218933
2025-10-10 10:00:00,86700.0,86830.0,86350.0,86580.0,7160,216986
2025-10-10 11:15:00,86600.0,86940.0,86260.0,86340.0,22980,216346
2025-10-10 14:15:00,86330.0,86370.0,85860.0,86030.0,13677,216603
2025-10-10 15:00:00,86030.0,86050.0,85720.0,85910.0,18267,216114
2025-10-10 22:00:00,86470.0,86770.0,86270.0,86490.0,27429,214313
2025-10-10 23:00:00,86500.0,86620.0,86230.0,86230.0,5870,213586
2025-10-11 01:00:00,83890.0,83940.0,82700.0,83010.0,28,206524
2025-10-13 00:00:00,86220.0,86300.0,82700.0,83030.0,62164,206516
2025-10-13 10:00:00,85100.0,85420.0,84540.0,85030.0,18919,203895
2025-10-13 11:15:00,85030.0,85060.0,84650.0,84650.0,2001,202360
2025-10-13 14:15:00,84650.0,84980.0,84440.0,84750.0,20778,201736
2025-10-13 15:00:00,84750.0,85120.0,84700.0,85120.0,3428,201830
2025-10-13 22:00:00,85780.0,86550.0,85530.0,86500.0,42914,202216
2025-10-13 23:00:00,86490.0,86750.0,86200.0,86490.0,13201,200415
2025-10-14 00:00:00,86500.0,86730.0,86330.0,86680.0,948,201106
2025-10-14 01:00:00,86680.0,86790.0,86490.0,86500.0,7839,200473
2025-10-14 10:00:00,86550.0,86730.0,85870.0,85960.0,13389,199686
2025-10-14 11:15:00,85960.0,86130.0,85620.0,85770.0,21279,197313
2025-10-14 14:15:00,85770.0,86120.0,84490.0,84510.0,47582,192162
2025-10-14 15:00:00,84520.0,84690.0,84080.0,84410.0,38,187566
2025-10-14 22:00:00,84110.0,84600.0,83870.0,84480.0,25385,196582
2025-10-14 23:00:00,84480.0,84820.0,84420.0,84510.0,5762,196547
2025-10-15 00:00:00,84510.0,84750.0,84400.0,84700.0,6138,196843
2025-10-15 01:00:00,84700.0,84920.0,84610.0,84870.0,4000,196868
2025-10-15 10:00:00,84850.0,85300.0,84780.0,85150.0,3181,201338
2025-10-15 11:15:00,85150.0,85520.0,84910.0,85060.0,14352,203098
2025-10-15 14:15:00,85050.0,85870.0,84960.0,85860.0,14151,207411
2025-10-15 15:00:00,85860.0,86000.0,85680.0,85850.0,10204,208930
2025-10-15 22:00:00,85350.0,85450.0,85010.0,85190.0,22417,210940
2025-10-15 23:00:00,85190.0,85340.0,85060.0,85150.0,3500,210584
2025-10-16 00:00:00,85150.0,85320.0,85040.0,85130.0,4542,210175
2025-10-16 01:00:00,85130.0,85270.0,85090.0,85260.0,1801,209894
2025-10-16 10:00:00,84930.0,85260.0,84850.0,85060.0,20858,212401
2025-10-16 11:15:00,85050.0,85410.0,85040.0,85300.0,14126,214854
2025-10-16 14:15:00,85300.0,85310.0,84460.0,85050.0,4934,214539
2025-10-16 15:00:00,85050.0,85080.0,84860.0,85070.0,74,214147
2025-10-16 22:00:00,84510.0,84810.0,84510.0,84750.0,23204,214879
2025-10-16 23:00:00,84750.0,85150.0,84710.0,85150.0,6909,216201
2025-10-17 00:00:00,85140.0,85430.0,85100.0,85220.0,432,216525
2025-10-17 01:00:00,85220.0,85330.0,84810.0,85140.0,7904,215629
2025-10-17 10:00:00,85140.0,85200.0,84620.0,84720.0,10751,215669
2025-10-17 11:15:00,84720.0,84840.0,84580.0,84670.0,393,215790
2025-10-17 14:15:00,84670.0,84760.0,84270.0,84310.0,19476,215317
2025-10-17 15:00:00,84310.0,84480.0,84220.0,84390.0,79,215573
2025-10-17 22:00:00,84620.0,85230.0,84620.0,84750.0,35037,215255
2025-10-17 23:00:00,84750.0,85000.0,84410.0,84870.0,8782,216153
2025-10-18 01:00:00,84950.0,85000.0,84840.0,84890.0,2912,216284
2025-10-18 10:00:00,84890.0,84890.0,84890.0,84890.0,0,216284
2025-10-20 00:00:00,84870.0,85040.0,84780.0,84970.0,6950,216696
2025-10-20 10:00:00,85060.0,85530.0,84860.0,85350.0,3184,222328
2025-10-20 11:15:00,85350.0,85980.0,85300.0,85860.0,29965,228565
2025-10-20 14:15:00,85870.0,85940.0,85430.0,85550.0,16709,227746
2025-10-20 15:00:00,85540.0,85570.0,85300.0,85380.0,10032,226910
2025-10-20 22:00:00,85230.0,85570.0,85230.0,85330.0,21872,227984
2025-10-20 23:00:00,85330.0,85740.0,85270.0,85740.0,6996,228481
2025-10-21 00:00:00,85720.0,85790.0,85500.0,85500.0,7276,228785
2025-10-21 01:00:00,85500.0,85720.0,85450.0,85690.0,2260,228723
2025-10-21 10:00:00,85670.0,85830.0,85480.0,85760.0,339,229797
2025-10-21 11:15:00,85760.0,85880.0,85630.0,85630.0,13880,230769
2025-10-21 14:15:00,85630.0,85710.0,85280.0,85420.0,10195,231160
2025-10-21 15:00:00,85420.0,85500.0,85340.0,85400.0,127,231226
2025-10-21 22:00:00,85330.0,85390.0,84710.0,84800.0,34316,229054
2025-10-21 23:00:00,84800.0,84960.0,84500.0,84930.0,14437,228112
2025-10-22 00:00:00,84930.0,85130.0,84870.0,85070.0,8665,228876
2025-10-22 01:00:00,85070.0,85120.0,84960.0,85020.0,2560,228654
2025-10-22 10:00:00,84820.0,85040.0,84760.0,84870.0,818,229817
2025-10-22 11:15:00,84870.0,85050.0,84840.0,85040.0,7523,229806
2025-10-22 14:15:00,85040.0,85340.0,84990.0,85280.0,5262,231753
2025-10-22 15:00:00,85280.0,85420.0,85180.0,85420.0,5,233361
2025-10-22 22:00:00,85270.0,85730.0,85110.0,85460.0,26938,236028
2025-10-22 23:00:00,85460.0,85530.0,85160.0,85310.0,5898,234759
2025-10-23 00:00:00,85310.0,85440.0,85300.0,85370.0,5528,234730
2025-10-23 01:00:00,85360.0,85460.0,85250.0,85390.0,2820,234176
2025-10-23 10:00:00,85390.0,85550.0,85310.0,85330.0,11585,234915
2025-10-23 11:15:00,85320.0,85720.0,85320.0,85620.0,14870,237476
2025-10-23 14:15:00,85620.0,85850.0,85470.0,85760.0,8868,241251
2025-10-23 15:00:00,85740.0,86080.0,85690.0,86070.0,177,248626
2025-10-23 22:00:00,86420.0,86780.0,86240.0,86700.0,39096,251369
2025-10-23 23:00:00,86700.0,86820.0,86430.0,86760.0,9671,253976
2025-10-24 00:00:00,86760.0,86890.0,86650.0,86750.0,7296,255212
2025-10-24 01:00:00,86760.0,86800.0,86620.0,86730.0,3458,254739
2025-10-24 10:00:00,86800.0,86830.0,86250.0,86370.0,5513,254101
2025-10-24 11:15:00,86370.0,86660.0,86340.0,86610.0,14822,256361
2025-10-24 14:15:00,86610.0,87100.0,86540.0,87070.0,19404,263340
2025-10-24 15:00:00,87070.0,87860.0,87070.0,87720.0,629,275672
2025-10-24 22:00:00,87070.0,87550.0,86940.0,87110.0,48754,276378
2025-10-24 23:00:00,87110.0,87600.0,87110.0,87560.0,12130,277855
2025-10-25 01:00:00,87920.0,87930.0,87580.0,87660.0,65,280029
2025-10-27 10:00:00,88120.0,88610.0,87980.0,88230.0,21621,285009
2025-10-27 11:15:00,88240.0,88520.0,88130.0,88420.0,1539,288489
2025-10-27 14:15:00,88420.0,88700.0,88350.0,88520.0,25664,293454
2025-10-27 15:00:00,88520.0,88600.0,88300.0,88370.0,6622,293381
2025-10-27 22:00:00,88170.0,88390.0,87800.0,88130.0,47271,290598
2025-10-27 23:00:00,88140.0,88220.0,87370.0,87440.0,22534,286758
2025-10-28 00:00:00,87440.0,87940.0,87310.0,87930.0,2236,287256
2025-10-28 01:00:00,87920.0,88180.0,87880.0,88130.0,10291,286627
2025-10-28 10:00:00,88000.0,88320.0,87970.0,88210.0,8623,288815
2025-10-28 11:15:00,88210.0,88240.0,87660.0,87920.0,791,287796
2025-10-28 14:15:00,87920.0,87980.0,86950.0,87190.0,1919,284093
2025-10-28 15:00:00,87180.0,87210.0,86700.0,86980.0,10167,281300
2025-10-28 22:00:00,87240.0,87570.0,87240.0,87480.0,31960,280674
2025-10-28 23:00:00,87480.0,87920.0,87430.0,87840.0,13836,282283
2025-10-29 00:00:00,87840.0,88050.0,87730.0,87910.0,463,283132
2025-10-29 01:00:00,87910.0,88120.0,87880.0,87920.0,8695,282889
2025-10-29 10:00:00,88040.0,88240.0,87910.0,87960.0,7441,281441
2025-10-29 11:15:00,87960.0,88070.0,87650.0,88030.0,19265,279884
2025-10-29 14:15:00,88040.0,88630.0,87930.0,88570.0,31510,284015
2025-10-29 15:00:00,88570.0,88970.0,88500.0,88710.0,1441,290203
2025-10-29 22:00:00,88800.0,89180.0,88520.0,88780.0,57247,290651
2025-10-29 23:00:00,88780.0,89200.0,88780.0,89100.0,11967,293326
2025-10-30 00:00:00,89100.0,89270.0,88790.0,88830.0,2770,293239
2025-10-30 01:00:00,88840.0,89150.0,88750.0,89130.0,11263,292400
2025-10-30 10:00:00,88760.0,89130.0,88110.0,88270.0,15785,288173
2025-10-30 11:15:00,88260.0,88400.0,87870.0,88320.0,2253,285412
2025-10-30 14:15:00,88320.0,88350.0,87640.0,87880.0,35996,283605
2025-10-30 15:00:00,87880.0,88230.0,87820.0,87960.0,1633,281460
2025-10-30 22:00:00,87360.0,87560.0,86930.0,87490.0,60470,276876
2025-10-30 23:00:00,87490.0,87520.0,86530.0,86840.0,45441,268699
2025-10-31 00:00:00,86840.0,87170.0,86750.0,87100.0,2830,268058
2025-10-31 01:00:00,87100.0,87330.0,87070.0,87260.0,10529,266456
2025-10-31 10:00:00,87270.0,87710.0,87250.0,87430.0,1,265911
2025-10-31 11:15:00,87430.0,87830.0,87420.0,87590.0,4,264324
2025-10-31 14:15:00,87590.0,87610.0,86890.0,86970.0,355,260647
2025-10-31 15:00:00,86970.0,87060.0,86880.0,87010.0,72,258319
2025-10-31 22:00:00,87200.0,87420.0,86720.0,86960.0,8,253943
2025-10-31 23:00:00,86950.0,87340.0,86860.0,87270.0,90,255497
2025-11-01 01:00:00,87190.0,87300.0,87060.0,87130.0,23,253703
2025-11-03 10:00:00,87160.0,87230.0,86850.0,86920.0,6649,251764
2025-11-03 11:15:00,86920.0,86940.0,86720.0,86830.0,317,249575
2025-11-03 14:15:00,86830.0,87200.0,86720.0,87170.0,321,248562
2025-11-03 15:00:00,87170.0,87450.0,87150.0,87300.0,66,248762
2025-11-03 22:00:00,87400.0,87430.0,87140.0,87270.0,15760,247792
2025-11-03 23:00:00,87270.0,87410.0,86870.0,86980.0,12441,246500
2025-11-04 00:00:00,86990.0,87030.0,86810.0,86930.0,8829,245778
2025-11-04 01:00:00,86930.0,87050.0,86920.0,86990.0,3270,244922
2025-11-04 10:00:00,86810.0,86990.0,86750.0,86810.0,2695,242812
2025-11-04 11:15:00,86810.0,86820.0,86310.0,86480.0,32010,238168
2025-11-04 14:15:00,86480.0,86510.0,85520.0,85610.0,2706,231281
2025-11-04 15:00:00,85620.0,85820.0,85510.0,85740.0,1642,227548
2025-11-04 22:00:00,85000.0,85670.0,84950.0,85580.0,38949,224470
2025-11-04 23:00:00,85570.0,85690.0,85300.0,85520.0,10876,223067
2025-11-05 00:00:00,85520.0,85750.0,85430.0,85650.0,8554,223467
2025-11-05 01:00:00,85650.0,85760.0,85560.0,85700.0,3575,223024
2025-11-05 10:00:00,85390.0,85690.0,85020.0,85250.0,1871,221128
2025-11-05 11:15:00,85250.0,85520.0,85240.0,85510.0,14174,219512
2025-11-05 14:15:00,85510.0,85960.0,85480.0,85780.0,7524,219381
2025-11-05 15:00:00,85780.0,85790.0,85540.0,85670.0,6817,217024
2025-11-05 22:00:00,85500.0,85950.0,85400.0,85790.0,23384,215878
2025-11-05 23:00:00,85790.0,85830.0,85610.0,85770.0,4146,215340
2025-11-06 00:00:00,85750.0,85970.0,85660.0,85950.0,7859,214911
2025-11-06 01:00:00,85950.0,85950.0,85770.0,85890.0,2931,214248
2025-11-06 10:00:00,85990.0,85990.0,85660.0,85750.0,782,212185
2025-11-06 11:15:00,85760.0,86300.0,85720.0,86200.0,20425,212036
2025-11-06 14:15:00,86200.0,86540.0,86190.0,86410.0,6204,212255
2025-11-06 15:00:00,86410.0,86490.0,86280.0,86320.0,12,211098
2025-11-06 22:00:00,86330.0,86400.0,86050.0,86090.0,14505,209662
2025-11-06 23:00:00,86090.0,86090.0,85750.0,85830.0,5652,210325
2025-11-07 00:00:00,85830.0,85980.0,85710.0,85740.0,7683,210394
2025-11-07 01:00:00,85740.0,85810.0,85600.0,85690.0,5560,209782
2025-11-07 10:00:00,85860.0,86100.0,85690.0,86070.0,2103,208491
2025-11-07 11:15:00,86070.0,86100.0,85880.0,85940.0,12330,208792
2025-11-07 14:15:00,85940.0,86080.0,85740.0,85900.0,44,208079
2025-11-07 15:00:00,85900.0,85960.0,85840.0,85940.0,94,207136
2025-11-07 22:00:00,86020.0,86220.0,85860.0,85890.0,14991,205352
2025-11-07 23:00:00,85890.0,86000.0,85750.0,85880.0,4067,204837
2025-11-08 01:00:00,85820.0,86040.0,85810.0,85920.0,2928,204137
2025-11-08 10:00:00,85920.0,85920.0,85920.0,85920.0,0,204137
2025-11-10 00:00:00,85880.0,85910.0,85780.0,85900.0,4030,204736
2025-11-10 10:00:00,86100.0,86690.0,86100.0,86470.0,2147,203802
2025-11-10 11:15:00,86480.0,86610.0,86350.0,86530.0,14848,204464
2025-11-10 14:15:00,86530.0,86780.0,86430.0,86490.0,6990,203618
2025-11-10 15:00:00,86500.0,86590.0,86460.0,86480.0,62,204127
2025-11-10 22:00:00,86790.0,86850.0,86530.0,86540.0,13693,203400
2025-11-10 23:00:00,86540.0,86610.0,86480.0,86510.0,1434,203106
2025-11-11 00:00:00,86510.0,86540.0,86360.0,86410.0,3533,202706
2025-11-11 01:00:00,86410.0,86530.0,86320.0,86500.0,508,202323
2025-11-11 10:00:00,86850.0,87050.0,86500.0,86740.0,22194,201092
2025-11-11 11:15:00,86740.0,86810.0,86610.0,86710.0,4403,201302
2025-11-11 14:15:00,86700.0,86770.0,86510.0,86610.0,9250,201907
2025-11-11 15:00:00,86610.0,86770.0,86580.0,86630.0,3553,202371
2025-11-11 22:00:00,86540.0,87050.0,86540.0,86960.0,14525,201231
2025-11-11 23:00:00,86960.0,86990.0,86730.0,86830.0,2362,200404
2025-11-12 00:00:00,86830.0,86880.0,86530.0,86700.0,6793,200156
2025-11-12 01:00:00,86700.0,86780.0,86650.0,86770.0,1439,199797
2025-11-12 10:00:00,86810.0,86850.0,86590.0,86750.0,48,200471
2025-11-12 11:15:00,86750.0,86920.0,86630.0,86720.0,10775,201235
2025-11-12 14:15:00,86720.0,86830.0,86350.0,86710.0,2869,200973
2025-11-12 15:00:00,86720.0,86850.0,86650.0,86840.0,28,200769
2025-11-12 22:00:00,87070.0,87500.0,86840.0,87460.0,22700,200397
2025-11-12 23:00:00,87460.0,87670.0,87350.0,87580.0,6961,200397
2025-11-13 00:00:00,87580.0,87630.0,87370.0,87440.0,6275,200224
2025-11-13 01:00:00,87440.0,87510.0,87350.0,87410.0,2758,199742
2025-11-13 10:00:00,87200.0,87410.0,86960.0,87230.0,543,198915
2025-11-13 11:15:00,87230.0,87370.0,87170.0,87350.0,11541,199103
2025-11-13 14:15:00,87350.0,87570.0,87300.0,87440.0,4165,200152
2025-11-13 15:00:00,87440.0,87700.0,87410.0,87550.0,30,201007
2025-11-13 22:00:00,87650.0,87920.0,87460.0,87800.0,18721,200003
2025-11-13 23:00:00,87810.0,87820.0,87350.0,87590.0,9072,199369
2025-11-14 00:00:00,87600.0,87740.0,87410.0,87480.0,6735,199550
2025-11-14 01:00:00,87480.0,87580.0,87330.0,87400.0,3234,199126
2025-11-14 10:00:00,87050.0,87400.0,86710.0,87100.0,1518,196299
2025-11-14 11:15:00,87100.0,87240.0,86860.0,86950.0,12972,195797
2025-11-14 14:15:00,86960.0,87180.0,86850.0,87150.0,3853,194577
2025-11-14 15:00:00,87140.0,87150.0,86860.0,86900.0,12,192239
2025-11-14 22:00:00,86650.0,86780.0,85970.0,86080.0,30650,188053
2025-11-14 23:00:00,86090.0,86480.0,85900.0,86450.0,8624,185336
2025-11-15 01:00:00,86740.0,86890.0,86660.0,86670.0,5229,183436
2025-11-15 10:00:00,86680.0,86680.0,86680.0,86680.0,0,183437
2025-11-17 00:00:00,86450.0,86770.0,86350.0,86760.0,8083,184459
2025-11-17 10:00:00,86550.0,86660.0,86340.0,86390.0,3216,182454
2025-11-17 11:15:00,86400.0,86680.0,86300.0,86660.0,9429,182190
2025-11-17 14:15:00,86660.0,86700.0,86320.0,86400.0,5693,181006
2025-11-17 15:00:00,86400.0,86560.0,86360.0,86450.0,32,179902
2025-11-17 22:00:00,86410.0,86530.0,86160.0,86230.0,11043,178166
2025-11-17 23:00:00,86230.0,86420.0,86180.0,86330.0,2114,176898
2025-11-18 00:00:00,86330.0,86380.0,86210.0,86320.0,1700,176608
2025-11-18 01:00:00,86320.0,86340.0,86190.0,86320.0,822,176550
2025-11-18 10:00:00,86150.0,86320.0,85900.0,85910.0,19965,172447
2025-11-18 11:15:00,85920.0,86000.0,85800.0,85830.0,8418,169381
2025-11-18 14:15:00,85830.0,85860.0,85570.0,85690.0,1026,167406
2025-11-18 15:00:00,85690.0,85750.0,85540.0,85650.0,412,164395
2025-11-18 22:00:00,85540.0,86210.0,85540.0,86040.0,18914,176133
2025-11-18 23:00:00,86040.0,86150.0,85840.0,85880.0,4692,176555
2025-11-19 00:00:00,85880.0,85910.0,85740.0,85780.0,5330,177044
2025-11-19 01:00:00,85780.0,85970.0,85650.0,85930.0,2740,176963
2025-11-19 10:00:00,85770.0,86060.0,85770.0,85960.0,1276,177730
2025-11-19 11:15:00,85960.0,86250.0,85960.0,86050.0,10332,178646
2025-11-19 14:15:00,86050.0,86170.0,85980.0,86120.0,78,180164
2025-11-19 15:00:00,86120.0,86150.0,86020.0,86110.0,151,180544
2025-11-19 22:00:00,86560.0,86600.0,86340.0,86420.0,19603,180826
2025-11-19 23:00:00,86420.0,86480.0,86250.0,86470.0,3195,181320
2025-11-20 00:00:00,86470.0,86530.0,86210.0,86260.0,5189,181566
2025-11-20 01:00:00,86260.0,86300.0,86120.0,86190.0,2718,181404
2025-11-20 10:00:00,86530.0,86640.0,86190.0,86490.0,811,184194
2025-11-20 11:15:00,86490.0,86510.0,86180.0,86280.0,13015,184685
2025-11-20 14:15:00,86280.0,86370.0,86120.0,86180.0,6519,186703
2025-11-20 15:00:00,86180.0,86260.0,86100.0,86130.0,29,187778
2025-11-20 22:00:00,86400.0,86620.0,86320.0,86480.0,22544,189954
2025-11-20 23:00:00,86480.0,86510.0,86280.0,86390.0,5867,190907
2025-11-21 00:00:00,86390.0,86450.0,86250.0,86260.0,5370,190919
2025-11-21 01:00:00,86260.0,86290.0,85920.0,85920.0,7548,190139
2025-11-21 10:00:00,85700.0,85920.0,85660.0,85740.0,2877,188664
2025-11-21 11:15:00,85740.0,85860.0,85600.0,85640.0,13908,187735
2025-11-21 14:15:00,85650.0,85770.0,85610.0,85750.0,9208,188905
2025-11-21 15:00:00,85750.0,85780.0,85610.0,85660.0,58,190218
2025-11-21 22:00:00,85770.0,85980.0,85670.0,85910.0,20137,188879
2025-11-21 23:00:00,85920.0,85930.0,85670.0,85790.0,3,188903
2025-11-22 01:00:00,85850.0,86230.0,85760.0,86180.0,16,189255
2025-11-24 00:00:00,85790.0,85880.0,85710.0,85850.0,17,188789
2025-11-24 10:00:00,86190.0,86350.0,86060.0,86080.0,5996,192063
2025-11-24 11:15:00,86080.0,86330.0,86060.0,86170.0,11089,192856
2025-11-24 14:15:00,86180.0,86290.0,86130.0,86220.0,10326,192305
2025-11-24 15:00:00,86220.0,86300.0,86060.0,86080.0,1504,192392
2025-11-24 22:00:00,86110.0,86180.0,85940.0,85940.0,12111,192376
2025-11-24 23:00:00,85940.0,86070.0,85940.0,86040.0,2917,191576
2025-11-25 00:00:00,86040.0,86050.0,85990.0,86020.0,2365,191158
2025-11-25 01:00:00,86020.0,86060.0,86010.0,86040.0,1554,190611
2025-11-25 10:00:00,86190.0,86510.0,86040.0,86450.0,19585,193601
2025-11-25 11:15:00,86450.0,86840.0,86430.0,86690.0,20902,197826
2025-11-25 14:15:00,86690.0,86760.0,86580.0,86670.0,4578,199400
2025-11-25 15:00:00,86670.0,86690.0,86540.0,86600.0,68,199582
2025-11-25 22:00:00,86750.0,87200.0,86720.0,86920.0,29516,201134
2025-11-25 23:00:00,86920.0,86930.0,86250.0,86510.0,16225,200849
2025-11-26 00:00:00,86510.0,86520.0,86300.0,86350.0,7360,202370
2025-11-26 01:00:00,86350.0,86410.0,86250.0,86350.0,4968,202661
2025-11-26 10:00:00,86540.0,86690.0,86350.0,86650.0,1471,203915
2025-11-26 11:15:00,86650.0,86720.0,86530.0,86690.0,11172,204523
2025-11-26 14:15:00,86690.0,86800.0,86580.0,86590.0,4087,204713
2025-11-26 15:00:00,86590.0,86660.0,86520.0,86590.0,5842,204728
2025-11-26 22:00:00,87200.0,87300.0,86990.0,87200.0,33392,206276
2025-11-26 23:00:00,87200.0,87260.0,86850.0,86890.0,5436,206238
2025-11-27 00:00:00,86890.0,87100.0,86820.0,87090.0,6657,206194
2025-11-27 01:00:00,87100.0,87170.0,87020.0,87090.0,3126,206206
2025-11-27 10:00:00,87160.0,87230.0,86920.0,87000.0,1244,205977
2025-11-27 11:15:00,86980.0,87160.0,86950.0,86950.0,10683,208248
2025-11-27 14:15:00,86950.0,87010.0,86900.0,86950.0,3714,209530
2025-11-27 15:00:00,86950.0,87010.0,86890.0,86990.0,6810,210684
2025-11-27 22:00:00,86780.0,86930.0,86600.0,86900.0,2,208886
2025-11-27 23:00:00,86900.0,87100.0,86870.0,86980.0,6,208858
2025-11-28 00:00:00,86980.0,87090.0,86970.0,87070.0,9,209225
2025-11-28 01:00:00,87070.0,87090.0,86990.0,87050.0,3,209038
2025-11-28 10:00:00,87070.0,87360.0,86990.0,87230.0,11,212125
2025-11-28 11:15:00,87230.0,87530.0,87210.0,87460.0,1183,215483
2025-11-28 14:15:00,87450.0,87510.0,87300.0,87400.0,11,216891
2025-11-28 15:00:00,87390.0,87550.0,87340.0,87430.0,7468,218257
2025-11-28 22:00:00,87660.0,88010.0,87530.0,88000.0,23273,218730
2025-11-28 23:00:00,88000.0,88990.0,88000.0,88520.0,23622,224096
2025-11-29 01:00:00,88770.0,88840.0,88580.0,88740.0,43,225452
2025-12-01 00:00:00,88520.0,88880.0,88450.0,88740.0,6509,225451
2025-12-01 10:00:00,88990.0,89640.0,88940.0,89500.0,14022,230578
2025-12-01 11:15:00,89500.0,89530.0,88860.0,89160.0,956,230823
2025-12-01 14:15:00,89160.0,89420.0,88870.0,89190.0,19618,232535
2025-12-01 15:00:00,89190.0,89400.0,89110.0,89280.0,4987,232702
2025-12-01 22:00:00,89400.0,89920.0,89290.0,89780.0,30322,233912
2025-12-01 23:00:00,89790.0,89800.0,89110.0,89460.0,11542,230201
2025-12-02 00:00:00,89470.0,89510.0,89010.0,89270.0,603,229140
2025-12-02 01:00:00,89270.0,89420.0,89240.0,89380.0,5693,228776
2025-12-02 10:00:00,89060.0,89380.0,88340.0,88730.0,16112,224789
2025-12-02 11:15:00,88730.0,88780.0,88630.0,88660.0,9601,224949
2025-12-02 14:15:00,88660.0,88850.0,88450.0,88790.0,11902,225071
2025-12-02 15:00:00,88790.0,88990.0,88730.0,88920.0,7654,225606
2025-12-02 22:00:00,89150.0,89280.0,88600.0,88930.0,23482,221030
2025-12-02 23:00:00,88930.0,89430.0,88910.0,89370.0,12535,223490
2025-12-03 00:00:00,89380.0,89390.0,88690.0,88730.0,1541,222868
2025-12-03 01:00:00,88730.0,88830.0,88550.0,88590.0,8278,222816
2025-12-03 10:00:00,88800.0,88980.0,88590.0,88880.0,5497,222630
2025-12-03 11:15:00,88880.0,89080.0,88710.0,89010.0,13116,222501
2025-12-03 14:15:00,89020.0,89230.0,88820.0,89060.0,16187,222117
2025-12-03 15:00:00,89060.0,89210.0,88870.0,89210.0,8050,223978
2025-12-03 22:00:00,90060.0,90980.0,90060.0,90970.0,63419,230360
2025-12-03 23:00:00,90970.0,90990.0,90310.0,90670.0,13153,231509
2025-12-04 00:00:00,90670.0,91200.0,90640.0,91170.0,3521,232579
2025-12-04 01:00:00,91160.0,91240.0,90640.0,90700.0,10030,231234
2025-12-04 10:00:00,90670.0,91400.0,90640.0,91260.0,15240,233511
2025-12-04 11:15:00,91260.0,91380.0,90840.0,91020.0,3296,233264
2025-12-04 14:15:00,91010.0,91450.0,90640.0,90800.0,32536,234084
2025-12-04 15:00:00,90800.0,91130.0,90680.0,90980.0,11193,234570
2025-12-04 22:00:00,90620.0,90940.0,90400.0,90880.0,32551,231957
2025-12-04 23:00:00,90900.0,91050.0,90580.0,90650.0,11036,230750
2025-12-05 00:00:00,90650.0,91090.0,90610.0,91030.0,817,231393
2025-12-05 01:00:00,91030.0,91060.0,90810.0,90960.0,3922,230371
2025-12-05 10:00:00,90820.0,91370.0,90660.0,91330.0,13687,232745
2025-12-05 11:15:00,91330.0,92000.0,91250.0,91930.0,30867,236413
2025-12-05 14:15:00,91930.0,92820.0,91820.0,92620.0,40413,236398
2025-12-05 15:00:00,92620.0,92860.0,92360.0,92780.0,17374,236494
2025-12-05 22:00:00,92510.0,92680.0,91830.0,91880.0,51804,230319
2025-12-05 23:00:00,91880.0,92460.0,91720.0,92350.0,175,228645
2025-12-06 01:00:00,92660.0,92780.0,92300.0,92400.0,9,228432
2025-12-08 00:00:00,92350.0,92860.0,92280.0,92650.0,38,228966
2025-12-08 10:00:00,92520.0,92680.0,92060.0,92200.0,18517,228586
2025-12-08 11:15:00,92200.0,92460.0,92030.0,92330.0,44,228709
2025-12-08 14:15:00,92340.0,93300.0,92330.0,93070.0,860,230256
2025-12-08 15:00:00,93070.0,93180.0,92950.0,92970.0,1176,230035
2025-12-08 22:00:00,92810.0,93040.0,92450.0,92620.0,31999,226409
2025-12-08 23:00:00,92620.0,92850.0,92460.0,92670.0,7637,225153
2025-12-09 00:00:00,92670.0,92680.0,92020.0,92230.0,668,222586
2025-12-09 01:00:00,92230.0,92500.0,92150.0,92400.0,5711,221912
2025-12-09 10:00:00,92550.0,92710.0,92400.0,92460.0,5274,220747
2025-12-09 11:15:00,92460.0,92470.0,91760.0,92100.0,397,217767
2025-12-09 14:15:00,92100.0,92200.0,90880.0,91200.0,3485,211999
2025-12-09 15:00:00,91200.0,91290.0,90970.0,91090.0,3506,210572
2025-12-09 22:00:00,91420.0,91610.0,90900.0,91000.0,36808,203656
2025-12-09 23:00:00,90990.0,91150.0,90710.0,91100.0,8848,202180
2025-12-10 00:00:00,91100.0,91350.0,90980.0,91150.0,934,201596
2025-12-10 01:00:00,91150.0,91270.0,90990.0,91030.0,5118,200890
2025-12-10 10:00:00,91180.0,91810.0,91020.0,91680.0,8293,200437
2025-12-10 11:15:00,91680.0,91900.0,91570.0,91730.0,14869,200053
2025-12-10 14:15:00,91730.0,92370.0,91690.0,91930.0,473,201506
2025-12-10 15:00:00,91920.0,92130.0,91780.0,91850.0,33,200374
2025-12-10 22:00:00,92360.0,92580.0,92000.0,92020.0,22642,201393
2025-12-10 23:00:00,92020.0,92140.0,91500.0,91700.0,9557,200766
2025-12-11 00:00:00,91700.0,91960.0,91700.0,91810.0,4218,201044
2025-12-11 01:00:00,91810.0,91880.0,91730.0,91820.0,2713,201588
2025-12-11 10:00:00,92370.0,93100.0,91820.0,93050.0,16,206416
2025-12-11 11:15:00,93050.0,93090.0,92160.0,92190.0,403,206448
2025-12-11 14:15:00,92190.0,92360.0,91940.0,92200.0,1025,207647
2025-12-11 15:00:00,92200.0,92400.0,92070.0,92310.0,1588,209963
2025-12-11 22:00:00,92870.0,93060.0,92620.0,92860.0,26824,210076
2025-12-11 23:00:00,92860.0,93570.0,92810.0,93280.0,10982,213676
2025-12-12 00:00:00,93280.0,93850.0,93180.0,93800.0,1373,216200
2025-12-12 01:00:00,93800.0,94210.0,93720.0,94160.0,10478,216363
2025-12-12 10:00:00,93770.0,94160.0,93390.0,93740.0,8905,215590
2025-12-12 11:15:00,93750.0,94080.0,93610.0,93890.0,13191,217488
2025-12-12 14:15:00,93890.0,94530.0,93630.0,94500.0,3636,220852
2025-12-12 15:00:00,94500.0,94660.0,94170.0,94170.0,1318,222313
2025-12-12 22:00:00,93520.0,94150.0,93360.0,93960.0,1,222344
2025-12-12 23:00:00,93960.0,94470.0,93930.0,94230.0,212,223799
2025-12-13 01:00:00,91750.0,91860.0,90850.0,91590.0,23,217729
2025-12-15 00:00:00,94230.0,94230.0,91530.0,91760.0,673,219184
2025-12-15 10:00:00,91650.0,92560.0,91540.0,92290.0,22279,220347
2025-12-15 11:15:00,92300.0,92650.0,92230.0,92260.0,1589,220284
2025-12-15 14:15:00,92260.0,92650.0,92240.0,92390.0,12604,220086
2025-12-15 15:00:00,92390.0,92720.0,92390.0,92490.0,7235,219829
2025-12-15 22:00:00,93700.0,93800.0,92880.0,92880.0,46429,221943
2025-12-15 23:00:00,92880.0,93270.0,92550.0,92760.0,13146,222959
2025-12-16 00:00:00,92770.0,92880.0,92500.0,92670.0,1866,222089
2025-12-16 01:00:00,92670.0,92680.0,92270.0,92480.0,9522,221792
2025-12-16 10:00:00,92390.0,92590.0,91770.0,91860.0,20990,220822
2025-12-16 11:15:00,91850.0,92130.0,91380.0,91410.0,28998,217811
2025-12-16 14:15:00,91410.0,91880.0,91340.0,91830.0,437,217310
2025-12-16 15:00:00,91850.0,91950.0,91730.0,91920.0,1291,217374
2025-12-16 22:00:00,92230.0,92390.0,91860.0,92060.0,30210,217365
2025-12-16 23:00:00,92060.0,92120.0,91860.0,91930.0,7490,216587
2025-12-17 00:00:00,91930.0,92040.0,91610.0,91850.0,428,216286
2025-12-17 01:00:00,91840.0,91890.0,91680.0,91810.0,3769,216067
2025-12-17 10:00:00,91940.0,92620.0,91830.0,92490.0,9222,216892
2025-12-17 11:15:00,92490.0,92580.0,92250.0,92440.0,1012,218707
2025-12-17 14:15:00,92440.0,93270.0,92370.0,92950.0,34160,223814
2025-12-17 15:00:00,92960.0,92980.0,92520.0,92820.0,7,223974
2025-12-17 22:00:00,92840.0,93500.0,92610.0,93450.0,40690,229515
2025-12-17 23:00:00,93450.0,93490.0,92620.0,92930.0,11566,228263
2025-12-18 00:00:00,92930.0,93030.0,92640.0,92720.0,821,228906
2025-12-18 01:00:00,92720.0,92890.0,92680.0,92860.0,5352,228482
2025-12-18 10:00:00,92750.0,92860.0,92210.0,92560.0,12460,228903
2025-12-18 11:15:00,92560.0,92700.0,92330.0,92480.0,949,230211
2025-12-18 14:15:00,92480.0,92740.0,92140.0,92490.0,20258,230363
2025-12-18 15:00:00,92490.0,92600.0,92220.0,92600.0,6195,231253
2025-12-18 22:00:00,92600.0,93020.0,92260.0,92770.0,39338,231342
2025-12-18 23:00:00,92770.0,92860.0,91960.0,92550.0,24358,230129
2025-12-19 00:00:00,92550.0,92720.0,92440.0,92590.0,520,230778
2025-12-19 01:00:00,92590.0,92900.0,92560.0,92870.0,7965,230947
2025-12-19 10:00:00,92640.0,92870.0,92220.0,92480.0,7583,229014
2025-12-19 11:15:00,92480.0,92920.0,92420.0,92610.0,255,230454
2025-12-19 14:15:00,92610.0,93360.0,92580.0,93250.0,30422,236816
2025-12-19 15:00:00,93250.0,93400.0,92820.0,93180.0,7912,237633
2025-12-19 22:00:00,93580.0,94120.0,93450.0,93540.0,47024,239309
2025-12-19 23:00:00,93540.0,93970.0,93410.0,93810.0,11,240917
2025-12-20 01:00:00,93630.0,93750.0,93510.0,93530.0,20,240407
2025-12-22 00:00:00,93820.0,93920.0,93530.0,93640.0,167,241258
2025-12-22 10:00:00,93540.0,94090.0,93540.0,93970.0,16209,242980
2025-12-22 11:15:00,93980.0,94440.0,93970.0,94320.0,27251,246641
2025-12-22 14:15:00,94320.0,94720.0,93650.0,93990.0,504,245763
2025-12-22 15:00:00,93990.0,94400.0,93820.0,94320.0,881,246790
2025-12-22 22:00:00,94070.0,94290.0,93740.0,93870.0,31111,244574
2025-12-22 23:00:00,93870.0,94100.0,93700.0,93870.0,9764,244121
2025-12-23 00:00:00,93860.0,93890.0,93620.0,93830.0,449,243656
2025-12-23 01:00:00,93830.0,93980.0,93800.0,93920.0,3714,243161
2025-12-23 10:00:00,93980.0,94250.0,93690.0,93840.0,4921,241404
2025-12-23 11:15:00,93820.0,94030.0,93720.0,93950.0,15192,242052
2025-12-23 14:15:00,93960.0,94040.0,93650.0,93710.0,11499,242039
2025-12-23 15:00:00,93720.0,93980.0,93680.0,93930.0,11520,241085
2025-12-23 22:00:00,94860.0,95810.0,94860.0,95560.0,80335,248576
2025-12-23 23:00:00,95560.0,95610.0,94240.0,94480.0,40948,245364
2025-12-24 00:00:00,94480.0,94780.0,93830.0,94760.0,4119,245405
2025-12-24 01:00:00,94760.0,95130.0,94720.0,94890.0,16108,246293
2025-12-24 10:00:00,95300.0,95680.0,94890.0,95380.0,14359,249306
2025-12-24 11:15:00,95370.0,95410.0,94780.0,95170.0,20320,249372
2025-12-24 14:15:00,95160.0,95490.0,95110.0,95320.0,1163,251310
2025-12-24 15:00:00,95330.0,96750.0,95180.0,96100.0,54,258277
2025-12-24 22:00:00,95980.0,96000.0,95060.0,95490.0,57299,251188
2025-12-24 23:00:00,95490.0,95680.0,94620.0,94720.0,27857,248452
2025-12-25 00:00:00,94720.0,94920.0,94180.0,94730.0,4621,245112
2025-12-25 01:00:00,94720.0,95150.0,94650.0,94990.0,11942,244192
2025-12-25 10:00:00,95000.0,95150.0,94350.0,95130.0,13680,243775
2025-12-25 11:15:00,95120.0,95760.0,95120.0,95660.0,3072,245837
2025-12-25 14:15:00,95660.0,96510.0,95560.0,96310.0,31141,247591
2025-12-25 15:00:00,96310.0,96500.0,96160.0,96210.0,52,247747
2025-12-25 22:00:00,96300.0,97500.0,96280.0,97240.0,63997,249246
2025-12-25 23:00:00,97250.0,97880.0,97200.0,97820.0,22017,251904
2025-12-26 00:00:00,97750.0,97960.0,97550.0,97820.0,1283,251855
2025-12-26 01:00:00,97820.0,97920.0,97550.0,97680.0,6709,250987
2025-12-26 10:00:00,97900.0,98780.0,97680.0,98040.0,20314,250798
2025-12-26 11:15:00,98030.0,98800.0,97870.0,98750.0,3003,253440
2025-12-26 14:15:00,98750.0,99490.0,98250.0,99220.0,1203,256855
2025-12-26 15:00:00,99230.0,99730.0,98300.0,98720.0,72,252097
2025-12-26 22:00:00,98500.0,99070.0,98330.0,98690.0,51519,249303
2025-12-26 23:00:00,98690.0,100800.0,98680.0,100650.0,162,253264
2025-12-27 01:00:00,101420.0,102650.0,100350.0,101380.0,16,253040
2025-12-29 00:00:00,100630.0,101500.0,100220.0,101420.0,125,254890
2025-12-29 10:00:00,100300.0,102270.0,99450.0,100900.0,55386,253463
2025-12-29 11:15:00,100900.0,102000.0,100830.0,101800.0,11507,254070
2025-12-29 14:15:00,101800.0,102200.0,100370.0,100800.0,1707,248456
2025-12-29 15:00:00,100630.0,100840.0,98030.0,98860.0,75618,235503
2025-12-29 22:00:00,97020.0,98400.0,96900.0,97400.0,117712,230483
2025-12-29 23:00:00,97400.0,97420.0,96110.0,96430.0,39258,224663
2025-12-30 00:00:00,96440.0,96480.0,96010.0,96110.0,4381,223045
2025-12-30 01:00:00,96110.0,96380.0,96030.0,96070.0,11041,221366
2025-12-30 10:00:00,96060.0,98120.0,96060.0,97940.0,40726,222123
2025-12-30 11:15:00,97950.0,98420.0,97440.0,98300.0,8647,223440
2025-12-30 14:15:00,98300.0,99240.0,98300.0,98780.0,39520,224735
2025-12-30 15:00:00,98780.0,98790.0,97920.0,98090.0,32009,219723
2025-12-30 22:00:00,98520.0,99470.0,98520.0,98950.0,56108,219729
2025-12-30 23:00:00,98940.0,99040.0,98260.0,98570.0,17642,217986
2025-12-31 00:00:00,98570.0,98960.0,98480.0,98900.0,2544,217138
2025-12-31 01:00:00,98900.0,99220.0,98720.0,99220.0,9298,216646
2025-12-31 10:00:00,98550.0,99340.0,98350.0,98920.0,22638,217405
2025-12-31 11:15:00,98910.0,99790.0,98320.0,99260.0,7079,216062
2025-12-31 14:15:00,99250.0,99320.0,97750.0,98220.0,57697,212478
2025-12-31 15:00:00,98210.0,98560.0,97880.0,98240.0,21178,208246
2026-01-05 10:00:00,99400.0,100880.0,99200.0,100740.0,77892,214006
2026-01-05 11:15:00,100730.0,101150.0,100370.0,100690.0,3375,213472
2026-01-05 14:15:00,100700.0,100870.0,100260.0,100800.0,22749,214202
2026-01-05 15:00:00,100810.0,101350.0,100770.0,101350.0,2119,216315
2026-01-05 22:00:00,100890.0,102810.0,100780.0,102600.0,70105,221161
2026-01-05 23:00:00,102620.0,102670.0,102050.0,102410.0,14609,220694
2026-01-06 00:00:00,102420.0,102650.0,102240.0,102620.0,1300,220318
2026-01-06 01:00:00,102620.0,102700.0,102390.0,102590.0,6295,219650
2026-01-06 10:00:00,102840.0,104440.0,102650.0,103930.0,27845,223262
2026-01-06 11:15:00,103950.0,104200.0,103200.0,103850.0,31853,221852
2026-01-06 14:15:00,103850.0,104820.0,103720.0,104590.0,4139,222827
2026-01-06 15:00:00,104560.0,105480.0,104540.0,105320.0,149,223636
2026-01-06 22:00:00,104460.0,105490.0,103720.0,104610.0,96615,223071
2026-01-06 23:00:00,104620.0,105080.0,104300.0,104960.0,17764,222640
2026-01-07 00:00:00,104960.0,105160.0,104380.0,104790.0,1994,221718
2026-01-07 01:00:00,104790.0,104890.0,104550.0,104600.0,9364,220479
2026-01-07 10:00:00,104860.0,105010.0,103270.0,103330.0,500,218540
2026-01-07 11:15:00,103330.0,104180.0,103010.0,103760.0,3737,218330
2026-01-07 14:15:00,103850.0,104050.0,102710.0,103360.0,2872,216924
2026-01-07 15:00:00,103350.0,103930.0,102980.0,103410.0,2297,215868
2026-01-07 22:00:00,103100.0,103560.0,102400.0,103110.0,54577,213092
2026-01-07 23:00:00,103110.0,103270.0,101350.0,101750.0,41014,212114
2026-01-08 00:00:00,101730.0,102080.0,101410.0,101550.0,3446,211204
2026-01-08 01:00:00,101540.0,102130.0,101400.0,102030.0,11894,210091
2026-01-08 10:00:00,101740.0,102950.0,101520.0,102760.0,21050,210407
2026-01-08 11:15:00,102760.0,102800.0,101480.0,101780.0,9385,209802
2026-01-08 14:15:00,101710.0,101980.0,100220.0,100270.0,55649,204770
2026-01-08 15:00:00,100210.0,101500.0,100040.0,101220.0,20813,204090
2026-01-08 22:00:00,101690.0,101970.0,100330.0,100480.0,39719,202451
2026-01-08 23:00:00,100480.0,100500.0,98850.0,99350.0,25005,196863
2026-01-09 00:00:00,99350.0,100570.0,99150.0,100410.0,1911,198410
2026-01-09 01:00:00,100410.0,100670.0,100290.0,100340.0,9178,197572
2026-01-09 10:00:00,100230.0,100440.0,99120.0,100280.0,20310,198035
2026-01-09 11:15:00,100300.0,101580.0,100280.0,100970.0,41599,202985
2026-01-09 14:15:00,100970.0,101810.0,100780.0,101440.0,6028,205143
2026-01-09 15:00:00,101430.0,101950.0,101300.0,101580.0,5629,206491
2026-01-09 22:00:00,102190.0,102860.0,101800.0,101960.0,52767,209082
2026-01-09 23:00:00,101970.0,102430.0,101700.0,102210.0,32,208770
2026-01-10 01:00:00,102560.0,102600.0,102110.0,102450.0,35,208328
2026-01-12 00:00:00,102200.0,102760.0,101900.0,102560.0,12,209671
2026-01-12 10:00:00,103020.0,104090.0,103020.0,103530.0,15157,212196
2026-01-12 11:15:00,103520.0,103630.0,103140.0,103430.0,17961,213707
2026-01-12 14:15:00,103440.0,103900.0,103320.0,103690.0,4425,215412
2026-01-12 15:00:00,103690.0,104000.0,103510.0,103980.0,194,216003
2026-01-12 22:00:00,104640.0,104980.0,104400.0,104650.0,41769,218218
2026-01-12 23:00:00,104670.0,104700.0,101980.0,102720.0,27505,214465
2026-01-13 00:00:00,102720.0,103470.0,102670.0,103210.0,700,216143
2026-01-13 01:00:00,103210.0,103770.0,103190.0,103540.0,7973,216139
2026-01-13 10:00:00,102990.0,103540.0,102310.0,102410.0,12687,216983
2026-01-13 11:15:00,102380.0,103940.0,102350.0,103840.0,2160,221107
2026-01-13 14:15:00,103740.0,103990.0,102650.0,102790.0,36211,221449
2026-01-13 15:00:00,102790.0,102910.0,102290.0,102480.0,8399,220162
2026-01-13 22:00:00,103720.0,103990.0,103390.0,103770.0,54419,224514
2026-01-13 23:00:00,103770.0,104610.0,103420.0,103860.0,22677,228373
2026-01-14 00:00:00,103860.0,103860.0,102880.0,103680.0,1251,228296
2026-01-14 01:00:00,103680.0,103690.0,103310.0,103580.0,7581,227212
2026-01-14 10:00:00,103540.0,104520.0,103490.0,104440.0,21728,233153
2026-01-14 11:15:00,104450.0,105650.0,104330.0,105240.0,17933,243340
2026-01-14 14:15:00,105230.0,105490.0,103560.0,104590.0,87112,240920
2026-01-14 15:00:00,104590.0,104640.0,103820.0,104120.0,6921,241222
2026-01-14 22:00:00,104350.0,104660.0,103290.0,103980.0,73490,241238
2026-01-14 23:00:00,103980.0,104360.0,103580.0,104020.0,21458,241419
2026-01-15 00:00:00,104020.0,104050.0,103450.0,103920.0,1441,241101
2026-01-15 01:00:00,103920.0,104150.0,103650.0,103660.0,9978,240679
2026-01-15 10:00:00,104000.0,104100.0,102530.0,102890.0,40592,239458
2026-01-15 11:15:00,102880.0,103340.0,102540.0,102600.0,6917,238215
2026-01-15 14:15:00,102580.0,102620.0,101090.0,102350.0,76092,235391
2026-01-15 15:00:00,102340.0,103000.0,102150.0,102810.0,5313,235877
2026-01-15 22:00:00,103040.0,103160.0,101220.0,101680.0,74177,234427
2026-01-15 23:00:00,101670.0,102330.0,101560.0,102200.0,15644,232987
2026-01-16 00:00:00,102190.0,102550.0,102150.0,102470.0,591,232161
2026-01-16 01:00:00,102470.0,103000.0,102320.0,102860.0,11909,231415
2026-01-16 10:00:00,102840.0,103500.0,102530.0,102670.0,22899,233457
2026-01-16 11:15:00,102660.0,102760.0,101480.0,101710.0,1427,231024
2026-01-16 14:15:00,101710.0,101880.0,100820.0,100950.0,46452,229032
2026-01-16 15:00:00,100950.0,101040.0,100060.0,100770.0,17724,225933
2026-01-16 22:00:00,101010.0,101010.0,99620.0,100290.0,7,219928
2026-01-16 23:00:00,100290.0,100490.0,99880.0,100120.0,8,219594
2026-01-17 01:00:00,99990.0,100370.0,99950.0,100280.0,36,218758
2026-01-19 00:00:00,100120.0,100560.0,99660.0,99940.0,41,220714
2026-01-19 10:00:00,101050.0,101840.0,100690.0,101100.0,26,217308
2026-01-19 11:15:00,101090.0,101590.0,101010.0,101520.0,2343,218395
2026-01-19 14:15:00,101530.0,101710.0,101270.0,101360.0,299,218400
2026-01-19 15:00:00,101360.0,101470.0,101100.0,101180.0,5096,217432
2026-01-19 22:00:00,101020.0,101330.0,100580.0,101010.0,34632,218443
2026-01-19 23:00:00,101000.0,101770.0,100920.0,101670.0,13244,220505
2026-01-20 00:00:00,101680.0,102000.0,101470.0,101590.0,788,221532
2026-01-20 01:00:00,101590.0,101690.0,101450.0,101640.0,5805,220547
2026-01-20 10:00:00,101440.0,101760.0,100930.0,100960.0,12189,218911
2026-01-20 11:15:00,100970.0,101130.0,100680.0,100890.0,568,218603
2026-01-20 14:15:00,100890.0,101600.0,100850.0,101400.0,28314,219485
2026-01-20 15:00:00,101400.0,101410.0,100900.0,101230.0,3195,218898
2026-01-20 22:00:00,101010.0,101040.0,100230.0,100270.0,41696,219062
2026-01-20 23:00:00,100280.0,100660.0,99850.0,100120.0,20164,218982
2026-01-21 00:00:00,100120.0,100150.0,99210.0,99780.0,2954,218197
2026-01-21 01:00:00,99780.0,100170.0,99760.0,99930.0,9552,217620
2026-01-21 10:00:00,100210.0,100430.0,99700.0,100260.0,17952,217328
2026-01-21 11:15:00,100260.0,100700.0,100260.0,100480.0,6818,219595
2026-01-21 14:15:00,100480.0,101420.0,100460.0,101350.0,28712,222239
2026-01-21 15:00:00,101350.0,101650.0,101030.0,101280.0,17036,223784
2026-01-21 22:00:00,100680.0,101410.0,100680.0,101260.0,30756,224832
2026-01-21 23:00:00,101260.0,101290.0,100660.0,100880.0,10957,224120
2026-01-22 00:00:00,100880.0,101120.0,100370.0,100790.0,2004,223638
2026-01-22 01:00:00,100790.0,100800.0,100260.0,100400.0,12875,224372
2026-01-22 10:00:00,100270.0,100860.0,99910.0,100630.0,16566,222540
2026-01-22 11:15:00,100640.0,100730.0,100180.0,100690.0,5522,222506
2026-01-22 14:15:00,100690.0,100880.0,100470.0,100650.0,17706,222713
2026-01-22 15:00:00,100650.0,100820.0,100560.0,100700.0,8390,222467
2026-01-22 22:00:00,99800.0,100230.0,99440.0,100150.0,56109,222432
2026-01-22 23:00:00,100150.0,100260.0,99800.0,99860.0,13551,223234
2026-01-23 00:00:00,99870.0,100070.0,99730.0,99890.0,2015,223168
2026-01-23 01:00:00,99890.0,100500.0,99800.0,100270.0,18319,224611
2026-01-23 10:00:00,100730.0,101530.0,100270.0,101370.0,22352,226166
2026-01-23 11:15:00,101380.0,101480.0,100920.0,100930.0,6738,228417
2026-01-23 14:15:00,100930.0,101710.0,100700.0,101390.0,36998,231265
2026-01-23 15:00:00,101450.0,101500.0,101110.0,101340.0,25,231437
2026-01-23 22:00:00,102730.0,103180.0,101880.0,102690.0,72995,229901
2026-01-23 23:00:00,102660.0,103060.0,102500.0,102790.0,14022,230656
2026-01-24 01:00:00,102930.0,103350.0,102690.0,102810.0,8,230399
2026-01-26 00:00:00,102770.0,103350.0,102660.0,102830.0,22929,230399
2026-01-26 10:00:00,103470.0,103880.0,102850.0,102940.0,34301,233628
2026-01-26 11:15:00,102880.0,103200.0,102620.0,102740.0,11219,231593
2026-01-26 14:15:00,102750.0,102820.0,101760.0,101980.0,36742,229215
2026-01-26 15:00:00,101980.0,102370.0,101850.0,101880.0,2090,228979
2026-01-26 22:00:00,103230.0,103480.0,102760.0,102920.0,51236,227157
2026-01-26 23:00:00,102930.0,104100.0,102850.0,103900.0,27504,232185
2026-01-27 00:00:00,103920.0,103950.0,103200.0,103470.0,2387,230912
2026-01-27 01:00:00,103470.0,103640.0,103120.0,103460.0,11862,229810
2026-01-27 10:00:00,102600.0,103460.0,101710.0,101870.0,26435,228615
2026-01-27 11:15:00,101840.0,102210.0,101600.0,101880.0,7062,228304
2026-01-27 14:15:00,101880.0,102130.0,101640.0,101960.0,22081,229422
2026-01-27 15:00:00,101950.0,102710.0,101920.0,102600.0,4399,229741
2026-01-27 22:00:00,101940.0,102410.0,101930.0,102270.0,32729,228760
2026-01-27 23:00:00,102260.0,102300.0,101090.0,101160.0,21180,227985
2026-01-28 00:00:00,101150.0,101470.0,100700.0,101470.0,2279,226994
2026-01-28 01:00:00,101480.0,101780.0,101370.0,101560.0,10030,225969
2026-01-28 10:00:00,102200.0,102510.0,101560.0,101880.0,14569,223036
2026-01-28 11:15:00,101880.0,103000.0,101850.0,102950.0,6679,223655
2026-01-28 14:15:00,102940.0,103590.0,102940.0,103330.0,6041,228878
2026-01-28 15:00:00,103330.0,103350.0,102670.0,103060.0,502,227436
2026-01-28 22:00:00,102590.0,102840.0,102260.0,102590.0,34114,224665
2026-01-28 23:00:00,102600.0,103050.0,102460.0,102970.0,11059,225305
2026-01-29 00:00:00,102970.0,103190.0,102300.0,102380.0,1307,225193
2026-01-29 01:00:00,102370.0,102550.0,102360.0,102410.0,4980,224687
2026-01-29 10:00:00,103390.0,103490.0,102430.0,103150.0,18731,226509
2026-01-29 11:15:00,103150.0,108020.0,102910.0,107860.0,30995,247949
2026-01-29 14:15:00,107880.0,110940.0,107540.0,109840.0,143158,248681
2026-01-29 15:00:00,110000.0,110520.0,108820.0,109110.0,271,242777
