timestamp,t,close_xyz,close_lighter,close_binance,spread_xyz_lighter,spread_xyz_binance,spread_lighter_binance,spread_xyz_lighter_zscore,spread_xyz_binance_zscore,spread_lighter_binance_zscore
2026-01-07 10:00:00,1767780000000,79.548,79.5213,79.48,0.026700000000005275,0.06799999999999784,0.041299999999992565,-0.1365253742215638,0.14394134398273686,0.31615014565789734
2026-01-07 11:00:00,1767783600000,78.924,78.9102,78.98,0.013800000000003365,-0.055999999999997385,-0.06980000000000075,-0.187730313212216,-0.285126350360763,-0.14605075951325244
2026-01-07 12:00:00,1767787200000,78.714,78.6017,78.71,0.11230000000000473,0.0040000000000048885,-0.10829999999999984,0.20325313566984327,-0.07751294987195685,-0.3062193900181122
2026-01-07 13:00:00,1767790800000,77.555,77.5958,77.67,-0.04079999999999018,-0.11499999999999488,-0.0742000000000047,-0.4044581945214304,-0.4892795275080726,-0.1643557458566819
2026-01-07 14:00:00,1767794400000,77.692,77.6084,77.93,0.0835999999999899,-0.23800000000001376,-0.32160000000000366,0.08933206985338904,-0.9148869985101742,-1.1935952052567618
2026-01-07 15:00:00,1767798000000,77.352,77.2,77.24,0.15200000000000102,0.11200000000000898,-0.03999999999999204,0.36083732775731625,0.2961911710078941,-0.022076079278282878
2026-01-07 16:00:00,1767801600000,79.062,78.9086,78.96,0.15339999999999065,0.10200000000000387,-0.05139999999998679,0.3663944529190505,0.2615889375930767,-0.06950263480437646
2026-01-07 17:00:00,1767805200000,78.239,78.1202,78.19,0.11880000000000734,0.049000000000006594,-0.06980000000000075,0.22905407392095364,0.07819710049464773,-0.14605075951325244
2026-01-07 18:00:00,1767808800000,78.263,78.1784,78.33,0.08460000000000889,-0.06699999999999307,-0.15160000000000196,0.09330144496901824,-0.3231888071170277,-0.4863570965339805
2026-01-07 19:00:00,1767812400000,78.62,78.4854,78.57,0.13460000000000605,0.05000000000001137,-0.08459999999999468,0.2917702007466993,0.08165732383614421,-0.2076220772137981
2026-01-07 20:00:00,1767816000000,78.594,78.3769,78.46,0.21709999999998786,0.13400000000000034,-0.08309999999998752,0.6192436477798194,0.3723160845204236,-0.20138174096033207
2026-01-07 21:00:00,1767819600000,78.284,78.2,78.24,0.08400000000000318,0.04400000000001114,-0.03999999999999204,0.09091981989966327,0.06089598378726361,-0.022076079278282878
2026-01-07 22:00:00,1767823200000,78.4,77.93,78.35,0.46999999999999886,0.05000000000001137,-0.4199999999999875,1.6230986145034307,0.08165732383614421,-1.602961263482112
2026-01-07 23:00:00,1767826800000,78.799,78.8339,78.92,-0.03489999999999327,-0.12099999999999511,-0.08610000000000184,-0.38103888133967495,-0.5100408675569532,-0.21386241346726415
2026-01-08 00:00:00,1767830400000,78.065,77.9488,77.93,0.11619999999999209,0.1349999999999909,0.018799999999998818,0.21873369862045308,0.3757763078618709,0.22254510185637977
2026-01-08 01:00:00,1767834000000,78.735,78.6517,78.68,0.08329999999999416,0.05499999999999261,-0.028300000000001546,0.08814125731873976,0.09895844054347916,0.02659854349848027
2026-01-08 02:00:00,1767837600000,78.089,77.976,77.97,0.11299999999999955,0.11899999999999977,0.006000000000000227,0.20603169825071038,0.32041273439822204,0.1692942324937297
2026-01-08 03:00:00,1767841200000,78.105,78.0613,78.11,0.04370000000000118,-0.0049999999999954525,-0.048699999999996635,-0.06904599725716466,-0.10865495994527778,-0.05827002954823219
2026-01-08 04:00:00,1767844800000,77.754,77.7449,77.66,0.00910000000000366,0.0940000000000083,0.08490000000000464,-0.20638637625531792,0.2339071508612523,0.4975359194244944
2026-01-08 05:00:00,1767848400000,76.231,76.1621,76.25,0.0688999999999993,-0.019000000000005457,-0.08790000000000475,0.03098225565478477,-0.15709808672603198,-0.22135081697139974
2026-01-08 06:00:00,1767852000000,76.394,76.2899,76.4,0.10410000000000252,-0.006000000000000227,-0.11010000000000275,0.17070425972229297,-0.11211518328677428,-0.3137077935222478
2026-01-08 07:00:00,1767855600000,76.049,75.9838,76.06,0.06520000000000437,-0.01099999999999568,-0.07620000000000005,0.016295567727255662,-0.1294162999941584,-0.17267619419457747
2026-01-08 08:00:00,1767859200000,75.755,75.7568,75.9,-0.0018000000000029104,-0.14500000000001023,-0.14320000000000732,-0.24965256501488092,-0.5930862277525248,-0.45141121351475993
2026-01-08 09:00:00,1767862800000,76.151,76.1857,76.4,-0.03470000000000084,-0.24900000000000944,-0.2143000000000086,-0.38024500631659425,-0.9529494552664389,-0.7472031519276431
2026-01-08 10:00:00,1767866400000,76.062,76.018,76.17,0.04399999999999693,-0.10800000000000409,-0.15200000000000102,-0.0678551847225154,-0.46505796411774464,-0.48802118620155965
2026-01-08 11:00:00,1767870000000,75.424,75.3758,75.62,0.04820000000000846,-0.19599999999999795,-0.2442000000000064,-0.05118380923714348,-0.7695576181679609,-0.871593854579463
2026-01-08 12:00:00,1767873600000,75.268,75.1932,75.44,0.0747999999999962,-0.17199999999999704,-0.24679999999999325,0.05440156883654019,-0.6865122579724384,-0.8824104374186977
2026-01-08 13:00:00,1767877200000,74.217,74.2103,74.53,0.006699999999995043,-0.3130000000000024,-0.31969999999999743,-0.21591287653268135,-1.1744037491211325,-1.1856907793357165
2026-01-08 14:00:00,1767880800000,74.653,74.5666,74.78,0.0864000000000118,-0.12699999999999534,-0.21340000000000714,0.10044632017702672,-0.5308022076058339,-0.7434589501755753
2026-01-08 15:00:00,1767884400000,76.034,75.8046,75.85,0.22940000000001248,0.1840000000000117,-0.04540000000000077,0.6680669617012295,0.5453272515944615,-0.04454128979068967
2026-01-08 16:00:00,1767888000000,76.279,76.2909,76.37,-0.011899999999997135,-0.09100000000000819,-0.07910000000001105,-0.28974325368195186,-0.4062341673125993,-0.1847408442846
2026-01-08 17:00:00,1767891600000,76.3,76.1246,76.28,0.17539999999999623,0.01999999999999602,-0.1554000000000002,0.4537207054612572,-0.022149376408308007,-0.5021659483760117
2026-01-08 18:00:00,1767895200000,75.879,75.7794,75.85,0.09960000000000946,0.029000000000010573,-0.07059999999999889,0.1528420717023282,0.00899263366506208,-0.1493789388484107
2026-01-08 19:00:00,1767898800000,75.999,75.9,76.01,0.09899999999998954,-0.01100000000000989,-0.10999999999999943,0.15046044663291683,-0.12941629999420756,-0.3132917711053383
2026-01-08 20:00:00,1767902400000,77.006,76.8889,77.03,0.11709999999999354,-0.02400000000000091,-0.14109999999999445,0.22230613622445733,-0.1743992034334161,-0.44267474275989566
2026-01-08 21:00:00,1767906000000,77.097,77.0526,77.08,0.044399999999996,0.016999999999995907,-0.02740000000000009,-0.06626743467629756,-0.032530046432748316,0.03034274525054807
2026-01-08 22:00:00,1767909600000,77.119,76.8834,76.58,0.23560000000000514,0.5390000000000015,0.30339999999999634,0.6926770874176341,1.7737065378198158,1.4065449003416723
2026-01-08 23:00:00,1767913200000,76.756,76.7217,76.85,0.034300000000001774,-0.09399999999999409,-0.12829999999999586,-0.10635812334336847,-0.41661483733699045,-0.38942387339724555
2026-01-09 00:00:00,1767916800000,76.057,76.0713,76.15,-0.014299999999991542,-0.09300000000000352,-0.07870000000001198,-0.29926975395925887,-0.41315461399554315,-0.1830767546170209
2026-01-09 01:00:00,1767920400000,76.794,76.728,76.7,0.0660000000000025,0.09399999999999409,0.027999999999991587,0.019471067819691337,0.23390715086120312,0.2608191642107586
2026-01-09 02:00:00,1767924000000,77.101,77.0693,77.18,0.03170000000000073,-0.07900000000000773,-0.11070000000000846,-0.11667849864381263,-0.3647114872148381,-0.31620392802364605
2026-01-09 03:00:00,1767927600000,76.868,76.5601,76.76,0.3078999999999894,0.10799999999998988,-0.19989999999999952,0.9796629082721148,0.2823502776419082,-0.6872959238946174
2026-01-09 04:00:00,1767931200000,76.813,76.6876,76.85,0.12539999999999907,-0.03699999999999193,-0.162399999999991,0.2552519496835762,-0.21938210687262466,-0.5312875175586759
2026-01-09 05:00:00,1767934800000,77.128,77.2024,77.08,-0.07439999999999714,0.04800000000000182,0.12239999999999895,-0.5378291984040673,0.07473687715315123,0.6535443257603768
2026-01-09 06:00:00,1767938400000,77.27,77.1818,77.38,0.0882000000000005,-0.10999999999999943,-0.19819999999999993,0.10759119538497879,-0.4719784108006885,-0.6802235428073914
2026-01-09 07:00:00,1767942000000,77.269,77.1636,77.27,0.10540000000000305,-0.000999999999990564,-0.10639999999999361,0.17586444737251505,-0.09481406657934098,-0.2983149640970671
2026-01-09 08:00:00,1767945600000,77.564,77.4454,77.55,0.1185999999999865,0.013999999999995794,-0.1045999999999907,0.2282601988977601,-0.04291071645718862,-0.2908265605929315
2026-01-09 09:00:00,1767949200000,78.021,77.9903,78.19,0.030699999999995953,-0.16899999999999693,-0.19969999999999288,-0.12064787375938543,-0.6761315879479981,-0.6864638790607983
2026-01-09 10:00:00,1767952800000,78.189,78.0764,78.14,0.11259999999998627,0.04899999999999238,-0.06359999999999388,0.20444394820443615,0.07819710049459855,-0.12025736966568741
2026-01-09 11:00:00,1767956400000,78.143,77.954,78.05,0.18900000000000716,0.09300000000000352,-0.09600000000000364,0.5077042070328329,0.2304469275197558,-0.2550486327399508
2026-01-09 12:00:00,1767960000000,77.5,77.4369,77.5,0.06310000000000571,0.0,-0.06310000000000571,0.00795987998459791,-0.09135384323789365,-0.11817725758125786
2026-01-09 13:00:00,1767963600000,78.331,78.285,78.3,0.04600000000000648,0.03100000000000591,-0.015000000000000568,-0.0599164344913698,0.01591308034800589,0.08192952494561902
2026-01-09 14:00:00,1767967200000,79.401,79.3986,79.4,0.0023999999999944066,0.000999999999990564,-0.0014000000000038426,-0.23298118952956542,-0.08789361989644634,0.1385085736434273
2026-01-09 15:00:00,1767970800000,80.211,80.2295,80.19,-0.01850000000000307,0.021000000000000796,0.039500000000003865,-0.31594112944463076,-0.018689153066811515,0.30866174215382086
2026-01-09 16:00:00,1767974400000,80.49,80.3991,80.46,0.09089999999999065,0.030000000000001137,-0.06089999999998952,0.11830850819693509,0.0124528570065094,-0.10902476440948401
2026-01-09 17:00:00,1767978000000,79.597,79.4779,79.53,0.11909999999998888,0.06699999999999307,-0.052099999999995816,0.23024488645554653,0.14048112064124038,-0.07241479172268427
2026-01-09 18:00:00,1767981600000,80.023,79.9264,79.96,0.09659999999999513,0.06300000000000239,-0.03359999999999275,0.1409339463556098,0.12664022727535273,0.004549355403042155
2026-01-09 19:00:00,1767985200000,79.957,79.8992,79.97,0.057800000000000296,-0.01300000000000523,-0.07080000000000553,-0.013077808127858956,-0.13633674667715137,-0.1502109836822298
2026-01-09 20:00:00,1767988800000,79.827,79.806,79.92,0.021000000000000796,-0.09300000000000352,-0.11400000000000432,-0.1591508123802385,-0.41315461399554315,-0.32993266778118857
2026-01-09 21:00:00,1767992400000,79.929,79.8976,79.98,0.03140000000000498,-0.05100000000000193,-0.08240000000000691,-0.1178693111784619,-0.26782523365337885,-0.19846958404214252
2026-01-09 22:00:00,1767996000000,80.262,80.1917,79.98,0.07030000000000314,0.2819999999999965,0.21169999999999334,0.03653938081657541,0.884429139059446,1.0250523440482577
2026-01-09 23:00:00,1767999600000,80.046,80.192,79.86,-0.14599999999998658,0.18600000000000705,0.33199999999999363,-0.8220364566776808,0.5522476982774053,1.5255273115738455
2026-01-10 00:00:00,1768003200000,79.947,80.1,79.84,-0.1529999999999916,0.10699999999999932,0.2599999999999909,-0.8498220824865775,0.2788900543004608,1.2259911714088945
2026-01-10 01:00:00,1768006800000,80.001,80.192,79.96,-0.1909999999999883,0.04100000000001103,0.23199999999999932,-1.0006583368776107,0.050515313762823304,1.1095048946781196
2026-01-10 02:00:00,1768010400000,79.712,80.0,80.08,-0.2879999999999967,-0.367999999999995,-0.0799999999999983,-1.3856877230863671,-1.3647160329025054,-0.18848504603660868
2026-01-10 03:00:00,1768014000000,79.7,80.0,79.99,-0.29999999999999716,-0.28999999999999204,0.010000000000005116,-1.4333202244730152,-1.0948186122670576,0.18593512916958002
2026-01-10 04:00:00,1768017600000,80.002,80.0,79.95,0.001999999999995339,0.0519999999999925,0.04999999999999716,-0.23456893957578326,0.08857777051903885,0.35234409592784666
2026-01-10 05:00:00,1768021200000,79.446,79.25,79.89,0.19599999999999795,-0.4440000000000026,-0.6400000000000006,0.5354898328416733,-1.6276930068550095,-2.518210580652815
2026-01-10 06:00:00,1768024800000,79.332,79.7219,79.94,-0.38990000000001146,-0.6080000000000041,-0.21809999999999263,-1.7901670473613627,-2.19516963485773,-0.7630120037696151
2026-01-10 07:00:00,1768028400000,79.979,79.722,79.89,0.257000000000005,0.08899999999999864,-0.16800000000000637,0.7776217148904859,0.21660603415381902,-0.5545847729049018
2026-01-10 08:00:00,1768032000000,80.103,79.722,79.9,0.3810000000000002,0.20299999999998875,-0.17800000000001148,1.2698242292191437,0.6110714950825015,-0.5961870145944981
2026-01-10 09:00:00,1768035600000,80.0,79.7221,79.81,0.2779000000000025,0.18999999999999773,-0.08790000000000475,0.8605816548055513,0.566088591643293,-0.22135081697139974
2026-01-10 10:00:00,1768039200000,79.975,79.7221,80.06,0.2528999999999968,-0.08500000000000796,-0.33790000000000475,0.7613472769166826,-0.38547282726371873,-1.2614068592107734
2026-01-10 11:00:00,1768042800000,79.968,79.9788,79.96,-0.010800000000003251,0.008000000000009777,0.01880000000001303,-0.2853769410548669,-0.06367205650602006,0.2225451018564389
2026-01-10 12:00:00,1768046400000,79.976,79.9788,79.88,-0.0028000000000076852,0.09600000000000364,0.09880000000001132,-0.2536219401304537,0.2408275975441961,0.5553630353730313
2026-01-10 13:00:00,1768050000000,79.972,79.9788,80.0,-0.006800000000012574,-0.028000000000005798,-0.021199999999993224,-0.2694994405926885,-0.1882400967993529,0.0561361350981131
2026-01-10 14:00:00,1768053600000,80.0,79.9788,80.03,0.021199999999993224,-0.030000000000001137,-0.05119999999999436,-0.1583569373571578,-0.19516054348229672,-0.06867058997061647
2026-01-10 15:00:00,1768057200000,79.986,79.9788,80.04,0.007199999999997431,-0.054000000000002046,-0.06119999999999948,-0.21392818897489496,-0.27820590367781917,-0.11027283166021269
2026-01-10 16:00:00,1768060800000,79.984,79.4747,80.08,0.5092999999999961,-0.09600000000000364,-0.6052999999999997,1.779095056544686,-0.4235352840199834,-2.3738508019899864
2026-01-10 17:00:00,1768064400000,80.056,79.4748,80.23,0.5811999999999955,-0.1740000000000066,-0.7552000000000021,2.064493127353005,-0.6934327046554314,-2.9974684049167246
2026-01-10 18:00:00,1768068000000,80.05,79.486,80.25,0.563999999999993,-0.20000000000000284,-0.7639999999999958,1.9962198753654687,-0.7833985115338976,-3.0340783776035245
2026-01-10 19:00:00,1768071600000,80.1,80.192,80.16,-0.09199999999999875,-0.060000000000002274,0.031999999999996476,-0.6076902004378213,-0.29896724372669975,0.2774600608866089
2026-01-10 20:00:00,1768075200000,80.199,80.192,80.38,0.007000000000005002,-0.18099999999999739,-0.1880000000000024,-0.21472206399797567,-0.7176542680457593,-0.6377892562840352
2026-01-10 21:00:00,1768078800000,80.199,80.192,80.42,0.007000000000005002,-0.22100000000000364,-0.22800000000000864,-0.21472206399797567,-0.8560632017049797,-0.8041982230423609
2026-01-10 22:00:00,1768082400000,80.157,80.192,80.11,-0.03499999999999659,0.046999999999997044,0.08199999999999363,-0.3814358188512435,0.07127665381165474,0.4854712693344718
2026-01-10 23:00:00,1768086000000,80.037,80.192,79.86,-0.15499999999998693,0.1770000000000067,0.33199999999999363,-0.8577608327176667,0.5211056882040843,1.5255273115738455
2026-01-11 00:00:00,1768089600000,79.931,80.1,80.09,-0.16899999999999693,-0.15900000000000603,0.009999999999990905,-0.9133320843354603,-0.6415293545332299,0.1859351291695209
2026-01-11 01:00:00,1768093200000,79.991,80.1,80.44,-0.10899999999999466,-0.44899999999999807,-0.3400000000000034,-0.6751695774022205,-1.6449941235623937,-1.2701433299655787
2026-01-11 02:00:00,1768096800000,80.004,80.1,80.27,-0.09599999999998943,-0.26599999999999113,-0.1700000000000017,-0.6235677008999997,-1.011773252071535,-0.5629052212427974
2026-01-11 03:00:00,1768100400000,80.06,80.0,80.02,0.060000000000002274,0.04000000000000625,-0.01999999999999602,-0.0043451828736326414,0.04705509042132681,0.06112840410085046
2026-01-11 04:00:00,1768104000000,80.197,80.099,80.11,0.09799999999999898,0.0870000000000033,-0.01099999999999568,0.14649107151740043,0.20968558747087518,0.09857042162146933
2026-01-11 05:00:00,1768107600000,80.2,80.099,80.11,0.10099999999999909,0.09000000000000341,-0.01099999999999568,0.15839919686406242,0.2200662574953155,0.09857042162146933
2026-01-11 06:00:00,1768111200000,80.2,79.989,80.26,0.21099999999999852,-0.060000000000002274,-0.2710000000000008,0.5950304595749832,-0.29896724372669975,-0.9830878623075006
2026-01-11 07:00:00,1768114800000,80.169,79.989,80.1,0.1799999999999926,0.06900000000000261,-0.11099999999999,0.47197983099279056,0.14740156732423335,-0.3174519952742565
2026-01-11 08:00:00,1768118400000,80.129,79.989,80.2,0.14000000000000057,-0.07099999999999795,-0.21099999999999852,0.3132048263706683,-0.3370297004829645,-0.7334744121700414
2026-01-11 09:00:00,1768122000000,80.129,79.989,80.24,0.14000000000000057,-0.11099999999999,-0.25099999999999056,0.3132048263706683,-0.4754386341421358,-0.899883378928308
2026-01-11 10:00:00,1768125600000,80.1,79.989,80.18,0.11099999999999,-0.0800000000000125,-0.1910000000000025,0.19809294801956479,-0.3681717105563346,-0.6502699287909081
2026-01-11 11:00:00,1768129200000,80.07,79.8,80.01,0.269999999999996,0.05999999999998806,-0.21000000000000796,0.8292235913926502,0.11625955725086327,-0.7293141880011232
2026-01-11 12:00:00,1768132800000,80.078,79.8,80.15,0.2780000000000058,-0.07200000000000273,-0.3500000000000085,0.8609785923171198,-0.34048992382446097,-1.3117455716551747
2026-01-11 13:00:00,1768136400000,80.08,79.8,80.1,0.28000000000000114,-0.01999999999999602,-0.29999999999999716,0.8689173425482091,-0.1605583100674793,-1.1037343632072527
2026-01-11 14:00:00,1768140000000,80.072,80.136,80.1,-0.06399999999999295,-0.027999999999991587,0.036000000000001364,-0.49654769720229064,-0.18824009679930373,0.29410095756245924
2026-01-11 15:00:00,1768143600000,80.109,79.8,80.04,0.3089999999999975,0.0689999999999884,-0.2400000000000091,0.9840292208992562,0.1474015673241842,-0.8541209130698527
2026-01-11 16:00:00,1768147200000,80.422,80.0,80.22,0.42199999999999704,0.20199999999999818,-0.21999999999999886,1.4325686089568388,0.6076112717410541,-0.7709164296906603
2026-01-11 17:00:00,1768150800000,80.401,80.0,80.27,0.40099999999999625,0.13100000000000023,-0.269999999999996,1.349211731530205,0.36193541449598327,-0.9789276381385232
2026-01-11 18:00:00,1768154400000,80.493,80.304,80.26,0.18899999999999295,0.23299999999998988,0.04399999999999693,0.5077042070327765,0.7148781953269044,0.32738275091410074
2026-01-11 19:00:00,1768158000000,80.405,80.304,80.21,0.10099999999999909,0.1950000000000074,0.0940000000000083,0.15839919686406242,0.5833897083507262,0.5353939593620228
2026-01-11 20:00:00,1768161600000,80.367,80.304,80.3,0.06300000000000239,0.06700000000000728,0.0040000000000048885,0.007562942473029349,0.14048112064128954,0.1609737841558341
2026-01-11 21:00:00,1768165200000,80.415,80.304,80.32,0.1110000000000042,0.09500000000001307,-0.015999999999991132,0.19809294801962118,0.23736737420274878,0.07776930077670077
2026-01-11 22:00:00,1768168800000,80.321,80.0523,80.29,0.2686999999999955,0.0309999999999917,-0.2377000000000038,0.8240634037424281,0.01591308034795672,-0.8445523974812285
2026-01-11 23:00:00,1768172400000,81.573,81.639,81.65,-0.0660000000000025,-0.07700000000001239,-0.01100000000000989,-0.5044864474334362,-0.3577910405318943,0.0985704216214102
2026-01-12 00:00:00,1768176000000,83.25,83.2694,83.4,-0.019400000000004525,-0.15000000000000568,-0.13060000000000116,-0.31951356704863504,-0.6103873444599089,-0.39899238898586986
2026-01-12 01:00:00,1768179600000,82.893,82.905,82.99,-0.012000000000000455,-0.0969999999999942,-0.08499999999999375,-0.2901401911935204,-0.42699550736143077,-0.20928616688137722
2026-01-12 02:00:00,1768183200000,83.377,83.3175,83.54,0.059499999999999886,-0.16300000000001091,-0.2225000000000108,-0.006329870431419042,-0.6553702478991666,-0.7813169901131037
2026-01-12 03:00:00,1768186800000,83.392,83.3657,83.43,0.026299999999991996,-0.038000000000010914,-0.06430000000000291,-0.13811312426783806,-0.22284233021417033,-0.12316952658399521
2026-01-12 04:00:00,1768190400000,83.542,83.486,83.59,0.055999999999997385,-0.04800000000000182,-0.1039999999999992,-0.020222683335867433,-0.2574445636289385,-0.2883304260915924
2026-01-12 05:00:00,1768194000000,84.691,84.6,84.71,0.09100000000000819,-0.018999999999991246,-0.10999999999999943,0.11870544570856006,-0.15709808672598283,-0.3132917711053383
2026-01-12 06:00:00,1768197600000,84.579,84.5735,84.58,0.00549999999999784,-0.0010000000000047748,-0.006500000000002615,-0.22067612667133488,-0.09481406657939015,0.1172914303817492
2026-01-12 07:00:00,1768201200000,84.328,84.2068,84.25,0.12120000000000175,0.07800000000000296,-0.043199999999998795,0.23858057419826068,0.17854357739755428,-0.035388796618974955
2026-01-12 08:00:00,1768204800000,84.32,84.2595,84.35,0.06049999999999045,-0.030000000000001137,-0.09049999999999159,-0.00236049531590265,-0.19516054348229672,-0.23216739981063447
2026-01-12 09:00:00,1768208400000,84.297,84.3001,84.35,-0.0031000000000034333,-0.05299999999999727,-0.04989999999999384,-0.254812752665103,-0.2747456803363227,-0.06326229855096954
2026-01-12 10:00:00,1768212000000,84.268,84.3097,84.4,-0.041700000000005844,-0.132000000000005,-0.09029999999999916,-0.408030632125491,-0.5481033243132671,-0.23133535497687446
2026-01-12 11:00:00,1768215600000,83.829,83.8129,83.93,0.016099999999994452,-0.1010000000000133,-0.11710000000000775,-0.17860075044647755,-0.44083640072741676,-0.3428293627049711
2026-01-12 12:00:00,1768219200000,84.208,84.2159,84.22,-0.007900000000006457,-0.012000000000000455,-0.004099999999993997,-0.27386575321977347,-0.1328765233356549,0.12727596838728303
2026-01-12 13:00:00,1768222800000,85.763,85.7377,85.8,0.025300000000001432,-0.03699999999999193,-0.06229999999999336,-0.14208249938335446,-0.21938210687262466,-0.11484907824604049
2026-01-12 14:00:00,1768226400000,85.18,85.0843,85.22,0.09570000000000789,-0.03999999999999204,-0.13569999999999993,0.13736150875166198,-0.22976277689706495,-0.420209532247548
2026-01-12 15:00:00,1768230000000,85.4,85.4529,85.45,-0.05289999999999395,-0.04999999999999716,0.002899999999996794,-0.45248763341964693,-0.26436501031188236,0.1563975375699472
2026-01-12 16:00:00,1768233600000,86.16,86.0962,86.06,0.06380000000000052,0.09999999999999432,0.03619999999999379,0.010738442565465025,0.25466849091008376,0.2949330023962192
2026-01-12 17:00:00,1768237200000,86.009,86.0,86.03,0.009000000000000341,-0.021000000000000796,-0.030000000000001137,-0.20678331376688647,-0.1640185334089758,0.019526162411254232
2026-01-12 18:00:00,1768240800000,85.554,85.5451,85.62,0.008899999999997021,-0.0660000000000025,-0.07489999999999952,-0.20718025127845505,-0.3197285837755804,-0.16726790277493056
2026-01-12 19:00:00,1768244400000,85.75,85.7078,85.73,0.04219999999999402,0.01999999999999602,-0.022199999999998,-0.07500005993052387,-0.022149376408308007,0.05197591092913574
2026-01-12 20:00:00,1768248000000,85.249,85.2084,85.25,0.04059999999999775,-0.0010000000000047748,-0.041600000000002524,-0.08135106011539522,-0.09481406657939015,-0.028732437948658478
2026-01-12 21:00:00,1768251600000,85.26,85.2697,85.36,-0.009699999999995157,-0.09999999999999432,-0.09029999999999916,-0.2810106284277255,-0.4373761773858711,-0.23133535497687446
2026-01-12 22:00:00,1768255200000,85.04,84.5949,84.99,0.4451000000000107,0.05000000000001137,-0.39509999999999934,1.524261174126187,0.08165732383614421,-1.4993716816751195
2026-01-12 23:00:00,1768258800000,84.501,84.476,84.52,0.025000000000005684,-0.018999999999991246,-0.04399999999999693,-0.14327331191800372,-0.15709808672598283,-0.03871697595413319
2026-01-13 00:00:00,1768262400000,84.32,84.2092,84.35,0.11079999999999757,-0.030000000000001137,-0.1407999999999987,0.19729907299648408,-0.19516054348229672,-0.4414266755092261
2026-01-13 01:00:00,1768266000000,83.84,83.7966,83.85,0.043400000000005434,-0.009999999999990905,-0.05339999999999634,-0.07023680979181395,-0.1259560766526619,-0.07782308314233118
2026-01-13 02:00:00,1768269600000,85.544,85.4998,85.56,0.04420000000000357,-0.016000000000005343,-0.06020000000000891,-0.06706130969937826,-0.1467174167015917,-0.10611260749129446
2026-01-13 03:00:00,1768273200000,85.546,85.4654,85.49,0.080600000000004,0.056000000000011596,-0.024599999999992406,0.07742394450678346,0.10241866388502482,0.04199137292366102
2026-01-13 04:00:00,1768276800000,85.778,85.7738,85.86,0.004200000000011528,-0.08199999999999363,-0.08620000000000516,-0.22583631432150053,-0.37509215723922923,-0.2142784358841737
2026-01-13 05:00:00,1768280400000,85.487,85.463,85.45,0.02400000000000091,0.03699999999999193,0.012999999999991019,-0.1472426870335765,0.03667442039683733,0.19841580167639386
2026-01-13 06:00:00,1768284000000,85.082,85.0124,85.04,0.06959999999999411,0.04199999999998738,-0.02760000000000673,0.033760818235651885,0.05397553710422145,0.029510700416728947
2026-01-13 07:00:00,1768287600000,85.344,85.3208,85.29,0.023199999999988563,0.053999999999987836,0.030799999999999272,-0.1504181871260686,0.09549821720198268,0.27246779188387155
2026-01-13 08:00:00,1768291200000,85.943,85.7991,85.79,0.14390000000000214,0.1529999999999916,0.00909999999998945,0.3286853893213345,0.43806032800851274,0.1821909274174531
2026-01-13 09:00:00,1768294800000,85.542,85.5549,85.44,-0.01290000000000191,0.10200000000000387,0.11490000000000578,-0.29371262879752463,0.2615889375930767,0.622342644493224
2026-01-13 10:00:00,1768298400000,85.801,85.689,85.63,0.11200000000000898,0.17100000000000648,0.0589999999999975,0.20206232313519398,0.5003443481552038,0.38978611344846553
2026-01-13 11:00:00,1768302000000,85.823,85.8624,85.8,-0.039400000000000546,0.022999999999996135,0.06239999999999668,-0.39890106935969616,-0.011768706383867704,0.40393087562291763
2026-01-13 12:00:00,1768305600000,86.043,85.9936,85.9,0.04940000000000566,0.14300000000000068,0.09359999999999502,-0.046420559098489966,0.4034580945937445,0.5337298696943845
2026-01-13 13:00:00,1768309200000,87.747,87.7167,87.78,0.030299999999996885,-0.03300000000000125,-0.06329999999999814,-0.12223562380560327,-0.205541213506737,-0.11900930241501785
2026-01-13 14:00:00,1768312800000,88.856,88.8828,88.87,-0.026800000000008595,-0.014000000000010004,0.01279999999999859,-0.34888694290374966,-0.13979697001864788,0.19758375684263385
2026-01-13 15:00:00,1768316400000,88.834,88.7853,88.74,0.048699999999996635,0.0940000000000083,0.045300000000011664,-0.04919912167941349,0.2339071508612523,0.3327910423338068
2026-01-13 16:00:00,1768320000000,88.985,89.0111,88.94,-0.026099999999999568,0.045000000000001705,0.07110000000000127,-0.3461083803228261,0.06435620712871093,0.44012482589286694
2026-01-13 17:00:00,1768323600000,87.059,87.1302,87.06,-0.07120000000000459,-0.0010000000000047748,0.07019999999999982,-0.5251271980343245,-0.09481406657939015,0.43638062414079914
2026-01-13 18:00:00,1768327200000,87.696,87.6501,87.71,0.04590000000000316,-0.013999999999995794,-0.059899999999998954,-0.060313372002938355,-0.1397969700185987,-0.10486454024056578
2026-01-13 19:00:00,1768330800000,87.529,87.5919,87.62,-0.06289999999999907,-0.09100000000000819,-0.028100000000009118,-0.49218138457520566,-0.4062341673125993,0.02743058833224027
2026-01-13 20:00:00,1768334400000,86.72,86.8248,86.86,-0.10479999999999734,-0.14000000000000057,-0.03520000000000323,-0.658498201916905,-0.5757851110450916,-0.0021070032673334432
2026-01-13 21:00:00,1768338000000,87.023,86.993,87.1,0.030000000000001137,-0.07699999999999818,-0.10699999999999932,-0.12342643634025255,-0.35779104053184513,-0.30081109859846533
2026-01-13 22:00:00,1768341600000,87.14,87.38,87.03,-0.23999999999999488,0.10999999999999943,0.3499999999999943,-1.1951577175397754,0.28927072432490114,1.600411346615083
2026-01-13 23:00:00,1768345200000,87.81,87.9067,88.01,-0.09669999999999845,-0.20000000000000284,-0.10330000000000439,-0.6263462634809233,-0.7833985115338976,-0.2854182691733437
2026-01-14 00:00:00,1768348800000,88.5,88.489,88.24,0.01099999999999568,0.2600000000000051,0.24900000000000944,-0.1988445635357973,0.8083042255469164,1.1802287055504392
2026-01-14 01:00:00,1768352400000,89.9,90.0353,89.85,-0.13530000000000086,0.05000000000001137,0.18530000000001223,-0.7795641429413113,0.08165732383614421,0.9152224259878584
2026-01-14 02:00:00,1768356000000,89.79,89.7477,89.65,0.04230000000001155,0.14000000000000057,0.09769999999998902,-0.0746031224188989,0.39307742456930417,0.5507867887870853
2026-01-14 03:00:00,1768359600000,90.75,90.8599,90.8,-0.10989999999999611,-0.04999999999999716,0.059899999999998954,-0.6787420150062248,-0.26436501031188236,0.39353031520053333
2026-01-14 04:00:00,1768363200000,90.792,90.7503,90.78,0.041700000000005844,0.012000000000000455,-0.02970000000000539,-0.07698474748825386,-0.04983116314013243,0.020774229661923792
2026-01-14 05:00:00,1768366800000,89.566,89.4361,89.51,0.12990000000000634,0.055999999999997385,-0.07390000000000896,0.2731141377035974,0.10241866388497566,-0.16310767860601233
2026-01-14 06:00:00,1768370400000,90.207,90.2165,90.28,-0.009500000000002728,-0.0730000000000075,-0.06350000000000477,-0.2802167534046448,-0.3439501471659575,-0.11984134724883697
2026-01-14 07:00:00,1768374000000,90.229,90.1854,90.19,0.04359999999999786,0.03900000000000148,-0.004599999999996385,-0.06944293476873323,0.04359486707983032,0.12519585630279437
2026-01-14 08:00:00,1768377600000,90.183,90.1051,90.2,0.07790000000001385,-0.016999999999995907,-0.09490000000000975,0.06670663169482714,-0.15017764004303902,-0.25047238615412304
2026-01-14 09:00:00,1768381200000,90.634,90.5888,90.61,0.045199999999994134,0.02400000000000091,-0.021199999999993224,-0.06309193458386188,-0.008308483042371211,0.0561361350981131
2026-01-14 10:00:00,1768384800000,90.203,90.16,90.25,0.043000000000006366,-0.046999999999997044,-0.09000000000000341,-0.07182455983803178,-0.25398434028744205,-0.2300872877262049
2026-01-14 11:00:00,1768388400000,90.568,90.5227,90.66,0.04529999999999745,-0.09199999999999875,-0.1372999999999962,-0.06269499707229331,-0.4096943906540466,-0.4268658909178644
2026-01-14 12:00:00,1768392000000,92.013,92.0459,92.03,-0.03289999999999793,-0.016999999999995907,0.015900000000002024,-0.37310013110858575,-0.15017764004303902,0.2104804517664164
2026-01-14 13:00:00,1768395600000,91.765,91.8124,91.73,-0.04739999999999611,0.03499999999999659,0.0823999999999927,-0.43065607028410935,0.029753973713893517,0.48713535900205096
2026-01-14 14:00:00,1768399200000,91.232,91.2576,91.36,-0.02559999999999718,-0.1280000000000001,-0.10240000000000293,-0.34412369276503973,-0.5342624309473303,-0.2816740674212759
2026-01-14 15:00:00,1768402800000,91.816,91.8366,91.8,-0.020600000000001728,0.016000000000005343,0.03660000000000707,-0.3242768171872885,-0.035990269774195636,0.2965970920638575
2026-01-14 16:00:00,1768406400000,91.163,91.236,91.23,-0.0730000000000075,-0.06700000000000728,0.006000000000000227,-0.532272073242333,-0.32318880711707687,0.1692942324937297
2026-01-14 17:00:00,1768410000000,90.571,90.655,90.63,-0.08400000000000318,-0.0589999999999975,0.025000000000005684,-0.5759351995134082,-0.29550702038520327,0.2483384917039448
2026-01-14 18:00:00,1768413600000,92.365,92.3858,92.35,-0.020800000000008367,0.015000000000000568,0.035800000000008936,-0.32507069221042567,-0.039450493115692126,0.29326891272869926
2026-01-14 19:00:00,1768417200000,92.833,92.8476,92.75,-0.0146000000000015,0.08299999999999841,0.09759999999999991,-0.3004605664939646,0.1958446941049384,0.5503707663702349
2026-01-14 20:00:00,1768420800000,93.261,93.2813,93.26,-0.02030000000000598,0.000999999999990564,0.021299999999996544,-0.32308600465263926,-0.08789361989644634,0.23294566227876407
2026-01-14 21:00:00,1768424400000,93.261,93.2637,93.31,-0.0027000000000043656,-0.049000000000006594,-0.04630000000000223,-0.25322500261888514,-0.26090478697043507,-0.04828549154275747
2026-01-14 22:00:00,1768428000000,92.825,92.93,92.66,-0.10500000000000398,0.16500000000000625,0.27000000000001023,-0.6592920769400421,0.47958300810632315,1.2675934130985498
2026-01-14 23:00:00,1768431600000,92.257,92.3159,92.32,-0.05889999999999418,-0.06299999999998818,-0.004099999999993997,-0.47630388411297087,-0.3093479137510909,0.12727596838728303
2026-01-15 00:00:00,1768435200000,92.349,92.3635,92.36,-0.014499999999998181,-0.01099999999999568,0.003500000000002501,-0.300063628982396,-0.1294162999941584,0.15889367207134544
2026-01-15 01:00:00,1768438800000,88.099,88.216,88.38,-0.11699999999999022,-0.2809999999999917,-0.16400000000000148,-0.7069245783266337,-1.0636766021937367,-0.5379438762290515
2026-01-15 02:00:00,1768442400000,88.668,88.7583,88.74,-0.09029999999999916,-0.07199999999998852,0.01830000000001064,-0.6009422627413814,-0.34048992382441184,0.22046498977195023
2026-01-15 03:00:00,1768446000000,87.838,87.7979,87.92,0.04009999999999536,-0.08200000000000784,-0.1221000000000032,-0.08333574767318162,-0.3750921572392784,-0.36363048354973965
2026-01-15 04:00:00,1768449600000,87.772,87.7895,87.91,-0.017499999999998295,-0.13799999999999102,-0.12049999999999272,-0.311971754329058,-0.5688646643620986,-0.35697412487936403
2026-01-15 05:00:00,1768453200000,88.07,88.038,88.32,0.031999999999996476,-0.25,-0.2819999999999965,-0.11548768610916335,-0.9564096786078863,-1.028850328166015
2026-01-15 06:00:00,1768456800000,89.841,89.8563,89.93,-0.015300000000010527,-0.08900000000001285,-0.07370000000000232,-0.3032391290748881,-0.39931372062965553,-0.1622756337721932
2026-01-15 07:00:00,1768460400000,89.387,89.3787,89.46,0.008300000000005525,-0.07299999999999329,-0.08129999999999882,-0.20956187634775358,-0.3439501471659083,-0.1938933374562556
2026-01-15 08:00:00,1768464000000,89.922,89.9389,90.05,-0.0169000000000068,-0.1280000000000001,-0.11109999999999332,-0.30959012925975943,-0.5342624309473303,-0.31786801769116607
2026-01-15 09:00:00,1768467600000,90.532,90.5131,90.61,0.018900000000002137,-0.07800000000000296,-0.0969000000000051,-0.16748650012289626,-0.3612512638733416,-0.2587928344920186
2026-01-15 10:00:00,1768471200000,91.115,91.0681,91.28,0.046899999999993724,-0.16500000000000625,-0.21189999999999998,-0.05634399688742196,-0.6622906945821104,-0.7372186139221092
2026-01-15 11:00:00,1768474800000,91.258,91.248,91.31,0.009999999999990905,-0.05200000000000671,-0.06199999999999761,-0.2028139386513701,-0.27128545699487533,-0.11360101099537093
2026-01-15 12:00:00,1768478400000,91.09,91.0181,91.12,0.07189999999999941,-0.030000000000001137,-0.10190000000000055,0.04289038100144676,-0.19516054348229672,-0.2795939553367872
2026-01-15 13:00:00,1768482000000,88.519,88.5526,88.75,-0.03359999999999275,-0.23099999999999454,-0.1974000000000018,-0.37587869368945287,-0.8906654351197479,-0.6768953634722331
2026-01-15 14:00:00,1768485600000,90.371,90.4287,90.5,-0.05770000000001119,-0.1290000000000049,-0.0712999999999937,-0.4715406339743738,-0.5377226542888268,-0.15229109576665936
2026-01-15 15:00:00,1768489200000,90.611,90.6675,90.7,-0.05649999999999977,-0.08899999999999864,-0.03249999999999886,-0.46677738383566386,-0.39931372062960635,0.009125601988869953
2026-01-15 16:00:00,1768492800000,91.142,91.1864,90.97,-0.04440000000001021,0.17199999999999704,0.21640000000000725,-0.4187479449375037,0.503804571496651,1.0446053976424157
2026-01-15 17:00:00,1768496400000,91.891,91.8968,91.69,-0.005799999999993588,0.20100000000000762,0.2068000000000012,-0.2655300654770593,0.6041510483996068,1.0046672456203987
2026-01-15 18:00:00,1768500000000,92.364,92.3593,92.17,0.004699999999999704,0.19400000000000261,0.1893000000000029,-0.22385162676377054,0.5799294850092297,0.9318633226636496
2026-01-15 19:00:00,1768503600000,92.543,92.5163,92.48,0.026700000000005275,0.06300000000000239,0.03629999999999711,-0.1365253742215638,0.12664022727535273,0.2953490248131288
2026-01-15 20:00:00,1768507200000,91.966,91.9951,91.88,-0.02909999999999968,0.08599999999999852,0.1150999999999982,-0.3580165056694881,0.2062253641293787,0.6231746893269839
2026-01-15 21:00:00,1768510800000,92.402,92.4329,92.17,-0.030900000000002592,0.23199999999999932,0.2629000000000019,-0.3651613808774966,0.7114179719854572,1.238055821498917
2026-01-15 22:00:00,1768514400000,92.206,92.0166,91.9,0.18940000000000623,0.3059999999999974,0.11659999999999116,0.5092919570790507,0.9674744992549684,0.6294150255803909
2026-01-15 23:00:00,1768518000000,91.44,91.49,91.45,-0.04999999999999716,-0.010000000000005116,0.03999999999999204,-0.44097644558455346,-0.12595607665271108,0.31074185423825046
2026-01-16 00:00:00,1768521600000,90.576,90.6683,90.66,-0.09230000000000871,-0.08400000000000318,0.008300000000005525,-0.6088810129725271,-0.3820126039222222,0.178862748082354
2026-01-16 01:00:00,1768525200000,91.128,91.1778,91.25,-0.04980000000000473,-0.12199999999999989,-0.07219999999999516,-0.44018257056147275,-0.5135010908984496,-0.15603529751872716
2026-01-16 02:00:00,1768528800000,90.053,90.1247,90.18,-0.07170000000000698,-0.12700000000000955,-0.05530000000000257,-0.527111885592111,-0.530802207605883,-0.08572750906337634
2026-01-16 03:00:00,1768532400000,90.178,90.308,90.36,-0.13000000000000966,-0.18200000000000216,-0.0519999999999925,-0.7585264548289108,-0.7211144913872558,-0.0719987693057747
2026-01-16 04:00:00,1768536000000,90.91,90.9581,91.06,-0.04810000000000514,-0.15000000000000568,-0.10190000000000055,-0.43343463286503287,-0.6103873444599089,-0.2795939553367872
2026-01-16 05:00:00,1768539600000,91.485,91.5332,91.45,-0.04819999999999425,0.03499999999999659,0.08319999999999084,-0.433831570376545,0.029753973713893517,0.4904635383372092
2026-01-16 06:00:00,1768543200000,90.438,90.5036,90.49,-0.06560000000000343,-0.0519999999999925,0.013600000000010937,-0.5028986973872184,-0.2712854569948262,0.20091193617785122
2026-01-16 07:00:00,1768546800000,91.024,91.0333,91.03,-0.00929999999999609,-0.006000000000000227,0.003299999999995862,-0.2794228783815077,-0.11211518328677428,0.15806162723752631
2026-01-16 08:00:00,1768550400000,91.183,91.2409,91.24,-0.057899999999989404,-0.05699999999998795,0.0009000000000014552,-0.4723345089973981,-0.2885865737022103,0.1480770892320516
2026-01-16 09:00:00,1768554000000,91.134,91.1741,91.18,-0.04009999999999536,-0.04600000000000648,-0.005900000000011119,-0.4016796319405633,-0.25052411694599475,0.11978756488308832
2026-01-16 10:00:00,1768557600000,90.539,90.5923,90.6,-0.05329999999999302,-0.06099999999999284,-0.007699999999999818,-0.45407538346586473,-0.3024274670681471,0.11229916137901184
2026-01-16 11:00:00,1768561200000,91.076,91.1113,91.11,-0.03530000000000655,-0.034000000000006025,0.001300000000000523,-0.3826266313859492,-0.20900143684823352,0.1497411788996307
2026-01-16 12:00:00,1768564800000,90.096,90.0923,90.29,0.0037000000000091404,-0.19400000000000261,-0.19770000000001176,-0.22782100187928694,-0.762637171485017,-0.6781434307229618
2026-01-16 13:00:00,1768568400000,88.889,88.8244,89.05,0.06459999999999866,-0.16100000000000136,-0.22560000000000002,0.013913942657900701,-0.6484498012161737,-0.7942136850368271
2026-01-16 14:00:00,1768572000000,89.152,89.1789,89.33,-0.026899999999997704,-0.17799999999999727,-0.15109999999999957,-0.3492838804152618,-0.707273598021319,-0.48427698444949185
2026-01-16 15:00:00,1768575600000,87.89,87.9,88.03,-0.010000000000005116,-0.14000000000000057,-0.12999999999999545,-0.2822014409624312,-0.5757851110450916,-0.3964962544844716
2026-01-16 16:00:00,1768579200000,88.803,88.8307,88.96,-0.02769999999999584,-0.15699999999999648,-0.12930000000000064,-0.3524593805076975,-0.6346089078502368,-0.3935840975662229
2026-01-16 17:00:00,1768582800000,88.671,88.7154,88.84,-0.044399999999996,-0.16899999999999693,-0.12460000000000093,-0.4187479449374473,-0.6761315879479981,-0.37403104397212394
2026-01-16 18:00:00,1768586400000,89.04,89.0596,89.08,-0.019599999999996953,-0.03999999999999204,-0.02039999999999509,-0.32030744207171574,-0.22976277689706495,0.05946431443327134
2026-01-16 19:00:00,1768590000000,89.337,89.3745,89.46,-0.037499999999994316,-0.12299999999999045,-0.08549999999999613,-0.3913592566401191,-0.516961314239897,-0.2113662789658659
2026-01-16 20:00:00,1768593600000,89.323,89.3953,89.39,-0.07230000000001269,-0.06700000000000728,0.0053000000000054115,-0.5294935106614659,-0.32318880711707687,0.16638207557548104
2026-01-16 21:00:00,1768597200000,90.089,90.11,90.17,-0.021000000000000796,-0.08100000000000307,-0.060000000000002274,-0.3258645672335064,-0.37163193389778193,-0.10528056265747533
2026-01-16 22:00:00,1768600800000,89.785,90.421,89.89,-0.6360000000000099,-0.10500000000000398,0.5310000000000059,-2.767030263299158,-0.4546772940933044,2.353411921196438
2026-01-16 23:00:00,1768604400000,89.97,90.421,90.1,-0.4510000000000076,-0.12999999999999545,0.32100000000001216,-2.0326958669216877,-0.5411828776302742,1.47976484571539
2026-01-17 00:00:00,1768608000000,89.799,89.73,89.85,0.06900000000000261,-0.05099999999998772,-0.11999999999999034,0.03137919316635333,-0.26782523365332966,-0.35489401279487537
2026-01-17 01:00:00,1768611600000,89.828,90.421,90.02,-0.5930000000000035,-0.19199999999999307,0.40100000000001046,-2.596347133330317,-0.755716724802024,1.8125827792319826
2026-01-17 02:00:00,1768615200000,89.814,90.419,90.13,-0.605000000000004,-0.3160000000000025,0.2890000000000015,-2.6439796347169655,-1.184784419145573,1.346637672308706
2026-01-17 03:00:00,1768618800000,89.746,89.729,90.09,0.016999999999995907,-0.3440000000000083,-0.3610000000000042,-0.1750283128424733,-1.2816706727070322,-1.3575080375136892
2026-01-17 04:00:00,1768622400000,89.74,89.7,90.07,0.03999999999999204,-0.3299999999999983,-0.36999999999999034,-0.08373268518475019,-1.233227545926278,-1.394950055034249
2026-01-17 05:00:00,1768626000000,89.687,89.7,90.08,-0.01300000000000523,-0.3930000000000007,-0.37999999999999545,-0.2941095663090932,-1.4512216164395244,-1.4365522967238453
2026-01-17 06:00:00,1768629600000,89.777,89.7,90.1,0.07699999999999818,-0.3229999999999933,-0.3999999999999915,0.0631341940907665,-1.209005982535901,-1.5197567801029785
2026-01-17 07:00:00,1768633200000,89.799,89.7,90.09,0.09900000000000375,-0.2909999999999968,-0.39000000000000057,0.15046044663297323,-1.098278835608554,-1.4781545384134414
2026-01-17 08:00:00,1768636800000,89.799,89.7,90.06,0.09900000000000375,-0.2609999999999957,-0.35999999999999943,0.15046044663297323,-0.994472135364151,-1.3533478133447119
2026-01-17 09:00:00,1768640400000,89.811,89.7282,90.13,0.08280000000000598,-0.3189999999999884,-0.4017999999999944,0.08615656976100977,-1.1951650891699641,-1.5272451836071141
2026-01-17 10:00:00,1768644000000,89.81,90.1736,90.09,-0.36359999999999104,-0.28000000000000114,0.0835999999999899,-1.6857724818222155,-1.0602163788522894,0.4921276280047883
2026-01-17 11:00:00,1768647600000,89.907,90.1736,90.06,-0.26659999999999684,-0.1530000000000058,0.11359999999999104,-1.3007430956135155,-0.6207680144843493,0.6169343530735178
2026-01-17 12:00:00,1768651200000,89.971,90.1736,90.08,-0.20259999999998968,-0.10899999999999466,0.09359999999999502,-1.0467030882180408,-0.468518187459192,0.5337298696943845
2026-01-17 13:00:00,1768654800000,89.993,89.729,90.09,0.2639999999999958,-0.09700000000000841,-0.3610000000000042,0.8054073406993263,-0.42699550736147995,-1.3575080375136892
2026-01-17 14:00:00,1768658400000,89.955,89.729,90.07,0.2259999999999991,-0.11499999999999488,-0.340999999999994,0.6545710863082932,-0.4892795275080726,-1.2743035541344967
2026-01-17 15:00:00,1768662000000,90.002,89.729,90.11,0.27299999999999613,-0.10800000000000409,-0.3810000000000002,0.8411317167393123,-0.46505796411774464,-1.4407125208928226
2026-01-17 16:00:00,1768665600000,89.863,89.729,90.09,0.13400000000000034,-0.22700000000000387,-0.3610000000000042,0.28938857567734433,-0.8768245417538603,-1.3575080375136892
2026-01-17 17:00:00,1768669200000,89.82,89.729,90.1,0.09099999999999397,-0.28000000000000114,-0.3709999999999951,0.11870544570850365,-1.0602163788522894,-1.3991102792032264
2026-01-17 18:00:00,1768672800000,89.824,89.729,90.1,0.09499999999999886,-0.27599999999999625,-0.3709999999999951,0.13458294617073843,-1.0463754854863525,-1.3991102792032264
2026-01-17 19:00:00,1768676400000,90.003,89.73,90.08,0.27299999999999613,-0.07699999999999818,-0.3499999999999943,0.8411317167393123,-0.35779104053184513,-1.3117455716551156
2026-01-17 20:00:00,1768680000000,90.159,89.73,90.11,0.42900000000000205,0.049000000000006594,-0.37999999999999545,1.4603542347657357,0.07819710049464773,-1.4365522967238453
2026-01-17 21:00:00,1768683600000,90.408,90.4223,90.35,-0.014300000000005753,0.058000000000006935,0.07230000000001269,-0.29926975395931527,0.10933911056796863,0.4451170948956634
2026-01-17 22:00:00,1768687200000,90.511,90.55,90.41,-0.03900000000000148,0.10099999999999909,0.14000000000000057,-0.3973133193134783,0.25812871425158024,0.7267642711340354
2026-01-17 23:00:00,1768690800000,90.33,90.55,90.13,-0.21999999999999886,0.20000000000000284,0.4200000000000017,-1.1157702152287143,0.6006908250581103,1.8916270384421385
2026-01-18 00:00:00,1768694400000,90.45,90.55,90.32,-0.09999999999999432,0.13000000000000966,0.23000000000000398,-0.6394452013622345,0.35847519115453597,1.101184446340224
2026-01-18 01:00:00,1768698000000,90.446,90.0485,90.29,0.39749999999999375,0.1559999999999917,-0.24150000000000205,1.3353189186257566,0.44844099803295306,-0.8603612493232596
2026-01-18 02:00:00,1768701600000,90.454,90.54,90.31,-0.08600000000001273,0.14399999999999125,0.23000000000000398,-0.5838739497445538,0.40691831793519184,1.101184446340224
2026-01-18 03:00:00,1768705200000,90.687,90.54,90.31,0.14699999999999136,0.37699999999999534,0.23000000000000398,0.3409904521795087,1.2131503565000392,1.101184446340224
2026-01-18 04:00:00,1768708800000,90.507,90.3311,90.35,0.1758999999999986,0.1570000000000107,-0.018899999999987926,0.4557053930190436,0.45190122137449873,0.06570465068673738
2026-01-18 05:00:00,1768712400000,90.3,90.1901,90.17,0.10989999999999611,0.12999999999999545,0.02009999999999934,0.19372663539247983,0.3584751911544868,0.2279533932760267
2026-01-18 06:00:00,1768716000000,90.238,90.09,90.14,0.14799999999999613,0.09799999999999898,-0.04999999999999716,0.34495982729508146,0.24774804422713992,-0.0636783209678791
2026-01-18 07:00:00,1768719600000,90.273,90.099,90.22,0.17399999999999238,0.05299999999999727,-0.12099999999999511,0.44816358029946657,0.09203799386053535,-0.35905423696385275
2026-01-18 08:00:00,1768723200000,90.28,90.2217,90.16,0.05830000000000268,0.12000000000000455,0.061700000000001864,-0.011093120570072557,0.3238729577397185,0.40101871870466893
2026-01-18 09:00:00,1768726800000,90.281,90.2217,90.19,0.05930000000000746,0.09100000000000819,0.03170000000000073,-0.007123745454499756,0.22352648083681198,0.27621199363593935
2026-01-18 10:00:00,1768730400000,90.301,90.2363,90.26,0.06470000000000198,0.04099999999999682,-0.02370000000000516,0.014310880169469263,0.05051531376277413,0.0457355746756697
2026-01-18 11:00:00,1768734000000,90.502,90.3311,90.34,0.17089999999998895,0.16199999999999193,-0.008899999999997021,0.43585851744123605,0.46920233808183365,0.10730689237627448
2026-01-18 12:00:00,1768737600000,90.549,90.4021,90.36,0.14690000000000225,0.18900000000000716,0.04210000000000491,0.34059351466799653,0.5626283683018456,0.31947832499311474
2026-01-18 13:00:00,1768741200000,90.547,90.7142,90.4,-0.16720000000000823,0.14699999999999136,0.3141999999999996,-0.9061872091275083,0.4172989879596321,1.4514753213664269
2026-01-18 14:00:00,1768744800000,90.567,90.33,90.36,0.23699999999999477,0.20699999999999363,-0.030000000000001137,0.6982342125793684,0.6249123884484382,0.019526162411254232
2026-01-18 15:00:00,1768748400000,90.555,90.4,90.29,0.15500000000000114,0.26500000000000057,0.10999999999999943,0.3727454531039782,0.8256053422543005,0.6019575460653058
2026-01-18 16:00:00,1768752000000,90.482,90.4,90.42,0.08199999999999363,0.06199999999999761,-0.01999999999999602,0.08298106966851768,0.12318000393385625,0.06112840410085046
2026-01-18 17:00:00,1768755600000,90.596,90.3434,90.42,0.25260000000000105,0.17600000000000193,-0.07659999999999911,0.7601564643820333,0.5176454648625879,-0.1743402838621566
2026-01-18 18:00:00,1768759200000,90.772,90.7378,90.5,0.034200000000012665,0.27200000000000557,0.2377999999999929,-0.10675506085488064,0.8498269056446777,1.1336341948580464
2026-01-18 19:00:00,1768762800000,90.717,90.325,90.5,0.3919999999999959,0.21699999999999875,-0.17499999999999716,1.3134873554902189,0.6595146218632556,-0.583706342087566
2026-01-18 20:00:00,1768766400000,91.203,91.1795,91.17,0.023499999999998522,0.03300000000000125,0.009500000000002728,-0.14922737459136293,0.022833527030949704,0.18385501708509133
2026-01-18 21:00:00,1768770000000,91.033,91.1795,90.84,-0.14650000000000318,0.19299999999999784,0.339500000000001,-0.8240211442355235,0.5764692616677332,1.5567289928410575
2026-01-18 22:00:00,1768773600000,90.988,91.1795,90.85,-0.1915000000000049,0.13800000000000523,0.3295000000000101,-1.0026430244354536,0.3861569778863604,1.5151267511515203
2026-01-18 23:00:00,1768777200000,93.333,93.4399,93.03,-0.106899999999996,0.30299999999999727,0.40989999999999327,-0.6668338896595627,0.9570938292305281,1.8496087743356329
2026-01-19 00:00:00,1768780800000,93.73,93.841,93.76,-0.11099999999999,-0.030000000000001137,0.08099999999998886,-0.6831083276333096,-0.19516054348229672,0.4813110451654945
2026-01-19 01:00:00,1768784400000,93.217,93.301,93.31,-0.08400000000000318,-0.09300000000000352,-0.009000000000000341,-0.5759351995134082,-0.41315461399554315,0.10689086995936492
2026-01-19 02:00:00,1768788000000,93.311,93.3785,93.38,-0.06749999999999545,-0.0689999999999884,-0.0014999999999929514,-0.5104405101067391,-0.3301092537999715,0.13809255122657688
2026-01-19 03:00:00,1768791600000,93.047,93.1,93.14,-0.05299999999999727,-0.09300000000000352,-0.04000000000000625,-0.4528845709312155,-0.41315461399554315,-0.022076079278341997
2026-01-19 04:00:00,1768795200000,92.83,92.8605,92.88,-0.030500000000003524,-0.04999999999999716,-0.019499999999993634,-0.36357363083127875,-0.26436501031188236,0.06320851618533914
2026-01-19 05:00:00,1768798800000,93.23,93.2953,93.28,-0.06529999999999347,-0.04999999999999716,0.015299999999996317,-0.5017078848525127,-0.26436501031188236,0.20798431726501815
2026-01-19 06:00:00,1768802400000,93.878,93.8805,93.97,-0.0024999999999977263,-0.09199999999999875,-0.08950000000000102,-0.25243112759574804,-0.4096943906540466,-0.22800717564171621
2026-01-19 07:00:00,1768806000000,93.182,93.2003,93.27,-0.01829999999999643,-0.08799999999999386,-0.06969999999999743,-0.31514725442149366,-0.39585349728810987,-0.1456347370963429
2026-01-19 08:00:00,1768809600000,92.626,92.6266,92.8,-0.0005999999999914962,-0.17399999999999238,-0.1734000000000009,-0.244889314876171,-0.6934327046553822,-0.5770499834172494
2026-01-19 09:00:00,1768813200000,93.176,93.2103,93.22,-0.034300000000001774,-0.04399999999999693,-0.009699999999995157,-0.37865725627037644,-0.24360367026300175,0.10397871304111625
2026-01-19 10:00:00,1768816800000,93.132,93.1805,93.25,-0.048499999999989996,-0.117999999999995,-0.069500000000005,-0.43502238291119427,-0.4996601975325129,-0.14480269226258288
2026-01-19 11:00:00,1768820400000,92.909,92.9466,93.06,-0.037599999999997635,-0.15099999999999625,-0.11339999999999861,-0.39175619415168766,-0.6138475678013563,-0.32743653327979033
2026-01-19 12:00:00,1768824000000,93.325,93.3256,93.46,-0.0005999999999914962,-0.1349999999999909,-0.1343999999999994,-0.244889314876171,-0.5584839943376583,-0.41480124082790104
2026-01-19 13:00:00,1768827600000,93.303,93.3337,93.46,-0.030699999999995953,-0.15699999999999648,-0.12630000000000052,-0.36436750585435945,-0.6346089078502368,-0.38110342505934997
2026-01-19 14:00:00,1768831200000,93.863,93.9214,93.97,-0.058400000000006,-0.10699999999999932,-0.048599999999993315,-0.4743191965552409,-0.46159774077624816,-0.057854007131322625
2026-01-19 15:00:00,1768834800000,93.859,93.8838,93.96,-0.024799999999999045,-0.10099999999999909,-0.07620000000000005,-0.34094819267260407,-0.44083640072736757,-0.17267619419457747
2026-01-19 16:00:00,1768838400000,94.461,94.5163,94.65,-0.05530000000000257,-0.18900000000000716,-0.1337000000000046,-0.46201413369701033,-0.7453360547776329,-0.41188908390965234
2026-01-19 17:00:00,1768842000000,94.696,94.7353,94.83,-0.039299999999997226,-0.13400000000000034,-0.09470000000000312,-0.3985041318481276,-0.5550237709962109,-0.24964034132030388
2026-01-19 18:00:00,1768845600000,94.504,94.5755,94.61,-0.07150000000000034,-0.10599999999999454,-0.0344999999999942,-0.5263180105689738,-0.4581375174347517,0.000805153650974356
2026-01-19 19:00:00,1768849200000,94.406,94.4,94.48,0.006000000000000227,-0.07399999999999807,-0.0799999999999983,-0.21869143911354846,-0.3474103705074048,-0.18848504603660868
2026-01-19 20:00:00,1768852800000,94.3,94.3451,94.4,-0.045100000000005025,-0.10000000000000853,-0.0549000000000035,-0.42152650751837084,-0.4373761773859202,-0.08406341939579721
2026-01-19 21:00:00,1768856400000,94.481,94.4428,94.7,0.03819999999998913,-0.2190000000000083,-0.25719999999999743,-0.09087756039275866,-0.849142755022036,-0.9256767687758731
2026-01-19 22:00:00,1768860000000,94.736,94.66,94.87,0.07600000000000762,-0.13400000000000034,-0.21000000000000796,0.05916481897525011,-0.5550237709962109,-0.7293141880011232
2026-01-19 23:00:00,1768863600000,93.795,93.8393,93.75,-0.04429999999999268,0.045000000000001705,0.08929999999999438,-0.4183510074258788,0.06435620712871093,0.5158409057678647
2026-01-20 00:00:00,1768867200000,93.18,93.2471,93.32,-0.06709999999999638,-0.13999999999998636,-0.07289999999998997,-0.5088527600605212,-0.5757851110450424,-0.15894745443697583
2026-01-20 01:00:00,1768870800000,93.088,93.0809,93.29,0.007099999999994111,-0.2020000000000124,-0.2091000000000065,-0.2143251264864635,-0.7903189582168906,-0.7255699862490554
2026-01-20 02:00:00,1768874400000,93.002,93.0599,93.16,-0.057900000000003615,-0.15800000000000125,-0.10009999999999764,-0.4723345089974545,-0.6380691311917334,-0.2721055518326516
2026-01-20 03:00:00,1768878000000,93.353,93.388,93.4,-0.0350000000000108,-0.047000000000011255,-0.012000000000000455,-0.38143581885129996,-0.25398434028749123,0.09441019745249198
2026-01-20 04:00:00,1768881600000,94.266,94.2538,94.27,0.012200000000007094,-0.003999999999990678,-0.016199999999997772,-0.19408131339708737,-0.10519473660378129,0.07693725594288166
2026-01-20 05:00:00,1768885200000,94.509,94.4374,94.55,0.07160000000000366,-0.04099999999999682,-0.11260000000000048,0.04169956846679748,-0.23322300023856146,-0.3241083539446321
2026-01-20 06:00:00,1768888800000,93.946,93.9319,94.06,0.014099999999999113,-0.11400000000000432,-0.12810000000000343,-0.18653950067756672,-0.4858193041666253,-0.38859182856348556
2026-01-20 07:00:00,1768892400000,94.323,94.3154,94.37,0.0075999999999964984,-0.047000000000011255,-0.05460000000000775,-0.2123404389286771,-0.25398434028749123,-0.08281535214512765
2026-01-20 08:00:00,1768896000000,95.427,95.4606,95.52,-0.03359999999999275,-0.09299999999998931,-0.05939999999999657,-0.37587869368945287,-0.41315461399549397,-0.10278442815607709
2026-01-20 09:00:00,1768899600000,95.039,95.0124,95.08,0.026600000000001955,-0.04099999999999682,-0.06759999999999877,-0.13692231173313238,-0.23322300023856146,-0.13689826634153773
2026-01-20 10:00:00,1768903200000,95.256,95.2408,95.26,0.015200000000007208,-0.0040000000000048885,-0.019200000000012096,-0.18217318805042537,-0.10519473660383045,0.06445658343594958
2026-01-20 11:00:00,1768906800000,95.793,95.7722,95.81,0.020800000000008367,-0.016999999999995907,-0.037800000000004275,-0.15994468740331924,-0.15017764004303902,-0.01292358610662728
2026-01-20 12:00:00,1768910400000,95.79,95.7439,95.78,0.0461000000000098,0.010000000000005116,-0.036100000000004684,-0.05951949697980123,-0.05675160982307625,-0.005851205019401243
2026-01-20 13:00:00,1768914000000,95.21,95.2363,95.25,-0.026300000000006207,-0.04000000000000625,-0.013700000000000045,-0.34690225534596325,-0.22976277689711413,0.08733781636526593
2026-01-20 14:00:00,1768917600000,94.972,94.961,95.06,0.01099999999999568,-0.08800000000000807,-0.09900000000000375,-0.1988445635357973,-0.395853497288159,-0.2675293052468238
2026-01-20 15:00:00,1768921200000,93.937,93.9113,94.05,0.0257000000000005,-0.11299999999999955,-0.13870000000000005,-0.1404947493371366,-0.4823590808251288,-0.43269020475442094
2026-01-20 16:00:00,1768924800000,94.247,94.2951,94.26,-0.04810000000000514,-0.01300000000000523,0.03509999999999991,-0.43343463286503287,-0.13633674667715137,0.29035675581039144
2026-01-20 17:00:00,1768928400000,94.585,94.5906,94.6,-0.00560000000000116,-0.015000000000000568,-0.009399999999999409,-0.2647361904539786,-0.14325719336009518,0.10522678029178581
2026-01-20 18:00:00,1768932000000,94.648,94.7165,94.7,-0.06850000000000023,-0.05200000000000671,0.01649999999999352,-0.5144098852223118,-0.27128545699487533,0.2129765862677555
2026-01-20 19:00:00,1768935600000,94.488,94.603,94.53,-0.11499999999999488,-0.04200000000000159,0.07299999999999329,-0.6989858280955444,-0.23668322358005794,0.44802925181385295
2026-01-20 20:00:00,1768939200000,94.231,94.2383,94.25,-0.00730000000000075,-0.019000000000005457,-0.011700000000004707,-0.2714841281504185,-0.15709808672603198,0.09565826470316154
2026-01-20 21:00:00,1768942800000,94.655,94.6172,94.66,0.037800000000004275,-0.0049999999999954525,-0.04279999999999973,-0.09246531043892009,-0.10865495994527778,-0.03372470695139584
2026-01-20 22:00:00,1768946400000,94.758,94.925,94.76,-0.1670000000000016,-0.0020000000000095497,0.16499999999999204,-0.9053933341043711,-0.09827428992088665,0.8307698753579372
2026-01-20 23:00:00,1768950000000,94.876,94.9609,94.94,-0.08489999999999043,-0.06399999999999295,0.020899999999997476,-0.579507637117356,-0.3128081370925874,0.23128157261118493
2026-01-21 00:00:00,1768953600000,95.35,95.3665,95.36,-0.01650000000000773,-0.010000000000005116,0.006500000000002615,-0.3080023792135416,-0.12595607665271108,0.1713743445782184
2026-01-21 01:00:00,1768957200000,94.462,94.4715,94.59,-0.009500000000002728,-0.1280000000000001,-0.11849999999999739,-0.2802167534046448,-0.5342624309473303,-0.34865367654146845
2026-01-21 02:00:00,1768960800000,94.124,94.2183,94.28,-0.09430000000000405,-0.1560000000000059,-0.061700000000001864,-0.6168197632036162,-0.6311486845087896,-0.11235294374470137
2026-01-21 03:00:00,1768964400000,93.919,94.0249,94.05,-0.10590000000000543,-0.13100000000000023,-0.025099999999994793,-0.6628645145440464,-0.5446431009717706,0.03991126083917235
2026-01-21 04:00:00,1768968000000,94.36,94.4226,94.36,-0.06260000000000332,0.0,0.06260000000000332,-0.4909905720405564,-0.09135384323789365,0.40476292045673673
2026-01-21 05:00:00,1768971600000,94.634,94.6824,94.63,-0.04840000000000089,0.0040000000000048885,0.052400000000005775,-0.4346254453996821,-0.07751294987195685,0.3623286339333805
2026-01-21 06:00:00,1768975200000,94.404,94.475,94.48,-0.07099999999999795,-0.07600000000000762,-0.005000000000009663,-0.5243333230111874,-0.3543308171903978,0.12353176663515612
2026-01-21 07:00:00,1768978800000,94.785,94.8112,94.78,-0.026200000000002888,0.0049999999999954525,0.03119999999999834,-0.3465053178343947,-0.07405272653050954,0.2741318815514507
2026-01-21 08:00:00,1768982400000,94.938,95.0099,94.98,-0.07189999999999941,-0.04200000000000159,0.029899999999997817,-0.5279057606151917,-0.23668322358005794,0.26872359013180375
2026-01-21 09:00:00,1768986000000,95.194,95.2226,95.18,-0.028599999999997294,0.013999999999995794,0.04259999999999309,-0.3560318181117017,-0.04291071645718862,0.3215584370775443
2026-01-21 10:00:00,1768989600000,94.933,94.9452,94.89,-0.012199999999992883,0.043000000000006366,0.05519999999999925,-0.2909340662166011,0.05743576044576711,0.37397726160643435
2026-01-21 11:00:00,1768993200000,94.719,94.7844,94.83,-0.065400000000011,-0.1110000000000042,-0.0455999999999932,-0.5021048223641377,-0.47543863414218496,-0.045373334624449674
2026-01-21 12:00:00,1768996800000,94.21,94.195,94.32,0.015000000000000568,-0.10999999999999943,-0.125,-0.1829670630735625,-0.4719784108006885,-0.375695133639703
2026-01-21 13:00:00,1769000400000,95.003,95.0201,94.99,-0.017099999999999227,0.01300000000000523,0.030100000000004457,-0.31038400428284013,-0.04637093979863594,0.2695556349656229
2026-01-21 14:00:00,1769004000000,93.74,93.8248,93.92,-0.08480000000000132,-0.18000000000000682,-0.0952000000000055,-0.5791106996058438,-0.714194044704312,-0.2517204534047926
2026-01-21 15:00:00,1769007600000,93.673,93.7495,93.72,-0.0764999999999958,-0.046999999999997044,0.02949999999999875,-0.546164886146725,-0.25398434028744205,0.26705950046422466
2026-01-21 16:00:00,1769011200000,93.407,93.514,93.5,-0.10699999999999932,-0.09300000000000352,0.013999999999995794,-0.6672308271711312,-0.41315461399554315,0.2025760258453712
2026-01-21 17:00:00,1769014800000,93.328,93.4241,93.42,-0.09609999999999275,-0.09199999999999875,0.004099999999993997,-0.6239646384115682,-0.4096943906540466,0.16138980657268456
2026-01-21 18:00:00,1769018400000,93.655,93.6783,93.72,-0.023299999999991883,-0.06499999999999773,-0.041700000000005844,-0.3349941299992448,-0.3162683604340839,-0.029148460365568035
2026-01-21 19:00:00,1769022000000,91.396,91.4096,91.39,-0.013599999999996726,0.006000000000000227,0.019599999999996953,-0.29649119137839175,-0.07059250318901304,0.22587328119153802
2026-01-21 20:00:00,1769025600000,92.68,92.7898,92.7,-0.10979999999999279,-0.01999999999999602,0.08979999999999677,-0.6783450774946561,-0.1605583100674793,0.5179210178523533
2026-01-21 21:00:00,1769029200000,93.152,93.2765,93.21,-0.12449999999999761,-0.057999999999992724,0.06650000000000489,-0.7366948916933168,-0.2920467970437068,0.4209877947156775
2026-01-21 22:00:00,1769032800000,93.149,93.64,93.25,-0.49099999999999966,-0.10099999999999909,0.39000000000000057,-2.19147087154381,-0.44083640072736757,1.766820313373409
2026-01-21 23:00:00,1769036400000,90.977,91.0869,91.13,-0.10989999999999611,-0.1529999999999916,-0.043099999999995475,-0.6787420150062248,-0.6207680144843001,-0.0349727742020654
2026-01-22 00:00:00,1769040000000,91.905,92.016,92.0,-0.1110000000000042,-0.09499999999999886,0.016000000000005343,-0.683108327633366,-0.42007506067848693,0.21089647418332594
2026-01-22 01:00:00,1769043600000,92.301,92.4442,92.31,-0.1431999999999931,-0.009000000000000341,0.13419999999999277,-0.8109222063541559,-0.12249585331121458,0.7026349709540495
2026-01-22 02:00:00,1769047200000,92.759,92.9034,92.76,-0.14440000000000452,-0.0010000000000047748,0.14339999999999975,-0.8156854564928658,-0.09481406657939015,0.7409090333084875
2026-01-22 03:00:00,1769050800000,93.427,93.4978,93.44,-0.07079999999999131,-0.012999999999991019,0.057800000000000296,-0.5235394479880503,-0.13633674667710222,0.3847938444457282
2026-01-22 04:00:00,1769054400000,93.348,93.4539,93.39,-0.10590000000000543,-0.04200000000000159,0.06390000000000384,-0.6628645145440464,-0.23668322358005794,0.41017121187638367
2026-01-22 05:00:00,1769058000000,93.821,93.8851,93.9,-0.06409999999999627,-0.07900000000000773,-0.01490000000001146,-0.4969446347138592,-0.3647114872148381,0.08234554736246945
2026-01-22 06:00:00,1769061600000,94.099,94.1582,94.1,-0.05919999999998993,-0.000999999999990564,0.05819999999999936,-0.4774946966476202,-0.09481406657934098,0.3864579341133073
2026-01-22 07:00:00,1769065200000,94.221,94.2567,94.16,-0.035699999999991405,0.06100000000000705,0.09669999999999845,-0.3842143814321106,0.11971978059240894,0.546626564618167
2026-01-22 08:00:00,1769068800000,94.103,94.1915,94.09,-0.08850000000001046,0.012999999999991019,0.10150000000000148,-0.5937973875334294,-0.04637093979868511,0.5665956406291756
2026-01-22 09:00:00,1769072400000,93.9,93.9761,93.87,-0.07609999999999673,0.030000000000001137,0.10609999999999786,-0.5445771361005072,0.0124528570065094,0.585732671806365
2026-01-22 10:00:00,1769076000000,93.792,93.8223,93.76,-0.030299999999996885,0.031999999999996476,0.06229999999999336,-0.36277975580814165,0.01937330368945321,0.40351485320600805
2026-01-22 11:00:00,1769079600000,93.57,93.6406,93.59,-0.0706000000000131,-0.020000000000010232,0.050600000000002865,-0.522745572965026,-0.1605583100675285,0.3548402304292449
2026-01-22 12:00:00,1769083200000,93.046,93.0599,93.08,-0.013899999999992474,-0.033999999999991815,-0.02009999999999934,-0.29768200391304106,-0.20900143684818434,0.0607123816839409
2026-01-22 13:00:00,1769086800000,93.547,93.644,93.63,-0.09700000000000841,-0.08299999999999841,0.014000000000010004,-0.6275370760156289,-0.3785523805807257,0.20257602584543033
2026-01-22 14:00:00,1769090400000,93.893,93.999,93.89,-0.10599999999999454,0.0030000000000001137,0.10899999999999466,-0.6632614520555585,-0.08097317321345335,0.5977973218963284
2026-01-22 15:00:00,1769094000000,95.681,95.6744,95.62,0.006599999999991724,0.06099999999999284,0.054400000000001114,-0.2163098140442499,0.11971978059235976,0.37064908227127613
2026-01-22 16:00:00,1769097600000,95.831,95.9462,95.74,-0.11520000000000152,0.09100000000000819,0.2062000000000097,-0.6997797031186815,0.22352648083681198,1.0021711111190594
2026-01-22 17:00:00,1769101200000,96.334,96.388,96.38,-0.054000000000002046,-0.04599999999999227,0.008000000000009777,-0.45685394604678825,-0.25052411694594556,0.17761468083168444
2026-01-22 18:00:00,1769104800000,96.26,96.2648,96.23,-0.004799999999988813,0.030000000000001137,0.03479999999998995,-0.2615606903614865,0.0124528570065094,0.28910868855966276
2026-01-22 19:00:00,1769108400000,95.894,95.953,95.9,-0.0589999999999975,-0.006000000000000227,0.05299999999999727,-0.4767008216245395,-0.11211518328677428,0.3648247684347196
2026-01-22 20:00:00,1769112000000,96.105,96.1255,96.09,-0.02049999999999841,0.015000000000000568,0.03549999999999898,-0.32387987967571996,-0.039450493115692126,0.2920208454779706
2026-01-22 21:00:00,1769115600000,96.4,96.225,96.26,0.17500000000001137,0.14000000000000057,-0.0350000000000108,0.4521329554150958,0.39307742456930417,-0.001274958433573444
2026-01-22 22:00:00,1769119200000,96.104,95.896,95.9,0.2079999999999984,0.20399999999999352,-0.0040000000000048885,0.5831223342283213,0.6145317184239979,0.1276919908041335
2026-01-22 23:00:00,1769122800000,97.002,96.9801,96.95,0.02190000000000225,0.0519999999999925,0.030099999999990246,-0.15557837477623426,0.08857777051903885,0.2695556349655638
2026-01-23 00:00:00,1769126400000,97.201,97.2154,97.2,-0.014400000000009072,0.000999999999990564,0.015399999999999636,-0.2996666914708838,-0.08789361989644634,0.2084003396819277
2026-01-23 01:00:00,1769130000000,98.573,98.6074,98.64,-0.03440000000000509,-0.06700000000000728,-0.03260000000000218,-0.379054193781945,-0.32318880711707687,0.008709579571960394
2026-01-23 02:00:00,1769133600000,98.746,98.8436,98.82,-0.09759999999999991,-0.07399999999999807,0.02360000000000184,-0.6299187010849275,-0.3474103705074048,0.24251417786738833
2026-01-23 03:00:00,1769137200000,98.672,98.798,98.81,-0.12600000000000477,-0.13800000000000523,-0.012000000000000455,-0.742648954366676,-0.5688646643621477,0.09441019745249198
2026-01-23 04:00:00,1769140800000,98.683,98.6841,98.69,-0.0010999999999938836,-0.006999999999990791,-0.005899999999996908,-0.2468740024339574,-0.11557540662822159,0.11978756488314744
2026-01-23 05:00:00,1769144400000,99.031,99.1488,99.22,-0.11779999999998836,-0.18899999999999295,-0.07120000000000459,-0.7101000784190693,-0.7453360547775837,-0.15187507334980893
2026-01-23 06:00:00,1769148000000,98.993,99.1339,99.13,-0.14090000000000202,-0.13700000000000045,0.003900000000001569,-0.8017926435884174,-0.5654044410206512,0.16055776173892455
2026-01-23 07:00:00,1769151600000,98.657,98.7354,98.7,-0.07840000000000202,-0.043000000000006366,0.03539999999999566,-0.5537066988663021,-0.24014344692155443,0.291604823061061
2026-01-23 08:00:00,1769155200000,97.975,98.0623,97.98,-0.08729999999999905,-0.005000000000009663,0.08229999999998938,-0.5890341373947194,-0.10865495994532695,0.4867193365851414
2026-01-23 09:00:00,1769158800000,98.209,98.265,98.26,-0.055999999999997385,-0.05100000000000193,0.0049999999999954525,-0.46479269627787745,-0.26782523365337885,0.16513400832475236
2026-01-23 10:00:00,1769162400000,98.966,98.9717,99.05,-0.005700000000004479,-0.08400000000000318,-0.0782999999999987,-0.26513312796554717,-0.3820126039222222,-0.18141266494938263
2026-01-23 11:00:00,1769166000000,99.012,99.0361,99.11,-0.02410000000000423,-0.09799999999999898,-0.07389999999999475,-0.33816963009173695,-0.43045573070292725,-0.1631076786059532
2026-01-23 12:00:00,1769169600000,99.26,99.3178,99.36,-0.057800000000000296,-0.09999999999999432,-0.04219999999999402,-0.47193757148588594,-0.4373761773858711,-0.031228572449997594
2026-01-23 13:00:00,1769173200000,99.575,99.7189,99.79,-0.14390000000000214,-0.2150000000000034,-0.07110000000000127,-0.8137007689350794,-0.8353018616560992,-0.15145905093289935
2026-01-23 14:00:00,1769176800000,99.279,99.387,99.43,-0.10800000000000409,-0.15100000000001046,-0.043000000000006366,-0.6712002022867041,-0.6138475678014055,-0.03455675178521495
2026-01-23 15:00:00,1769180400000,99.731,99.8771,100.04,-0.14610000000000412,-0.3090000000000117,-0.1629000000000076,-0.8224333941893057,-1.160562855755245,-0.5333676296432237
2026-01-23 16:00:00,1769184000000,100.59,100.6875,100.63,-0.09749999999999659,-0.03999999999999204,0.05750000000000455,-0.6295217635733589,-0.22976277689706495,0.3835457771950586
2026-01-23 17:00:00,1769187600000,100.7,100.7939,100.94,-0.09389999999999077,-0.23999999999999488,-0.14610000000000412,-0.615232013157342,-0.9218074451930688,-0.4634758636047233
2026-01-23 18:00:00,1769191200000,100.77,100.9722,100.93,-0.20220000000000482,-0.1600000000000108,0.04219999999999402,-1.0451153381718794,-0.6449895778747263,0.31989434740996514
2026-01-23 19:00:00,1769194800000,101.77,101.9608,101.84,-0.19080000000001007,-0.07000000000000739,0.12080000000000268,-0.9998644618545864,-0.3335694771415172,0.6468879670900602
2026-01-23 20:00:00,1769198400000,102.43,102.5568,102.5,-0.1267999999999887,-0.06999999999999318,0.05679999999999552,-0.7458244544590553,-0.333569477141468,0.3806336202767508
2026-01-23 21:00:00,1769202000000,103.07,103.1413,103.16,-0.07130000000000791,-0.09000000000000341,-0.018699999999995498,-0.5255241355458931,-0.40277394397110283,0.06653669552049737
2026-01-23 22:00:00,1769205600000,102.7,102.7383,102.78,-0.03829999999999245,-0.0799999999999983,-0.041700000000005844,-0.3945347567325548,-0.3681717105562854,-0.029148460365568035
2026-01-23 23:00:00,1769209200000,103.47,103.5279,104.14,-0.057900000000003615,-0.6700000000000017,-0.6120999999999981,-0.4723345089974545,-2.40970348202948,-2.4021403263388903
2026-01-24 00:00:00,1769212800000,103.26,103.0703,103.31,0.18970000000000198,-0.04999999999999716,-0.23969999999999914,0.5104827696137001,-0.26436501031188236,-0.852872845819124
2026-01-24 01:00:00,1769216400000,103.2,103.1,103.15,0.10000000000000853,0.04999999999999716,-0.05000000000001137,0.15442982174854603,0.08165732383609504,-0.06367832096793823
2026-01-24 02:00:00,1769220000000,103.49,103.1,103.3,0.39000000000000057,0.18999999999999773,-0.20000000000000284,1.3055486052591299,0.566088591643293,-0.687711946311527
2026-01-24 03:00:00,1769223600000,103.55,103.3,103.47,0.25,0.0799999999999983,-0.1700000000000017,0.7498360890815892,0.18546402408049809,-0.5629052212427974
2026-01-24 04:00:00,1769227200000,103.49,103.4,103.37,0.0899999999999892,0.11999999999999034,0.030000000000001137,0.11473607059293085,0.3238729577396694,0.2691396125487133
2026-01-24 05:00:00,1769230800000,103.38,103.5,103.41,-0.12000000000000455,-0.030000000000001137,0.09000000000000341,-0.7188327036733521,-0.19516054348229672,0.5187530626861725
2026-01-24 06:00:00,1769234400000,103.48,103.8211,103.34,-0.3410999999999973,0.14000000000000057,0.48109999999999786,-1.5964615417222787,0.39307742456930417,2.145816735165426
2026-01-24 07:00:00,1769238000000,104.03,103.5,103.43,0.5300000000000011,0.5999999999999943,0.06999999999999318,1.8612611214366706,1.984780161650069,0.43554857930698
2026-01-24 08:00:00,1769241600000,104.23,103.9964,103.9,0.2336000000000098,0.3299999999999983,0.0963999999999885,0.684738337186545,1.0505198594504908,0.5453784973674384
2026-01-24 09:00:00,1769245200000,104.31,103.9964,103.72,0.3136000000000081,0.5900000000000034,0.2763999999999953,1.0022883464308459,1.950177928235301,1.2942188477798158
2026-01-24 10:00:00,1769248800000,104.05,103.6,103.42,0.45000000000000284,0.6299999999999955,0.1799999999999926,1.5437111121923697,2.088586861894472,0.8931732378923021
2026-01-24 11:00:00,1769252400000,103.76,102.9552,103.08,0.8048000000000002,0.6800000000000068,-0.12479999999999336,2.952045403190864,2.26159802896851,-0.3748630888058839
2026-01-24 12:00:00,1769256000000,103.56,103.0065,103.35,0.5534999999999997,0.21000000000000796,-0.3434999999999917,1.95454143665218,0.6352930584729277,-1.2847041145568812
2026-01-24 13:00:00,1769259600000,103.68,103.0065,103.35,0.6735000000000042,0.3300000000000125,-0.3434999999999917,2.4308664505186597,1.05051985945054,-1.2847041145568812
2026-01-24 14:00:00,1769263200000,103.74,103.4,103.4,0.3399999999999892,0.3399999999999892,0.0,1.1070798494813923,1.0851220928652592,0.1443328874799838
2026-01-24 15:00:00,1769266800000,103.93,103.4,103.47,0.5300000000000011,0.46000000000000796,-0.06999999999999318,1.8612611214366706,1.5003488938429206,-0.14688280434701245
2026-01-24 16:00:00,1769270400000,104.24,104.1843,104.0,0.05570000000000164,0.23999999999999488,0.18429999999999325,-0.02141349587051671,0.7390997587172816,0.9110622018188219
2026-01-24 17:00:00,1769274000000,103.41,104.1843,103.5,-0.7742999999999967,-0.09000000000000341,0.6842999999999932,-3.3159948417802023,-0.40277394397110283,2.991174286297569
2026-01-24 18:00:00,1769277600000,104.07,104.1843,103.76,-0.11430000000000007,0.30999999999998806,0.42429999999998813,-0.6962072655146774,0.981315392620856,1.9095160023685993
2026-01-24 19:00:00,1769281200000,103.94,104.1843,103.46,-0.24429999999999552,0.480000000000004,0.7242999999999995,-1.2122260305366594,1.569553360672506,3.157583253055895
2026-01-24 20:00:00,1769284800000,104.1,104.1843,103.73,-0.08429999999999893,0.36999999999999034,0.45429999999998927,-0.5771260120480575,1.1889287931096622,2.034322727437329
2026-01-24 21:00:00,1769288400000,103.83,104.1843,103.48,-0.35429999999999495,0.3499999999999943,0.7042999999999893,-1.6488572932475802,1.1197243262800765,3.0743787696767026
2026-01-24 22:00:00,1769292000000,103.81,103.66,103.37,0.15000000000000568,0.4399999999999977,0.28999999999999204,0.35289857752622705,1.4311444270132856,1.3507978964776242
2026-01-24 23:00:00,1769295600000,103.75,103.4103,103.26,0.33969999999999345,0.4899999999999949,0.15030000000000143,1.1058890369467431,1.6041555940872743,0.7696145800743012
2026-01-25 00:00:00,1769299200000,103.84,103.4103,103.41,0.42969999999999686,0.4300000000000068,0.00030000000000995897,1.4631327973466028,1.3965421935985174,0.14558095473071248
2026-01-25 01:00:00,1769302800000,104.16,104.2105,103.71,-0.050499999999999545,0.45000000000000284,0.5005000000000024,-0.44296113314233987,1.465746660428103,2.22652508404322
2026-01-25 02:00:00,1769306400000,104.39,104.2105,103.68,0.17950000000000443,0.7099999999999937,0.5304999999999893,0.46999514343506055,2.365404729212864,2.3513318091118904
2026-01-25 03:00:00,1769310000000,104.63,104.3289,103.57,0.30109999999999104,1.0600000000000023,0.7589000000000112,0.9526711574863551,3.5764828987308834,3.301527009301873
2026-01-25 04:00:00,1769313600000,104.81,104.4012,103.73,0.4087999999999994,1.0799999999999983,0.6711999999999989,1.3801728574315373,3.6456873655604687,2.9366753496842497
2026-01-25 05:00:00,1769317200000,104.58,104.4012,103.66,0.1787999999999954,0.9200000000000017,0.7412000000000063,0.46721658085413703,3.0920516309236854,3.227891041511305
2026-01-25 06:00:00,1769320800000,104.87,104.4012,103.59,0.46880000000000166,1.2800000000000011,0.8111999999999995,1.618335364364777,4.337732033856473,3.5191067333383015
2026-01-25 07:00:00,1769324400000,104.92,104.4012,103.42,0.5187999999999988,1.5,0.9812000000000012,1.8168041201424583,5.098981168982062,4.226344842061082
2026-01-25 08:00:00,1769328000000,105.22,103.2019,103.55,2.018100000000004,1.6700000000000017,-0.3481000000000023,7.768088230892361,5.687219137033663,-1.3038411457341297
2026-01-25 09:00:00,1769331600000,105.04,104.4012,103.6,0.6388000000000034,1.440000000000012,0.8012000000000086,2.2931291340089377,4.891367768493305,3.477504491648764
2026-01-25 10:00:00,1769335200000,104.88,104.4012,103.55,0.47879999999999256,1.3299999999999983,0.8512000000000057,1.6580291155202795,4.510743200930461,3.685515700096627
2026-01-25 11:00:00,1769338800000,104.78,103.52,103.51,1.2600000000000051,1.269999999999996,0.009999999999990905,4.758904955790994,4.303129800441655,0.1859351291695209
2026-01-25 12:00:00,1769342400000,104.8,103.52,103.65,1.2800000000000011,1.1499999999999915,-0.13000000000000966,4.838292458102056,3.887902999464043,-0.39649625448453074
2026-01-25 13:00:00,1769346000000,104.74,103.521,103.6,1.218999999999994,1.1400000000000006,-0.07899999999999352,4.596160576053243,3.853300766049275,-0.1843248218676313
2026-01-25 14:00:00,1769349600000,104.17,103.521,103.51,0.6490000000000009,0.6599999999999966,0.01099999999999568,2.3336167601875775,2.1923935621388755,0.19009535333849825
2026-01-25 15:00:00,1769353200000,104.32,103.521,103.46,0.7989999999999924,0.8599999999999994,0.06100000000000705,2.9290230275206204,2.8844382304348795,0.39810656178642023
2026-01-25 16:00:00,1769356800000,105.27,104.546,105.09,0.7239999999999895,0.1799999999999926,-0.5439999999999969,2.6313198938540707,0.5314863582284755,-2.1188290604328803
2026-01-25 17:00:00,1769360400000,105.89,104.66,104.87,1.230000000000004,1.019999999999996,-0.21000000000000796,4.6398237023243745,3.4380739650716627,-0.7293141880011232
2026-01-25 18:00:00,1769364000000,105.13,104.7549,104.1,0.3750999999999891,1.0300000000000011,0.654900000000012,1.246404916037332,3.47267619848648,2.868863695730297
2026-01-25 19:00:00,1769367600000,104.3,103.81,101.52,0.4899999999999949,2.780000000000001,2.2900000000000063,1.7024861168144918,9.528067046076428,9.671246234392672
2026-01-25 20:00:00,1769371200000,105.24,103.7934,104.58,1.4465999999999894,0.6599999999999966,-0.7865999999999929,5.49959035235328,2.1923935621388755,-3.1280994438219514
2026-01-25 21:00:00,1769374800000,105.54,103.7343,104.77,1.8057000000000016,0.7700000000000102,-1.0356999999999914,6.9249929563487145,2.5730181297017194,-4.164411284309258
2026-01-25 22:00:00,1769378400000,105.21,103.75,104.41,1.4599999999999937,0.7999999999999972,-0.6599999999999966,5.552779978901719,2.676824829946073,-2.601415064031948
2026-01-25 23:00:00,1769382000000,105.03,105.1036,104.85,-0.073599999999999,0.18000000000000682,0.2536000000000058,-0.5346536983116316,0.5314863582285246,1.1993657367276287
2026-01-26 00:00:00,1769385600000,106.18,106.4251,106.45,-0.24509999999999366,-0.269999999999996,-0.024900000000002365,-1.215401530629095,-1.0256141454374719,0.04074330567293234
2026-01-26 01:00:00,1769389200000,107.58,107.5945,107.68,-0.014499999999998181,-0.10000000000000853,-0.08550000000001035,-0.300063628982396,-0.4373761773859202,-0.21136627896592503
2026-01-26 02:00:00,1769392800000,108.94,108.9625,109.14,-0.022500000000007958,-0.20000000000000284,-0.17749999999999488,-0.33181862990686556,-0.7833985115338976,-0.5941069025099502
2026-01-26 03:00:00,1769396400000,108.22,108.2519,108.29,-0.03190000000000737,-0.07000000000000739,-0.03810000000000002,-0.3691307559930694,-0.3335694771415172,-0.01417165335729684
2026-01-26 04:00:00,1769400000000,108.06,108.1611,108.34,-0.10110000000000241,-0.28000000000000114,-0.17889999999999873,-0.6438115139893759,-1.0602163788522894,-0.5999312163465067
2026-01-26 05:00:00,1769403600000,107.77,107.7748,107.77,-0.004800000000003024,0.0,0.004800000000003024,-0.2615606903615429,-0.09135384323789365,0.16430196349099235
2026-01-26 06:00:00,1769407200000,107.66,107.6264,107.77,0.03359999999999275,-0.10999999999999943,-0.14359999999999218,-0.109136685924292,-0.4719784108006885,-0.4530753031822799
2026-01-26 07:00:00,1769410800000,108.38,108.4036,108.38,-0.02360000000000184,0.0,0.02360000000000184,-0.33618494253395054,-0.09135384323789365,0.24251417786738833
2026-01-26 08:00:00,1769414400000,109.34,109.2746,109.33,0.0653999999999968,0.010000000000005116,-0.05539999999999168,0.017089442750336376,-0.05675160982307625,-0.08614353148022678
2026-01-26 09:00:00,1769418000000,109.12,109.0574,109.1,0.06260000000000332,0.020000000000010232,-0.04259999999999309,0.0059751924268115104,-0.022149376408258835,-0.032892662117576715
2026-01-26 10:00:00,1769421600000,109.48,109.4776,109.57,0.0024000000000086175,-0.0899999999999892,-0.09239999999999782,-0.232981189529509,-0.40277394397105365,-0.24007182573167962
2026-01-26 11:00:00,1769425200000,109.38,109.4535,109.47,-0.07350000000000989,-0.09000000000000341,-0.01649999999999352,-0.5342567608001194,-0.40277394397110283,0.0756891886922121
2026-01-26 12:00:00,1769428800000,109.39,109.3701,109.52,0.019900000000006912,-0.12999999999999545,-0.14990000000000236,-0.16351712500732346,-0.5411828776302742,-0.4792847154467545
2026-01-26 13:00:00,1769432400000,109.11,109.0973,109.21,0.01269999999999527,-0.09999999999999432,-0.11269999999998959,-0.19209662583935738,-0.4373761773858711,-0.32452437636148257
2026-01-26 14:00:00,1769436000000,111.23,111.3352,111.25,-0.10519999999999641,-0.01999999999999602,0.08520000000000039,-0.6600859519631228,-0.1605583100674793,0.49878398667516394
2026-01-26 15:00:00,1769439600000,112.21,112.2041,112.27,0.005899999999996908,-0.060000000000002274,-0.06589999999999918,-0.21908837662511702,-0.29896724372669975,-0.12982588525431168
2026-01-26 16:00:00,1769443200000,114.31,114.2194,114.49,0.09060000000000912,-0.1799999999999926,-0.27060000000000173,0.11711769566234222,-0.7141940447042628,-0.9814237726399214
2026-01-26 17:00:00,1769446800000,117.21,117.0938,117.73,0.11619999999999209,-0.5200000000000102,-0.6362000000000023,0.21873369862045308,-1.8906699808075138,-2.5024017288107836
2026-01-26 18:00:00,1769450400000,111.14,111.1972,111.47,-0.05719999999999459,-0.3299999999999983,-0.2728000000000037,-0.469555946416531,-1.233227545926278,-0.9905762658116362
2026-01-26 19:00:00,1769454000000,107.47,107.3454,107.57,0.12460000000000093,-0.09999999999999432,-0.22459999999999525,0.2520764495911405,-0.4373761773858711,-0.7900534608678498
2026-01-26 20:00:00,1769457600000,108.47,108.4078,108.76,0.06220000000000425,-0.29000000000000625,-0.3522000000000105,0.004387442380593672,-1.0948186122671066,-1.3208980648268895
2026-01-26 21:00:00,1769461200000,104.02,103.8687,104.52,0.151299999999992,-0.5,-0.651299999999992,0.35805876517639273,-1.8214655139778788,-2.5652211137619987
2026-01-26 22:00:00,1769464800000,104.09,104.104,104.3,-0.013999999999995794,-0.20999999999999375,-0.19599999999999795,-0.2980789414246096,-0.8180007449486659,-0.6710710496356767
2026-01-26 23:00:00,1769468400000,106.77,106.6225,106.92,0.14749999999999375,-0.15000000000000568,-0.29749999999999943,0.34297513973729504,-0.6103873444599089,-1.0933338027848685
2026-01-27 00:00:00,1769472000000,106.2,106.1055,106.32,0.09449999999999648,-0.11999999999999034,-0.2144999999999868,0.13259825861295205,-0.5065806442154567,-0.748035196761344
2026-01-27 01:00:00,1769475600000,110.15,110.0418,110.29,0.10820000000001073,-0.14000000000000057,-0.2482000000000113,0.18697869769609632,-0.5757851110450916,-0.8882347512553134
2026-01-27 02:00:00,1769479200000,110.4,110.3454,110.49,0.05460000000000775,-0.0899999999999892,-0.14459999999999695,-0.02577980849760166,-0.40277394397105365,-0.4572355273512573
2026-01-27 03:00:00,1769482800000,109.86,109.6982,109.94,0.1617999999999995,-0.0799999999999983,-0.2417999999999978,0.3997372038897379,-0.3681717105562854,-0.8616093165739293
2026-01-27 04:00:00,1769486400000,108.2,108.0588,108.27,0.14119999999999777,-0.06999999999999318,-0.21119999999999095,0.3179680765093218,-0.333569477141468,-0.7343064570038015
2026-01-27 05:00:00,1769490000000,109.95,109.9383,110.02,0.011700000000004707,-0.06999999999999318,-0.08169999999999789,-0.19606600095487375,-0.333569477141468,-0.1955574271238347
2026-01-27 06:00:00,1769493600000,109.94,109.8344,109.93,0.10559999999999548,0.009999999999990905,-0.09560000000000457,0.17665832239559576,-0.056751609823125417,-0.2533845430723717
2026-01-27 07:00:00,1769497200000,112.62,112.4949,112.69,0.12510000000000332,-0.06999999999999318,-0.1950999999999965,0.2540611371489269,-0.333569477141468,-0.6673268478836089
2026-01-27 08:00:00,1769500800000,111.32,111.2041,111.5,0.11589999999999634,-0.18000000000000682,-0.29590000000000316,0.2175428860858038,-0.714194044704312,-1.086677444114552
2026-01-27 09:00:00,1769504400000,112.55,112.3479,112.7,0.2021000000000015,-0.15000000000000568,-0.3521000000000072,0.5597030210465659,-0.6103873444599089,-1.32048204240998
2026-01-27 10:00:00,1769508000000,112.41,112.3028,112.5,0.10719999999999175,-0.09000000000000341,-0.19719999999999516,0.18300932258046712,-0.40277394397110283,-0.676063318638414
2026-01-27 11:00:00,1769511600000,111.64,111.5062,111.61,0.1337999999999937,0.030000000000001137,-0.10379999999999256,0.28859470065420717,0.0124528570065094,-0.2874983812577732
2026-01-27 12:00:00,1769515200000,111.08,110.9965,111.16,0.0835000000000008,-0.0799999999999983,-0.1634999999999991,0.08893513234187687,-0.3681717105562854,-0.5358637641445628
2026-01-27 13:00:00,1769518800000,111.96,111.8611,112.05,0.09890000000000043,-0.09000000000000341,-0.18890000000000384,0.15006350912140468,-0.40277394397110283,-0.641533458036103
2026-01-27 14:00:00,1769522400000,106.72,106.3073,106.7,0.41270000000000095,0.01999999999999602,-0.39270000000000493,1.3956534203822035,-0.022149376408308007,-1.4893871436696449
2026-01-27 15:00:00,1769526000000,108.43,108.3002,108.48,0.12980000000000302,-0.04999999999999716,-0.17980000000000018,0.27271720019202883,-0.26436501031188236,-0.6036754180985745
2026-01-27 16:00:00,1769529600000,107.96,107.9239,108.07,0.03609999999999047,-0.10999999999999943,-0.1460999999999899,-0.0992132481354164,-0.4719784108006885,-0.4634758636046642
2026-01-27 17:00:00,1769533200000,106.6,106.6187,106.6,-0.01870000000000971,0.0,0.01870000000000971,-0.3167350044677679,-0.09135384323789365,0.22212907943952934
2026-01-27 18:00:00,1769536800000,107.93,107.9536,108.0,-0.02359999999998763,-0.06999999999999318,-0.04640000000000555,-0.33618494253389414,-0.333569477141468,-0.04870151395966703
2026-01-27 19:00:00,1769540400000,109.4,109.3738,109.42,0.026200000000002888,-0.01999999999999602,-0.04619999999999891,-0.1385100617793502,-0.1605583100674793,-0.04786946912584791
2026-01-27 20:00:00,1769544000000,112.17,112.1592,112.03,0.010800000000003251,0.14000000000000057,0.12919999999999732,-0.199638438558878,0.39307742456930417,0.6818338501092809
2026-01-27 21:00:00,1769547600000,112.16,112.077,112.09,0.08299999999999841,0.06999999999999318,-0.01300000000000523,0.08695044478409047,0.15086179066568067,0.09024997328351461
2026-01-27 22:00:00,1769551200000,112.37,111.4791,112.27,0.890900000000002,0.10000000000000853,-0.7908999999999935,3.293808600640057,0.2546684909101329,-3.1459884077484714
2026-01-27 23:00:00,1769554800000,112.88,112.858,112.93,0.02199999999999136,-0.05000000000001137,-0.07200000000000273,-0.1551814372647221,-0.26436501031193155,-0.15520325268496715
2026-01-28 00:00:00,1769558400000,113.47,113.4711,113.59,-0.0011000000000080945,-0.12000000000000455,-0.11889999999999645,-0.2468740024340138,-0.5065806442155059,-0.3503177662090476
2026-01-28 01:00:00,1769562000000,113.24,113.1237,113.37,0.11629999999999541,-0.13000000000000966,-0.24630000000000507,0.21913063613202166,-0.5411828776303232,-0.8803303253342682
2026-01-28 02:00:00,1769565600000,114.56,114.4992,114.67,0.06080000000000041,-0.10999999999999943,-0.17079999999999984,-0.0011696827811969654,-0.4719784108006885,-0.5662334005779557
2026-01-28 03:00:00,1769569200000,114.84,114.8109,114.84,0.02909999999999968,0.0,-0.02909999999999968,-0.12699887394425677,-0.09135384323789365,0.02327036416332203
2026-01-28 04:00:00,1769572800000,115.85,115.7518,115.8,0.0981999999999914,0.04999999999999716,-0.04819999999999425,0.14728494654048116,0.08165732383609504,-0.05618991746374351
2026-01-28 05:00:00,1769576400000,115.42,115.3372,115.45,0.08280000000000598,-0.030000000000001137,-0.11280000000000712,0.08615656976100977,-0.19516054348229672,-0.3249403987784512
2026-01-28 06:00:00,1769580000000,115.27,115.1749,115.24,0.09510000000000218,0.030000000000001137,-0.06510000000000105,0.134979883682307,0.0124528570065094,-0.12649770591915344
2026-01-28 07:00:00,1769583600000,114.8,114.7765,114.79,0.023499999999998522,0.009999999999990905,-0.013500000000007617,-0.14922737459136293,-0.056751609823125417,0.08816986119902594
2026-01-28 08:00:00,1769587200000,113.98,113.9067,113.96,0.07330000000000325,0.020000000000010232,-0.05329999999999302,0.0484475061632374,-0.022149376408258835,-0.07740706072542163
2026-01-28 09:00:00,1769590800000,113.07,113.0345,113.06,0.03549999999999898,0.009999999999990905,-0.025500000000008072,-0.10159487320471497,-0.056751609823125417,0.0382471711715341
2026-01-28 10:00:00,1769594400000,113.01,112.9888,113.0,0.021200000000007435,0.010000000000005116,-0.01120000000000232,-0.15835693735710138,-0.05675160982307625,0.09773837678765021
2026-01-28 11:00:00,1769598000000,112.53,112.5544,112.47,-0.024399999999999977,0.060000000000002274,0.08440000000000225,-0.3393604426263862,0.11625955725091244,0.49545580734000566
2026-01-28 12:00:00,1769601600000,113.59,113.4962,113.55,0.09380000000000166,0.04000000000000625,-0.05379999999999541,0.12981969603208493,0.04705509042132681,-0.0794871728099103
2026-01-28 13:00:00,1769605200000,114.16,114.078,114.1,0.08199999999999363,0.060000000000002274,-0.02199999999999136,0.08298106966851768,0.11625955725091244,0.05280795576295486
2026-01-28 14:00:00,1769608800000,114.97,115.0635,115.04,-0.09350000000000591,-0.07000000000000739,0.023499999999998522,-0.6136442631111806,-0.3335694771415172,0.24209815545047877
2026-01-28 15:00:00,1769612400000,113.19,113.1982,113.2,-0.008200000000002206,-0.010000000000005116,-0.0018000000000029104,-0.2750565657544227,-0.12595607665271108,0.1368444839758482
2026-01-28 16:00:00,1769616000000,114.71,114.6412,114.72,0.06879999999999598,-0.010000000000005116,-0.07880000000000109,0.030585318143216206,-0.12595607665271108,-0.18349277703387132
2026-01-28 17:00:00,1769619600000,114.23,114.157,114.12,0.0730000000000075,0.10999999999999943,0.03699999999999193,0.04725669362858812,0.28927072432490114,0.2982611817313775
2026-01-28 18:00:00,1769623200000,111.79,111.6193,111.71,0.17070000000001073,0.0800000000000125,-0.09069999999999823,0.43506464241821174,0.18546402408054727,-0.23299944464445357
2026-01-28 19:00:00,1769626800000,114.49,114.473,114.52,0.016999999999995907,-0.030000000000001137,-0.046999999999997044,-0.1750283128424733,-0.19516054348229672,-0.05119764846100615
2026-01-28 20:00:00,1769630400000,116.48,116.4784,116.57,0.001600000000010482,-0.0899999999999892,-0.09159999999999968,-0.2361566896219447,-0.40277394397105365,-0.23674364639652137
2026-01-28 21:00:00,1769634000000,116.61,116.3709,116.6,0.23909999999999343,0.010000000000005116,-0.2290999999999883,0.7065699003220262,-0.05675160982307625,-0.8087744696281296
2026-01-28 22:00:00,1769637600000,116.86,116.2985,116.68,0.5614999999999952,0.1799999999999926,-0.3815000000000026,1.9862964375765932,0.5314863582284755,-1.4427926329773113
2026-01-28 23:00:00,1769641200000,117.85,117.7582,117.79,0.09179999999999211,0.05999999999998806,-0.03180000000000405,0.12188094580093933,0.11625955725086327,0.012037758907118633
2026-01-29 00:00:00,1769644800000,118.0,117.8274,117.98,0.17260000000000275,0.01999999999999602,-0.15260000000000673,0.44260645513773234,-0.022149376408308007,-0.4905173207029579
2026-01-29 01:00:00,1769648400000,117.99,117.98,118.04,0.009999999999990905,-0.05000000000001137,-0.060000000000002274,-0.2028139386513701,-0.26436501031193155,-0.10528056265747533
2026-01-29 02:00:00,1769652000000,117.74,117.6487,117.67,0.09129999999998972,0.06999999999999318,-0.021299999999996544,0.11989625824315293,0.15086179066568067,0.05572011268120354
2026-01-29 03:00:00,1769655600000,117.47,117.3739,117.43,0.09609999999999275,0.03999999999999204,-0.056100000000000705,0.13894925879782338,0.04705509042127764,-0.08905568839853457
2026-01-29 04:00:00,1769659200000,118.47,118.441,118.43,0.028999999999996362,0.03999999999999204,0.01099999999999568,-0.12739581145582535,0.04705509042127764,0.19009535333849825
2026-01-29 05:00:00,1769662800000,118.35,118.2659,118.24,0.08409999999999229,0.10999999999999943,0.02590000000000714,0.09131675741117544,0.28927072432490114,0.2520826934560126
2026-01-29 06:00:00,1769666400000,119.11,119.1075,119.06,0.0024999999999977263,0.04999999999999716,0.04749999999999943,-0.23258425201799685,0.08165732383609504,0.3419435355054624
2026-01-29 07:00:00,1769670000000,119.13,119.0791,118.76,0.05089999999999861,0.36999999999999034,0.3190999999999917,-0.040466496425187175,1.1889287931096622,1.471860419794286
